icao,iata,name,city,country,latitude,longitude,timezone
06N7,NYS,New York Skyports Seaplane Base,New York,US,40.73399083,-73.97291638,America/New_York
19AK,ICY,Icy Bay Airport,Icy Bay,US,59.96900177,-141.662002563,America/Anchorage
2AK6,HGZ,Hog River Airport,Hogatza,US,66.2161026,-155.6690063,America/Anchorage
38WA,BYW,Blakely Island Airport,Blakely Island,US,48.5789985657,-122.825996399,America/Los_Angeles
3IS8,BDF,Rinkenberger Restricted Landing Area,Bradford,US,41.2308998108,-89.6156997681,America/Chicago
65LA,BCS,Southern Seaplane Airport,Belle Chasse,US,29.8661003113,-90.0222015381,America/Chicago
7NC2,DUF,Pine Island Airport,Corolla,US,36.2535018921,-75.7884979248,America/New_York
82CL,FOB,Fort Bragg Airport,Fort Bragg,US,39.4743003845,-123.79599762,America/Los_Angeles
AGAF,AFT,Afutara Aerodrome,Bila,SB,-9.1913888889,160.948611111,Pacific/Guadalcanal
AGAR,RNA,Ulawa Airport,Arona,SB,-9.8605435826,161.979546547,Pacific/Guadalcanal
AGAT,ATD,Uru Harbour Airport,Atoifi,SB,-8.8733301163,161.0110015869,Pacific/Guadalcanal
AGBA,VEV,Barakoma Airport,Barakoma,SB,-7.912779808,156.7059936523,Pacific/Guadalcanal
AGBT,BPF,Batuna Aerodrome,Batuna Mission Station,SB,-8.5620277778,158.119305556,Pacific/Guadalcanal
AGEV,GEF,Geva Airport,Liangia,SB,-7.5758299828,156.5970001221,Pacific/Guadalcanal
AGGA,AKS,Auki Airport,Auki,SB,-8.7025699616,160.682006836,Pacific/Guadalcanal
AGGB,BNY,Bellona/Anua Airport,Anua,SB,-11.3022222222,159.798333333,Pacific/Guadalcanal
AGGC,CHY,Choiseul Bay Airport,Unknown,SB,-6.711944,156.396111,Pacific/Guadalcanal
AGGE,BAS,Ballalae Airport,Ballalae,SB,-6.990745,155.886656,Pacific/Guadalcanal
AGGF,FRE,Fera/Maringe Airport,Fera Island,SB,-8.1075000763,159.5769958496,Pacific/Guadalcanal
AGGH,HIR,Honiara International Airport,Honiara,SB,-9.4280004501,160.0549926758,Pacific/Guadalcanal
AGGI,MBU,Babanakira Airport,Mbambanakira,SB,-9.7475004196,159.8390045166,Pacific/Guadalcanal
AGGJ,AVU,Avu Avu Airport,Unknown,SB,-9.8683333333,160.410555556,Pacific/Guadalcanal
AGGK,IRA,Ngorangora Airport,Kirakira,SB,-10.4497003555,161.8979949951,Pacific/Guadalcanal
AGGL,SCZ,Santa Cruz/Graciosa Bay/Luova Airport,Santa Cruz/Graciosa Bay/Luova,SB,-10.7202997208,165.7949981689,Pacific/Guadalcanal
AGGM,MUA,Munda Airport,Unknown,SB,-8.3279695511,157.2630004883,Pacific/Guadalcanal
AGGN,GZO,Nusatupe Airport,Gizo,SB,-8.0977802277,156.863998413,Pacific/Guadalcanal
AGGO,MNY,Mono Airport,Stirling Island,SB,-7.4169402122,155.5650024414,Pacific/Guadalcanal
AGGP,PRS,Parasi Airport,Parasi,SB,-9.6416702271,161.4250030518,Pacific/Guadalcanal
AGGR,RNL,Rennell/Tingoa Airport,Rennell Island,SB,-11.5339002609,160.06300354,Pacific/Guadalcanal
AGGS,EGM,Sege Airport,Sege,SB,-8.5788898468,157.8760070801,Pacific/Guadalcanal
AGGT,NNB,Santa Ana Airport,Santa Ana Island,SB,-10.847994,162.454108,Pacific/Guadalcanal
AGGU,RUS,Marau Airport,Marau,SB,-9.8616695404,160.824996948,Pacific/Guadalcanal
AGGV,VAO,Suavanao Airport,Suavanao,SB,-7.585559845,158.7310028076,Pacific/Guadalcanal
AGGY,XYA,Yandina Airport,Yandina,SB,-9.092816,159.21841,Pacific/Guadalcanal
AGKG,KGE,Kagau Island Airport,Kagau Island,SB,-7.3330001831,157.5829925537,Pacific/Guadalcanal
AGKW,KWS,Kwailabesi Airport,Kwailabesi,SB,-8.360508,160.775127,Pacific/Guadalcanal
AGOK,GTA,Gatokae Airport,Gatokae,SB,-8.739167,158.203056,Pacific/Guadalcanal
AGRC,RIN,Ringi Cove Airport,Ringi Cove,SB,-8.1263904572,157.1430053711,Pacific/Guadalcanal
AGRM,RBV,Ramata Airport,Ramata,SB,-8.1680603027,157.6430053711,Pacific/Guadalcanal
AK13,CEX,Chena Hot Springs Airport,Chena Hot Springs,US,65.0518035889,-146.04699707,America/Anchorage
AK33,HED,Herendeen Bay Airport,Herendeen Bay,US,55.801399231,-160.899002075,America/Anchorage
AK49,TWE,Taylor Airport,Taylor,US,65.6792984009,-164.798995972,America/Nome
AK75,CDL,Candle 2 Airport,Candle,US,65.907699585,-161.925994873,America/Anchorage
AK97,BSW,Boswell Bay Airport,Boswell Bay,US,60.4230995178,-146.145996094,America/Anchorage
ANYN,INU,Nauru International Airport,Yaren District,NR,-0.547458,166.919006,Pacific/Nauru
AYAF,AFR,Afore Airstrip,Afore,PG,-9.14222,148.39083,Pacific/Port_Moresby
AYAI,ATP,Aitape Airport,Aitape,PG,-3.1436111111,142.346805556,Pacific/Port_Moresby
AYAM,AMU,Amanab Airport,Amanab,PG,-3.586,141.214333333,Pacific/Port_Moresby
AYAN,ADC,Andakombe Airport,Andekombe,PG,-7.1372222222,145.744722222,Pacific/Port_Moresby
AYAO,AIE,Aiome Airport,Aiome,PG,-5.145699978,144.7307003,Pacific/Port_Moresby
AYAQ,KPM,Kompiam Airport,Unknown,PG,-5.3816666667,143.924722222,Pacific/Port_Moresby
AYAT,AUJ,Ambunti Airport,Ambunti,PG,-4.2156666667,142.823166667,Pacific/Port_Moresby
AYAW,AWB,Awaba Airport,Awaba,PG,-8.0061101914,142.748352051,Pacific/Port_Moresby
AYAY,AYU,Aiyura Airport,Aiyura Valley,PG,-6.3380555556,145.904166667,Pacific/Port_Moresby
AYBA,VMU,Baimuru Airport,Baimuru,PG,-7.4968600273,144.819900513,Pacific/Port_Moresby
AYBG,BDZ,Baindoung Airport,Unknown,PG,-6.3472222222,146.942222222,Pacific/Port_Moresby
AYBK,BUA,Buka Airport,Buka Island,PG,-5.4223198891,154.6730041504,Pacific/Bougainville
AYBL,BAA,Bialla Airport,Bialla,PG,-5.329445,151.006128,Pacific/Port_Moresby
AYBM,OPU,Balimo Airport,Balimo,PG,-8.0500001907,142.932998657,Pacific/Port_Moresby
AYBU,BUL,Bulolo Airport,Bulolo,PG,-7.2162866714,146.649541855,Pacific/Port_Moresby
AYCG,CGC,Cape Gloucester Airport,Cape Gloucester,PG,-5.455122,148.423082,Pacific/Port_Moresby
AYCH,CMU,Chimbu Airport,Kundiawa,PG,-6.0242900848,144.970993042,Pacific/Port_Moresby
AYDA,DAO,Dahamo Airstrip,Dabo,PG,-5.753194,141.993611,Pacific/Port_Moresby
AYDB,DBP,Debepare Airport,Debepare,PG,-6.308611,141.905556,Pacific/Port_Moresby
AYDE,DER,Derim Airport,Derim,PG,-6.1447222222,147.107222222,Pacific/Port_Moresby
AYDU,DAU,Daru Airport,Daru,PG,-9.0867595673,143.207992554,Pacific/Port_Moresby
AYED,XYR,Edwaki Airport,Yellow River Mission,PG,-3.883986,141.792234,Pacific/Port_Moresby
AYFA,FNE,Fane Airport,Fane Mission,PG,-8.5492777778,147.085833333,Pacific/Port_Moresby
AYFI,FIN,Finschhafen Airport,Buki,PG,-6.621750109,147.85405,Pacific/Port_Moresby
AYFR,FAQ,Frieda River Airport,Frieda River,PG,-4.610468,141.960138,Pacific/Port_Moresby
AYGA,GKA,Goroka Airport,Goronka,PG,-6.0816898346,145.391998291,Pacific/Port_Moresby
AYGG,GRL,Garasa Airport,Au,PG,-7.980713,147.213461,Pacific/Port_Moresby
AYGI,GAR,Garaina Airport,Garaina,PG,-7.8756250275,147.141265869,Pacific/Port_Moresby
AYGN,GUR,Gurney Airport,Gurney,PG,-10.3114995956,150.333999634,Pacific/Port_Moresby
AYGP,GAP,Gusap Airport,Gusap,PG,-6.053196,145.959047,Pacific/Port_Moresby
AYGR,PNP,Girua Airport,Popondetta,PG,-8.8045396805,148.309005737,Pacific/Port_Moresby
AYGT,GMI,Gasmata Island Airport,Gasmata Island,PG,-6.2711100578,150.330993652,Pacific/Port_Moresby
AYGV,GVI,Green River Airport,Green River,PG,-3.9022428989,141.170516968,Pacific/Port_Moresby
AYHK,HKN,Kimbe Airport,Hoskins,PG,-5.4621701241,150.4049987793,Pacific/Port_Moresby
AYIQ,KIE,Aropa Airport,Kieta,PG,-6.305,155.727778,Pacific/Bougainville
AYKA,LSA,Losuia Airport,Losuia,PG,-8.5058202744,151.0809936523,Pacific/Port_Moresby
AYKB,KBM,Kabwum,Unknown,PG,-6.1554722222,147.191472222,Pacific/Port_Moresby
AYKC,KDR,Kandrian Airport,Kandrian,PG,-6.2659,149.5581,Pacific/Port_Moresby
AYKI,UNG,Kiunga Airport,Kiunga,PG,-6.1257100105,141.2819976807,Pacific/Port_Moresby
AYKK,KRI,Kikori Airport,Kikori,PG,-7.4243798256,144.2500762939,Pacific/Port_Moresby
AYKM,KMA,Kerema Airport,Kerema,PG,-7.9636101723,145.770996094,Pacific/Port_Moresby
AYKO,KKD,Kokoda Airport,Kokoda,PG,-8.8846788406,147.730957031,Pacific/Port_Moresby
AYKT,KZF,Kaintiba Airport,Kaintiba,PG,-7.50025,146.033833333,Pacific/Port_Moresby
AYKU,KUQ,Kuri Airport,Kuri,PG,-7.135083,143.276111,Pacific/Port_Moresby
AYKV,KVG,Kavieng Airport,Kavieng,PG,-2.5794000626,150.807998657,Pacific/Port_Moresby
AYKW,KWO,Kawito Airport,Kawito,PG,-7.9770069122,142.823577881,Pacific/Port_Moresby
AYKY,LNV,Londolovit Airport,Londolovit,PG,-3.043610096,152.628997803,Pacific/Port_Moresby
AYLM,LMY,Lake Murray Airport,Lake Murray,PG,-7.0099201202,141.494003296,Pacific/Port_Moresby
AYLU,LMI,Lumi Airport,Lumi,PG,-3.4768395113,142.041292191,Pacific/Port_Moresby
AYMC,MYX,Menyamya Airport,Menyamya,PG,-7.2116666667,146.019361111,Pacific/Port_Moresby
AYMD,MAG,Madang Airport,Madang,PG,-5.2070798874,145.789001465,Pacific/Port_Moresby
AYMH,HGU,Mount Hagen Kagamuga Airport,Mount Hagen,PG,-5.826789856,144.296005249,Pacific/Port_Moresby
AYMI,MXK,Mindik Airport,Mindik,PG,-6.4716666667,147.441138889,Pacific/Port_Moresby
AYML,GUV,Mougulu Airport,Mougulu,PG,-6.280859,142.420775,Pacific/Port_Moresby
AYMN,MDU,Mendi Airport,Unknown,PG,-6.1477398872,143.6569976807,Pacific/Port_Moresby
AYMO,MAS,Momote Airport,Unknown,PG,-2.0618898869,147.4239959717,Pacific/Port_Moresby
AYMR,MXH,Moro Airport,Moro,PG,-6.3633298874,143.238006592,Pacific/Port_Moresby
AYMS,MIS,Misima Island Airport,Misima Island,PG,-10.6892004013,152.837997437,Pacific/Port_Moresby
AYNE,GBF,Negarbo(Negabo) Airport,Negarbo,PG,-6.567778,144.703058,Pacific/Port_Moresby
AYNG,MFO,Manguna Airport,Manguna,PG,-5.577778,151.792333,Pacific/Port_Moresby
AYNU,UKU,Nuku Airport,Nuku,PG,-3.676651,142.484334,Pacific/Port_Moresby
AYNZ,LAE,Lae Nadzab Airport,Nadzab,PG,-6.5698299408,146.725997925,Pacific/Port_Moresby
AYOG,OGE,Ogeranang Airport,Unknown,PG,-6.46675,147.364166667,Pacific/Port_Moresby
AYOM,OSE,Omora Airport,Omora,PG,-7.8277777778,147.080638889,Pacific/Port_Moresby
AYPD,PDI,Pindiu Airport,Pindiu,PG,-6.4451388889,147.515833333,Pacific/Port_Moresby
AYPY,POM,Port Moresby Jacksons International Airport,Port Moresby,PG,-9.4433803558,147.2200012207,Pacific/Port_Moresby
AYQA,KRJ,Karawari Airstrip,Unknown,PG,-4.5966666667,143.5225,Pacific/Port_Moresby
AYRG,RMN,Rumginae Airport,Unknown,PG,-5.8972222222,141.271666667,Pacific/Port_Moresby
AYRI,KMR,Karimui Airport,Karimui,PG,-6.4921,144.823,Pacific/Port_Moresby
AYSA,SBE,Suabi Airport,Unknown,PG,-6.1044444444,142.278333333,Pacific/Port_Moresby
AYSE,NIS,Simberi Airport,Simberi Island,PG,-2.6622222222,151.997777778,Pacific/Port_Moresby
AYSG,SIL,Sila Airport,Sila Mission,PG,-9.0735555556,148.38925,Pacific/Port_Moresby
AYSJ,SIM,Simbai Airport,Simbai,PG,-5.2786111111,144.544722222,Pacific/Port_Moresby
AYSS,TDS,Sasereme Airport,Sasereme,PG,-7.622778,142.868889,Pacific/Port_Moresby
AYSU,SKC,Suki Airport,Suki,PG,-8.0466,141.7222,Pacific/Port_Moresby
AYTA,TIZ,Tari Airport,Tari,PG,-5.8449997902,142.947998047,Pacific/Port_Moresby
AYTB,TBG,Tabubil Airport,Tabubil,PG,-5.2786102295,141.2259979248,Pacific/Port_Moresby
AYTE,TFM,Telefomin Airport,Telefomin,PG,-5.1260804642,141.641921997,Pacific/Port_Moresby
AYTI,TPI,Tapini Airport,Tapini,PG,-8.3566666667,146.989166667,Pacific/Port_Moresby
AYTJ,TAJ,Tadji Airport,Aitape,PG,-3.1981918035,142.430963516,Pacific/Port_Moresby
AYTK,RAB,Tokua Airport,Tokua,PG,-4.3404598236,152.380004883,Pacific/Port_Moresby
AYTN,TKW,Tekin Airport,Tekin,PG,-5.2436666667,142.165194444,Pacific/Port_Moresby
AYTU,TFI,Tufi Airport,Tufi,PG,-9.0759544373,149.319839478,Pacific/Port_Moresby
AYVN,VAI,Vanimo Airport,Unknown,PG,-2.6971700191,141.3020019531,Pacific/Port_Moresby
AYWB,WAO,Wabo Airport,Wabo,PG,-6.9894444444,145.075111111,Pacific/Port_Moresby
AYWD,WBM,Wapenamanda Airport,Unknown,PG,-5.6433000565,143.8950042725,Pacific/Port_Moresby
AYWG,AGL,Wanigela Airport,Unknown,PG,-9.3375,149.155555556,Pacific/Port_Moresby
AYWK,WWK,Wewak International Airport,Wewak,PG,-3.5838301182,143.669006348,Pacific/Port_Moresby
AYWO,WOA,Wonenara Airport,Wonenara,PG,-6.7968611111,145.891944444,Pacific/Port_Moresby
AYWS,WSU,Wasu Airport,Wasu,PG,-5.9617094492,147.19822526,Pacific/Port_Moresby
AYWT,WTP,Woitape Airport,Fatima Mission,PG,-8.5458333333,147.2525,Pacific/Port_Moresby
AYWU,WUG,Wau Airport,Wau,PG,-7.3455555556,146.718611111,Pacific/Port_Moresby
BGAA,JEG,Aasiaat Airport,Aasiaat,GL,68.7218017578,-52.7846984863,America/Nuuk
BGBW,UAK,Narsarsuaq Airport,Narsarsuaq,GL,61.1604995728,-45.4259986877,America/Nuuk
BGCO,CNP,Neerlerit Inaat Airport,Neerlerit Inaat,GL,70.7431030273,-22.6504993439,America/Scoresbysund
BGGH,GOH,Godthaab / Nuuk Airport,Nuuk,GL,64.19090271,-51.6781005859,America/Nuuk
BGJN,JAV,Ilulissat Airport,Ilulissat,GL,69.2432022095,-51.0570983887,America/Nuuk
BGKK,KUS,Kulusuk Airport,Kulusuk,GL,65.573600769,-37.1236000061,America/Nuuk
BGMQ,JSU,Maniitsoq Airport,Maniitsoq,GL,65.4124984741,-52.9393997192,America/Nuuk
BGPT,JFR,Paamiut Airport,Paamiut,GL,62.0147361755,-49.6709365845,America/Nuuk
BGQQ,NAQ,Qaanaaq Airport,Qaanaaq,GL,77.4886016846,-69.3887023926,America/Thule
BGSF,SFJ,Kangerlussuaq Airport,Kangerlussuaq,GL,67.0122218992,-50.7116031647,America/Nuuk
BGSS,JHS,Sisimiut Airport,Sisimiut,GL,66.9513015747,-53.7293014526,America/Nuuk
BGTL,THU,Thule Air Base,Thule,GL,76.5311965942,-68.7032012939,America/Thule
BGUK,JUV,Upernavik Airport,Upernavik,GL,72.7901992798,-56.1305999756,America/Nuuk
BGUQ,JQA,Qaarsut Airport,Uummannaq,GL,70.7341995239,-52.6962013245,America/Nuuk
BIAR,AEY,Akureyri Airport,Akureyri,IS,65.6600036621,-18.0727005005,Atlantic/Reykjavik
BIBD,BIU,Bildudalur Airport,Bildudalur,IS,65.6412963867,-23.5461997986,Atlantic/Reykjavik
BIBF,BGJ,Borgarfjordur eystri Airport,Borgarfjordur eystri,IS,65.5164031982,-13.8050003052,Atlantic/Reykjavik
BIBK,BJD,Bakkafjordur Airport,Bakkafjordur,IS,66.0218963623,-14.8243999481,Atlantic/Reykjavik
BIBL,BLO,Hjaltabakki Airport,Blonduos,IS,65.6449966431,-20.2875003815,Atlantic/Reykjavik
BIBR,BQD,Budardalur Airport,Budardalur,IS,65.075302124,-21.8003005981,Atlantic/Reykjavik
BIBV,BXV,Breiddalsvik Airport,Breiddalsvik,IS,64.7900009155,-14.0228004456,Atlantic/Reykjavik
BIDV,DJU,Djupivogur Airport,Djupivogur,IS,64.644203186,-14.2827997208,Atlantic/Reykjavik
BIEG,EGS,Egilsstadir Airport,Egilsstadir,IS,65.2833023071,-14.4013996124,Atlantic/Reykjavik
BIFF,FAS,Faskrudsfjordur Airport,Faskrudsfjordur,IS,64.9317016602,-14.0606002808,Atlantic/Reykjavik
BIFM,FAG,Fagurholsmyri Airport,Fagurholsmyri,IS,63.8746986389,-16.6410999298,Atlantic/Reykjavik
BIGF,GUU,Grundarfjordur Airport,Grundarfjordur,IS,64.9914016724,-23.2247009277,Atlantic/Reykjavik
BIGJ,GJR,Gjogur Airport,Gjogur,IS,65.995300293,-21.3269004822,Atlantic/Reykjavik
BIGR,GRY,Grimsey Airport,Grimsey,IS,66.5458,-18.0173,Atlantic/Reykjavik
BIHK,HVK,Holmavik Airport,Holmavik,IS,65.7046966553,-21.6963996887,Atlantic/Reykjavik
BIHN,HFN,Hornafjordur Airport,Hornafjordur,IS,64.2956008911,-15.2271995544,Atlantic/Reykjavik
BIHT,FLI,Holt Airport,Flateyri,IS,66.0141804294,-23.4416913986,Atlantic/Reykjavik
BIHU,HZK,Husavik Airport,Husavik,IS,65.9523010254,-17.4260005951,Atlantic/Reykjavik
BIHV,HVM,Krokstadarmelar Airport,Hvammstangi,IS,65.2664031982,-20.8469009399,Atlantic/Reykjavik
BIID,HLO,Ingjaldssandur Airport,Onundarfjordur,IS,66.0500030518,-23.696100235,Atlantic/Reykjavik
BIIS,IFJ,Isafjordur Airport,Isafjordur,IS,66.0580978394,-23.1352996826,Atlantic/Reykjavik
BIKF,KEF,Keflavik International Airport,Reykjavik,IS,63.9850006104,-22.6056003571,Atlantic/Reykjavik
BIKP,OPA,Kopasker Airport,Kopasker,IS,66.310798645,-16.4666996002,Atlantic/Reykjavik
BIKR,SAK,Saudarkrokur Airport,Saudarkrokur,IS,65.7316970825,-19.5727996826,Atlantic/Reykjavik
BINF,NOR,Nordfjordur Airport,Nordfjordur,IS,65.1318969727,-13.7463998795,Atlantic/Reykjavik
BIOF,OFJ,Olafsfjordur Airport,Olafsfjordur,IS,66.0832977295,-18.6667003632,Atlantic/Reykjavik
BIPA,PFJ,Patreksfjordur Airport,Patreksfjordur,IS,65.5558013916,-23.9650001526,Atlantic/Reykjavik
BIRE,RHA,Reykholar Airport,Reykholar,IS,65.4526290894,-22.2061157227,Atlantic/Reykjavik
BIRF,OLI,Rif Airport,Rif,IS,64.9113998413,-23.8230991364,Atlantic/Reykjavik
BIRG,RFN,Raufarhofn Airport,Raufarhofn,IS,66.4064025879,-15.918299675,Atlantic/Reykjavik
BIRK,RKV,Reykjavik Airport,Reykjavik,IS,64.1299972534,-21.9405994415,Atlantic/Reykjavik
BIRL,MVA,Reykjahlid Airport,Myvatn,IS,65.6557998657,-16.9181003571,Atlantic/Reykjavik
BISI,SIJ,Siglufjordur Airport,Siglufjordur,IS,66.1333007813,-18.9167003632,Atlantic/Reykjavik
BIST,SYK,Stykkisholmur Airport,Stykkisholmur,IS,65.0580978394,-22.7942008972,Atlantic/Reykjavik
BITE,TEY,Tingeyri Airport,Tingeyri,IS,65.870300293,-23.5599994659,Atlantic/Reykjavik
BITN,THO,Thorshofn Airport,Thorshofn,IS,66.21849823,-15.3355998993,Atlantic/Reykjavik
BIVM,VEY,Vestmannaeyjar Airport,Vestmannaeyjar,IS,63.4243011475,-20.2789001465,Atlantic/Reykjavik
BIVO,VPN,Vopnafjordur Airport,Vopnafjordur,IS,65.7205963135,-14.8506002426,Atlantic/Reykjavik
BKPR,PRN,Pristina International Airport,Prishtina,KS,42.5727996826,21.0358009338,Europe/Belgrade
CAD4,YZZ,Trail Airport,Trail,CA,49.0555992126,-117.60900116,America/Vancouver
CAJ4,YAA,Anahim Lake Airport,Anahim Lake,CA,52.4524993896,-125.3030014038,America/Vancouver
CAL3,DGF,Douglas Lake Airport,Douglas Lake,CA,50.1654600485,-120.171273351,America/Vancouver
CAL4,JHL,Fort MacKay/Albian Aerodrome,Albian Village,CA,57.2238998413,-111.418998718,America/Edmonton
CAM3,DUQ,Duncan Airport,Duncan,CA,48.7545336204,-123.709702492,America/Vancouver
CBBC,ZEL,Bella Bella (Campbell Island) Airport,Bella Bella,CA,52.1850013733,-128.1569976807,America/Vancouver
CBW4,YBO,Bob Quinn Lake Airport,Bob Quinn Lake,CA,56.9667015076,-130.25,America/Vancouver
CCA6,YWM,Williams Harbour Airport,Williams Harbour,CA,52.5668983459,-55.7846984863,America/St_Johns
CCD4,YSO,Postville Airport,Postville,CA,54.9105987549,-59.7867012024,America/Goose_Bay
CCE4,YBI,Black Tickle Airport,Black Tickle,CA,53.4693984985,-55.7849998474,America/St_Johns
CCK4,YFX,St. Lewis (Fox Harbour) Airport,St. Lewis,CA,52.3727989197,-55.6739006042,America/St_Johns
CCP4,YHA,Port Hope Simpson Airport,Port Hope Simpson,CA,52.5280990601,-56.2860984802,America/St_Johns
CCZ2,YRG,Rigolet Airport,Rigolet,CA,54.1796989441,-58.4575004578,America/Goose_Bay
CDK2,DVK,Diavik Airport,Diavik,CA,64.5113983154,-110.289001465,America/Edmonton
CEB3,YCK,Colville Lake Airport,Colville Lake,CA,67.0333023071,-126.0830001831,America/Inuvik
CEM3,YLE,Whati Airport,Whati,CA,63.1316986084,-117.2460021973,America/Edmonton
CER4,NML,Fort McMurray / Mildred Lake Airport,Fort McMurray,CA,57.0555992126,-111.573997498,America/Edmonton
CEW3,ZSP,St. Paul Airport,St. Paul,CA,53.9933013916,-111.379997253,America/Edmonton
CFF4,DAS,Great Bear Lake Airport,Great Bear Lake,CA,66.7031021118,-119.707000732,America/Edmonton
CFG6,YFI,Fort Mackay / Firebag,Suncor Energy Site,CA,57.2758333344,-110.976666667,America/Edmonton
CJV7,SUR,Summer Beaver Airport,Summer Beaver,CA,52.7085990906,-88.5419006348,America/Toronto
CKB6,YAX,Wapekeka Airport,Angling Lake,CA,53.8492012024,-89.5793991089,America/Winnipeg
CKL3,WNN,Wunnumin Lake Airport,Wunnumin Lake,CA,52.893901825,-89.2891998291,America/Winnipeg
CKQ3,YNO,North Spirit Lake Airport,North Spirit Lake,CA,52.4900016785,-92.9710998535,America/Winnipeg
CNE3,XBE,Bearskin Lake Airport,Bearskin Lake,CA,53.9655990601,-91.0271987915,America/Winnipeg
CNK4,YPD,Parry Sound Area Municipal Airport,Parry Sound,CA,45.2574996948,-79.8296966553,America/Toronto
CNM5,KIF,Kingfisher Lake Airport,Kingfisher Lake,CA,53.0125007629,-89.8553009033,America/Winnipeg
CNT3,YOG,Ogoki Post Airport,Ogoki Post,CA,51.6585998535,-85.9017028809,America/Toronto
CPF2,YEB,Bar River Airport,Bar River,CA,46.42029953,-84.0922012329,America/Toronto
CPV7,YHP,Poplar Hill Airport,Poplar Hill,CA,52.1133003235,-94.2555999756,America/Winnipeg
CPV8,KEW,Keewaywin Airport,Keewaywin,CA,52.9911003113,-92.8364028931,America/Winnipeg
CSB2,YSA,Sable Island Landing Strip,Sable Island,CA,43.9303535212,-59.9597740173,America/Halifax
CSK6,YNX,Snap Lake Airport,Snap Lake,CA,63.5936012268,-110.90599823,America/Edmonton
CSU2,YKU,Chisasibi Airport,Chisasibi,CA,53.8055992126,-78.9169006348,America/Toronto
CTB6,ZTB,Tete-a-la-Baleine Airport,Tete-a-la-Baleine,CA,50.6744003296,-59.3835983276,America/Blanc-Sablon
CTK6,ZKG,Kegaska Airport,Kegaska,CA,50.1958007813,-61.2658004761,America/Blanc-Sablon
CTP9,YAU,Donaldson Airport,Kattiniq,CA,61.6622009277,-73.3214035034,America/Toronto
CTU5,ZLT,La Tabatiere Airport,La Tabatiere,CA,50.8307991028,-58.9756011963,America/Blanc-Sablon
CYAB,YAB,Arctic Bay Airport,Unknown,CA,73.0057668174,-85.0425052643,America/Rankin_Inlet
CYAC,YAC,Cat Lake Airport,Cat Lake,CA,51.7271995544,-91.8244018555,America/Winnipeg
CYAD,YAR,La Grande-3 Airport,La Grande-3,CA,53.5717010498,-76.1964035034,America/Toronto
CYAG,YAG,Fort Frances Municipal Airport,Fort Frances,CA,48.6542015076,-93.4396972656,America/Winnipeg
CYAH,YAH,La Grande-4 Airport,La Grande-4,CA,53.754699707,-73.6753005981,America/Toronto
CYAL,YAL,Alert Bay Airport,Alert Bay,CA,50.5821990967,-126.9160003662,America/Vancouver
CYAM,YAM,Sault Ste Marie Airport,Sault Ste Marie,CA,46.4850006104,-84.5093994141,America/Detroit
CYAQ,XKS,Kasabonika Airport,Kasabonika,CA,53.5247001648,-88.6427993774,America/Winnipeg
CYAS,YKG,Kangirsuk Airport,Kangirsuk,CA,60.0271987915,-69.9991989136,America/Toronto
CYAT,YAT,Attawapiskat Airport,Attawapiskat,CA,52.9275016785,-82.4319000244,America/Toronto
CYAV,YAV,Winnipeg / St. Andrews Airport,Winnipeg,CA,50.0564002991,-97.0325012207,America/Winnipeg
CYAW,YAW,Shearwater Airport,Halifax,CA,44.637222,-63.502222,America/Halifax
CYAY,YAY,St. Anthony Airport,St. Anthony,CA,51.3918991089,-56.0830993652,America/St_Johns
CYAZ,YAZ,Tofino / Long Beach Airport,Tofino,CA,49.0798255464,-125.775604248,America/Vancouver
CYBA,YBA,Banff Airport,Banff,CA,51.2073404699,-115.541861057,America/Edmonton
CYBB,YBB,Kugaaruk Airport,Kugaaruk,CA,68.5344009399,-89.8080978394,America/Cambridge_Bay
CYBC,YBC,Baie Comeau Airport,Baie-Comeau,CA,49.1324996948,-68.2043991089,America/Toronto
CYBD,QBC,Bella Coola Airport,Bella Coola,CA,52.3875007629,-126.5960006714,America/Vancouver
CYBE,YBE,Uranium City Airport,Uranium City,CA,59.5614013672,-108.4810028076,America/Swift_Current
CYBF,YBY,Bonnyville Airport,Bonnyville,CA,54.3041992188,-110.7440032959,America/Edmonton
CYBG,YBG,CFB Bagotville,Bagotville,CA,48.3306007385,-70.9963989258,America/Toronto
CYBK,YBK,Baker Lake Airport,Baker Lake,CA,64.2988967896,-96.077796936,America/Rankin_Inlet
CYBL,YBL,Campbell River Airport,Campbell River,CA,49.9508018494,-125.2710037231,America/Vancouver
CYBQ,XTL,Tadoule Lake Airport,Tadoule Lake,CA,58.7061004639,-98.5121994019,America/Winnipeg
CYBR,YBR,Brandon Municipal Airport,Brandon,CA,49.9099998474,-99.9518966675,America/Winnipeg
CYBT,YBT,Brochet Airport,Brochet,CA,57.8894004822,-101.6790008545,America/Winnipeg
CYBV,YBV,Berens River Airport,Berens River,CA,52.3588981628,-97.0183029175,America/Winnipeg
CYBW,YBW,Calgary / Springbank Airport,Calgary,CA,51.103099823,-114.374000549,America/Edmonton
CYBX,YBX,Lourdes de Blanc Sablon Airport,Lourdes-De-Blanc-Sablon,CA,51.4435997009,-57.1852989197,America/Blanc-Sablon
CYCA,YRF,Cartwright Airport,Cartwright,CA,53.682800293,-57.0419006348,America/Goose_Bay
CYCB,YCB,Cambridge Bay Airport,Cambridge Bay,CA,69.1081008911,-105.138000488,America/Cambridge_Bay
CYCC,YCC,Cornwall Regional Airport,Cornwall,CA,45.0928001404,-74.5633010864,America/Toronto
CYCD,YCD,Nanaimo Airport,Nanaimo,CA,49.0522994995,-123.8700027466,America/Vancouver
CYCE,YCE,James T. Field Memorial Aerodrome,Centralia,CA,43.2855987549,-81.5083007813,America/Toronto
CYCG,YCG,Castlegar/West Kootenay Regional Airport,Castlegar,CA,49.2963981628,-117.632003784,America/Vancouver
CYCH,YCH,Miramichi Airport,Miramichi,CA,47.0078010559,-65.4492034912,America/Moncton
CYCK,XCM,Chatham Kent Airport,Chatham-Kent,CA,42.3064002991,-82.0819015503,America/Toronto
CYCL,YCL,Charlo Airport,Charlo,CA,47.9907989502,-66.3302993774,America/Moncton
CYCN,YCN,Cochrane Airport,Cochrane,CA,49.1055984497,-81.0136032104,America/Toronto
CYCO,YCO,Kugluktuk Airport,Kugluktuk,CA,67.8167037964,-115.143997192,America/Cambridge_Bay
CYCQ,YCQ,Chetwynd Airport,Chetwynd,CA,55.6871986389,-121.6269989014,America/Dawson_Creek
CYCR,YCR,Cross Lake (Charlie Sinclair Memorial) Airport,Cross Lake,CA,54.6105995178,-97.7608032227,America/Winnipeg
CYCS,YCS,Chesterfield Inlet Airport,Chesterfield Inlet,CA,63.3469009399,-90.7311019897,America/Rankin_Inlet
CYCT,YCT,Coronation Airport,Coronation,CA,52.0750007629,-111.4449996948,America/Edmonton
CYCW,YCW,Chilliwack Airport,Chilliwack,CA,49.1528015137,-121.9390029907,America/Vancouver
CYCY,YCY,Clyde River Airport,Clyde River,CA,70.4860992432,-68.5167007446,America/Iqaluit
CYCZ,YCZ,Fairmont Hot Springs Airport,Fairmont Hot Springs,CA,50.3302993774,-115.873001099,America/Edmonton
CYDA,YDA,Dawson City Airport,Dawson City,CA,64.0430984497,-139.1280059814,America/Dawson
CYDB,YDB,Burwash Airport,Burwash,CA,61.3711013794,-139.0410003662,America/Dawson
CYDC,YDC,Princeton Airport,Town of Princeton,CA,49.4681015015,-120.511001587,America/Vancouver
CYDF,YDF,Deer Lake Airport,Deer Lake,CA,49.2108001709,-57.3913993835,America/St_Johns
CYDL,YDL,Dease Lake Airport,Dease Lake,CA,58.4221992493,-130.0319976807,America/Vancouver
CYDM,YDM,Ross River Airport,Ross River,CA,61.9706001282,-132.4230041504,America/Whitehorse
CYDN,YDN,Dauphin Barker Airport,Dauphin,CA,51.1007995605,-100.0520019531,America/Winnipeg
CYDO,YDO,Dolbeau St Felicien Airport,Dolbeau-St-Felicien,CA,48.7784996033,-72.375,America/Toronto
CYDP,YDP,Nain Airport,Nain,CA,56.5491981506,-61.6803016663,America/Goose_Bay
CYDQ,YDQ,Dawson Creek Airport,Dawson Creek,CA,55.7422981262,-120.1829986572,America/Dawson_Creek
CYEE,YEE,Huronia Airport,Midland,CA,44.6833000183,-79.9282989502,America/Toronto
CYEG,YEG,Edmonton International Airport,Edmonton,CA,53.3097000122,-113.580001831,America/Edmonton
CYEK,YEK,Arviat Airport,Arviat,CA,61.0942001343,-94.0708007812,America/Rankin_Inlet
CYEL,YEL,Elliot Lake Municipal Airport,Elliot Lake,CA,46.351398468,-82.5614013672,America/Toronto
CYEM,YEM,Manitoulin East Municipal Airport,Manitowaning,CA,45.8428001404,-81.8581008911,America/Toronto
CYEN,YEN,Estevan Airport,Estevan,CA,49.2103004456,-102.966003418,America/Regina
CYER,YER,Fort Severn Airport,Fort Severn,CA,56.018901825,-87.6761016846,America/Toronto
CYET,YET,Edson Airport,Edson,CA,53.5788993835,-116.464996338,America/Edmonton
CYEU,YEU,Eureka Airport,Eureka,CA,79.9946975708,-85.814201355,America/Atikokan
CYEV,YEV,Inuvik Mike Zubko Airport,Inuvik,CA,68.3041992188,-133.483001709,America/Inuvik
CYEY,YEY,Amos Magny Airport,Amos,CA,48.5638999939,-78.2497024536,America/Toronto
CYFA,YFA,Fort Albany Airport,Fort Albany,CA,52.2014007568,-81.6968994141,America/Toronto
CYFB,YFB,Iqaluit Airport,Iqaluit,CA,63.756401062,-68.5558013916,America/Iqaluit
CYFC,YFC,Fredericton Airport,Fredericton,CA,45.8689002991,-66.5372009277,America/Moncton
CYFD,YFD,Brantford Municipal Airport,Brantford,CA,43.131401062,-80.3424987793,America/Toronto
CYFE,YFE,Forestville Airport,Forestville,CA,48.7461013794,-69.0971984863,America/Toronto
CYFH,YFH,Fort Hope Airport,Fort Hope,CA,51.5619010925,-87.9077987671,America/Toronto
CYFJ,YTM,La Macaza / Mont-Tremblant International Inc Airport,Riviere Rouge,CA,46.4094009399,-74.7799987793,America/Toronto
CYFO,YFO,Flin Flon Airport,Flin Flon,CA,54.6781005859,-101.6819992065,America/Winnipeg
CYFR,YFR,Fort Resolution Airport,Fort Resolution,CA,61.1808013916,-113.690002441,America/Edmonton
CYFS,YFS,Fort Simpson Airport,Fort Simpson,CA,61.7602005005,-121.2369995117,America/Inuvik
CYFT,YMN,Makkovik Airport,Makkovik,CA,55.0769004822,-59.1864013672,America/Goose_Bay
CYGB,YGB,Texada Gillies Bay Airport,Texada,CA,49.6941986084,-124.5179977417,America/Vancouver
CYGD,YGD,Goderich Airport,Goderich,CA,43.7668991089,-81.7106018066,America/Toronto
CYGE,YGE,Golden Airport,Golden,CA,51.2991981506,-116.9820022583,America/Edmonton
CYGH,YGH,Fort Good Hope Airport,Fort Good Hope,CA,66.2407989502,-128.6510009766,America/Inuvik
CYGK,YGK,Kingston Norman Rogers Airport,Kingston,CA,44.2252998352,-76.5969009399,America/Toronto
CYGL,YGL,La Grande Riviere Airport,La Grande Riviere,CA,53.6253013611,-77.7042007446,America/Toronto
CYGM,YGM,Gimli Industrial Park Airport,Gimli,CA,50.6281013489,-97.043296814,America/Winnipeg
CYGO,YGO,Gods Lake Narrows Airport,Gods Lake Narrows,CA,54.5588989258,-94.4914016724,America/Winnipeg
CYGP,YGP,Gaspe (Michel-Pouliot) Airport,Gaspe,CA,48.7752990723,-64.4785995483,America/Toronto
CYGQ,YGQ,Geraldton Greenstone Regional Airport,Geraldton,CA,49.778301239,-86.9393997192,America/Toronto
CYGR,YGR,Iles-de-la-Madeleine Airport,Iles-de-la-Madeleine,CA,47.4247016907,-61.7780990601,America/Halifax
CYGT,YGT,Igloolik Airport,Igloolik,CA,69.3647003174,-81.8161010742,America/Iqaluit
CYGV,YGV,Havre St Pierre Airport,Havre St-Pierre,CA,50.2818984985,-63.6114006042,America/Toronto
CYGW,YGW,Kuujjuarapik Airport,Kuujjuarapik,CA,55.2818984985,-77.765296936,America/Iqaluit
CYGX,YGX,Gillam Airport,Gillam,CA,56.3574981689,-94.7106018066,America/Winnipeg
CYGZ,YGZ,Grise Fiord Airport,Grise Fiord,CA,76.4261016846,-82.9092025757,America/Iqaluit
CYHA,YQC,Quaqtaq Airport,Quaqtaq,CA,61.0463981628,-69.6177978516,America/Iqaluit
CYHB,YHB,Hudson Bay Airport,Hudson Bay,CA,52.8166999817,-102.3109970093,America/Regina
CYHC,CXH,Vancouver Harbour Airport,Vancouver,CA,49.2945,-123.111333,America/Vancouver
CYHD,YHD,Dryden Regional Airport,Dryden,CA,49.8316993713,-92.7442016602,America/Winnipeg
CYHE,YHE,Hope Airport,Hope,CA,49.3683013916,-121.498001099,America/Vancouver
CYHF,YHF,Hearst Rene Fontaine Municipal Airport,Hearst,CA,49.7141990662,-83.6860961914,America/Toronto
CYHH,YNS,Nemiscau Airport,Nemiscau,CA,51.6911010742,-76.135597229,America/Toronto
CYHI,YHI,Ulukhaktok Holman Airport,Ulukhaktok,CA,70.762802124,-117.8059997559,America/Edmonton
CYHK,YHK,Gjoa Haven Airport,Gjoa Haven,CA,68.635597229,-95.8497009277,America/Cambridge_Bay
CYHM,YHM,John C. Munro Hamilton International Airport,Hamilton,CA,43.1735992432,-79.9349975586,America/Toronto
CYHN,YHN,Hornepayne Municipal Airport,Hornepayne,CA,49.1930999756,-84.7589035034,America/Toronto
CYHO,YHO,Hopedale Airport,Hopedale,CA,55.448299408,-60.2285995483,America/Goose_Bay
CYHR,YHR,Chevery Airport,Chevery,CA,50.4688987732,-59.6366996765,America/Blanc-Sablon
CYHT,YHT,Haines Junction Airport,Haines Junction,CA,60.7891998291,-137.546005249,America/Whitehorse
CYHU,YHU,Montreal / Saint-Hubert Airport,Montreal,CA,45.5175018311,-73.4169006348,America/Toronto
CYHY,YHY,Hay River / Merlyn Carter Airport,Hay River,CA,60.8396987915,-115.782997131,America/Edmonton
CYHZ,YHZ,Halifax / Stanfield International Airport,Halifax,CA,44.8807983398,-63.5085983276,America/Halifax
CYIB,YIB,Atikokan Municipal Airport,Atikokan,CA,48.7738990784,-91.6386032104,America/Atikokan
CYID,YDG,Digby / Annapolis Regional Airport,Digby,CA,44.5458450365,-65.7854247093,America/Halifax
CYIF,YIF,St Augustin Airport,St-Augustin,CA,51.2117004395,-58.6582984924,America/Blanc-Sablon
CYIK,YIK,Ivujivik Airport,Ivujivik,CA,62.417301178,-77.9253005981,America/Iqaluit
CYIO,YIO,Pond Inlet Airport,Pond Inlet,CA,72.6832962036,-77.9666976929,America/Iqaluit
CYIV,YIV,Island Lake Airport,Island Lake,CA,53.8572006226,-94.6536026001,America/Winnipeg
CYJA,YJA,Jasper Airport,Jasper,CA,52.9967002869,-118.0589981079,America/Edmonton
CYJF,YJF,Fort Liard Airport,Fort Liard,CA,60.2358016968,-123.46900177,America/Inuvik
CYJM,YJM,Fort St James Airport,Fort St. James,CA,54.3972015381,-124.2630004883,America/Vancouver
CYJN,YJN,St Jean Airport,St Jean,CA,45.2943992615,-73.2810974121,America/Toronto
CYJT,YJT,Stephenville Airport,Stephenville,CA,48.5442008972,-58.5499992371,America/St_Johns
CYKA,YKA,Kamloops Airport,Kamloops,CA,50.7022018433,-120.4440002441,America/Vancouver
CYKC,YKC,Collins Bay Airport,Collins Bay,CA,58.2360992432,-103.6780014038,America/Regina
CYKD,LAK,Aklavik Airport,Aklavik,CA,68.2232971191,-135.0059967041,America/Inuvik
CYKF,YKF,Waterloo Airport,Kitchener,CA,43.4608001709,-80.3786010742,America/Toronto
CYKG,YWB,Kangiqsujuaq (Wakeham Bay) Airport,Kangiqsujuaq,CA,61.5886001587,-71.929397583,America/Toronto
CYKJ,YKJ,Key Lake Airport,Key Lake,CA,57.2560997009,-105.6179962158,America/Regina
CYKL,YKL,Schefferville Airport,Schefferville,CA,54.8053016663,-66.8052978516,America/Toronto
CYKO,AKV,Akulivik Airport,Akulivik,CA,60.8185997009,-78.1485977173,America/Iqaluit
CYKQ,YKQ,Waskaganish Airport,Waskaganish,CA,51.4733009338,-78.7583007813,America/Iqaluit
CYKX,YKX,Kirkland Lake Airport,Kirkland Lake,CA,48.2103004456,-79.9813995361,America/Toronto
CYKY,YKY,Kindersley Airport,Kindersley,CA,51.5175018311,-109.180999756,America/Swift_Current
CYKZ,YKZ,Buttonville Municipal Airport,Toronto,CA,43.8622016907,-79.3700027466,America/Toronto
CYLA,YPJ,Aupaluk Airport,Aupaluk,CA,59.2966995239,-69.5997009277,America/Toronto
CYLB,YLB,Lac La Biche Airport,Lac La Biche,CA,54.7703018188,-112.0319976807,America/Edmonton
CYLC,YLC,Kimmirut Airport,Kimmirut,CA,62.8499984741,-69.8833007812,America/Iqaluit
CYLD,YLD,Chapleau Airport,Chapleau,CA,47.8199996948,-83.3467025757,America/Toronto
CYLH,YLH,Lansdowne House Airport,Lansdowne House,CA,52.1955986023,-87.9341964722,America/Toronto
CYLJ,YLJ,Meadow Lake Airport,Meadow Lake,CA,54.1253013611,-108.5230026245,America/Swift_Current
CYLK,YSG,Lutselk'e Airport,Lutselk'e,CA,62.4183006287,-110.6819992065,America/Edmonton
CYLL,YLL,Lloydminster Airport,Lloydminster,CA,53.3092002869,-110.0729980469,America/Edmonton
CYLQ,YLQ,La Tuque Airport,La Tuque,CA,47.4096984863,-72.7889022827,America/Toronto
CYLR,YLR,Leaf Rapids Airport,Leaf Rapids,CA,56.5133018494,-99.9852981567,America/Winnipeg
CYLS,YLK,Lake Simcoe Regional Airport,Barrie-Orillia,CA,44.4852981567,-79.5556030273,America/Toronto
CYLT,YLT,Alert Airport,Alert,CA,82.5177993774,-62.2806015015,America/Iqaluit
CYLU,XGR,Kangiqsualujjuaq (Georges River) Airport,Kangiqsualujjuaq,CA,58.7113990784,-65.9927978516,America/Toronto
CYLW,YLW,Kelowna Airport,Kelowna,CA,49.9561004639,-119.3779983521,America/Vancouver
CYMA,YMA,Mayo Airport,Mayo,CA,63.6164016724,-135.8679962158,America/Whitehorse
CYME,YME,Matane Airport,Matane,CA,48.8568992615,-67.4533004761,America/Toronto
CYMG,YMG,Manitouwadge Airport,Manitouwadge,CA,49.0839004517,-85.8606033325,America/Toronto
CYMH,YMH,Mary's Harbour Airport,Mary's Harbour,CA,52.3027992249,-55.8471984863,America/St_Johns
CYMJ,YMJ,Moose Jaw Air Vice Marshal C. M. McEwen Airport,Moose Jaw,CA,50.3302993774,-105.5589981079,America/Regina
CYML,YML,Charlevoix Airport,Charlevoix,CA,47.5974998474,-70.2238998413,America/Toronto
CYMM,YMM,Fort McMurray Airport,Fort McMurray,CA,56.653301239,-111.222000122,America/Edmonton
CYMO,YMO,Moosonee Airport,Moosonee,CA,51.2910995483,-80.6078033447,America/Toronto
CYMT,YMT,Chapais Airport,Chibougamau,CA,49.771900177,-74.5280990601,America/Toronto
CYMU,YUD,Umiujaq Airport,Umiujaq,CA,56.5360984802,-76.5183029175,America/Iqaluit
CYMW,YMW,Maniwaki Airport,Maniwaki,CA,46.2728004456,-75.9906005859,America/Toronto
CYMX,YMX,Montreal International (Mirabel) Airport,Montreal,CA,45.6795005798,-74.0386962891,America/Toronto
CYNA,YNA,Natashquan Airport,Natashquan,CA,50.1899986267,-61.7891998291,America/Blanc-Sablon
CYNC,YNC,Wemindji Airport,Wemindji,CA,53.0106010437,-78.8311004639,America/Iqaluit
CYND,YND,Ottawa / Gatineau Airport,Gatineau,CA,45.5217018127,-75.5635986328,America/Toronto
CYNE,YNE,Norway House Airport,Norway House,CA,53.9583015442,-97.8442001343,America/Winnipeg
CYNH,YNH,Hudsons Hope Airport,Hudson's Hope,CA,56.0355987549,-121.9759979248,America/Dawson_Creek
CYNJ,YLY,Langley Airport,Langley,CA,49.1007995605,-122.6309967041,America/Vancouver
CYNL,YNL,Points North Landing Airport,Points North Landing,CA,58.2766990662,-104.0820007324,America/Regina
CYNM,YNM,Matagami Airport,Matagami,CA,49.7616996765,-77.8028030396,America/Toronto
CYNN,YNN,Nejanilini Lake Airport,Nejanilini Lake,CA,59.4874992371,-97.7802963257,America/Winnipeg
CYNR,HZP,Fort Mackay / Horizon Airport,Fort Mackay,CA,57.3816986084,-111.700996399,America/Edmonton
CYOA,YOA,Ekati Airport,Ekati,CA,64.6988983154,-110.614997864,America/Edmonton
CYOC,YOC,Old Crow Airport,Old Crow,CA,67.570602417,-139.8390045166,America/Dawson
CYOD,YOD,CFB Cold Lake,Cold Lake,CA,54.4049987793,-110.2789993286,America/Edmonton
CYOH,YOH,Oxford House Airport,Oxford House,CA,54.9333000183,-95.2789001465,America/Winnipeg
CYOJ,YOJ,High Level Airport,High Level,CA,58.6213989258,-117.1650009155,America/Edmonton
CYOO,YOO,Oshawa Airport,Oshawa,CA,43.9227981567,-78.8949966431,America/Toronto
CYOP,YOP,Rainbow Lake Airport,Rainbow Lake,CA,58.4914016724,-119.4079971313,America/Edmonton
CYOS,YOS,Owen Sound / Billy Bishop Regional Airport,Owen Sound,CA,44.5903015137,-80.8375015259,America/Toronto
CYOW,YOW,Ottawa Macdonald-Cartier International Airport,Ottawa,CA,45.3224983215,-75.6691970825,America/Toronto
CYPA,YPA,Prince Albert Glass Field,Prince Albert,CA,53.2141990662,-105.672996521,America/Regina
CYPC,YPC,Paulatuk (Nora Aliqatchialuk Ruben) Airport,Paulatuk,CA,69.3608381154,-124.075469971,America/Inuvik
CYPD,YPS,Port Hawkesbury Airport,Port Hawkesbury,CA,45.6567001343,-61.3680992126,America/Glace_Bay
CYPE,YPE,Peace River Airport,Peace River,CA,56.2268981934,-117.4469985962,America/Edmonton
CYPG,YPG,Southport Airport,Portage,CA,49.9030990601,-98.2739028931,America/Winnipeg
CYPH,YPH,Inukjuak Airport,Inukjuak,CA,58.4719009399,-78.0768966675,America/Toronto
CYPL,YPL,Pickle Lake Airport,Pickle Lake,CA,51.4463996887,-90.2142028809,America/Atikokan
CYPM,YPM,Pikangikum Airport,Pikangikum,CA,51.8196983337,-93.9732971191,America/Winnipeg
CYPN,YPN,Port Menier Airport,Port-Menier,CA,49.8363990784,-64.2885971069,America/Toronto
CYPO,YPO,Peawanuck Airport,Peawanuck,CA,54.9880981445,-85.4432983398,America/Toronto
CYPQ,YPQ,Peterborough Airport,Peterborough,CA,44.2299995422,-78.3632965088,America/Toronto
CYPR,YPR,Prince Rupert Airport,Prince Rupert,CA,54.2860984802,-130.4450073242,America/Vancouver
CYPW,YPW,Powell River Airport,Powell River,CA,49.8342018127,-124.5,America/Vancouver
CYPX,YPX,Puvirnituq Airport,Puvirnituq,CA,60.0505981445,-77.2869033813,America/Iqaluit
CYPY,YPY,Fort Chipewyan Airport,Fort Chipewyan,CA,58.76720047,-111.1169967651,America/Edmonton
CYPZ,YPZ,Burns Lake Airport,Burns Lake,CA,54.3763999939,-125.9509963989,America/Vancouver
CYQA,YQA,Muskoka Airport,Muskoka,CA,44.9747009277,-79.3032989502,America/Toronto
CYQB,YQB,Quebec Jean Lesage International Airport,Quebec,CA,46.7910995483,-71.3933029175,America/Toronto
CYQD,YQD,The Pas Airport,The Pas,CA,53.9714012146,-101.091003418,America/Winnipeg
CYQF,YQF,Red Deer Regional Airport,Red Deer,CA,52.1822013855,-113.8939971924,America/Edmonton
CYQG,YQG,Windsor Airport,Windsor,CA,42.2756004333,-82.9555969238,America/Toronto
CYQH,YQH,Watson Lake Airport,Watson Lake,CA,60.1164016724,-128.8220062256,America/Whitehorse
CYQI,YQI,Yarmouth Airport,Yarmouth,CA,43.8269004822,-66.0880966187,America/Halifax
CYQK,YQK,Kenora Airport,Kenora,CA,49.7882995605,-94.3630981445,America/Winnipeg
CYQL,YQL,Lethbridge County Airport,Lethbridge,CA,49.6302986145,-112.800003052,America/Edmonton
CYQM,YQM,Greater Moncton International Airport,Moncton,CA,46.1122016907,-64.6785964966,America/Moncton
CYQN,YQN,Nakina Airport,Nakina,CA,50.182800293,-86.6964035034,America/Toronto
CYQQ,YQQ,Comox Airport,Comox,CA,49.7108001709,-124.8870010376,America/Vancouver
CYQR,YQR,Regina International Airport,Regina,CA,50.4319000244,-104.6660003662,America/Regina
CYQS,YQS,St Thomas Municipal Airport,St Thomas,CA,42.7700004578,-81.1108016968,America/Toronto
CYQT,YQT,Thunder Bay Airport,Thunder Bay,CA,48.3718986511,-89.3238983154,America/Toronto
CYQU,YQU,Grande Prairie Airport,Grande Prairie,CA,55.1796989441,-118.885002136,America/Edmonton
CYQV,YQV,Yorkton Municipal Airport,Yorkton,CA,51.2647018433,-102.4619979858,America/Regina
CYQW,YQW,North Battleford Airport,North Battleford,CA,52.7691993713,-108.2440032959,America/Swift_Current
CYQX,YQX,Gander International Airport,Gander,CA,48.9369010925,-54.5680999756,America/St_Johns
CYQY,YQY,Sydney / J.A. Douglas McCurdy Airport,Sydney,CA,46.1613998413,-60.0477981567,America/Glace_Bay
CYQZ,YQZ,Quesnel Airport,Quesnel,CA,53.0261001587,-122.5100021362,America/Vancouver
CYRA,YRA,Rae Lakes Airport,Gameti,CA,64.1160964966,-117.3099975586,America/Edmonton
CYRB,YRB,Resolute Bay Airport,Resolute Bay,CA,74.7169036865,-94.9693984985,America/Resolute
CYRI,YRI,Riviere-du-Loup Airport,Riviere-du-Loup,CA,47.7644004822,-69.5847015381,America/Toronto
CYRJ,YRJ,Roberval Airport,Roberval,CA,48.5200004578,-72.2656021118,America/Toronto
CYRL,YRL,Red Lake Airport,Red Lake,CA,51.0668983459,-93.7930984497,America/Winnipeg
CYRM,YRM,Rocky Mountain House Airport,Rocky Mountain House,CA,52.4296989441,-114.9039993286,America/Edmonton
CYRO,YRO,Ottawa / Rockcliffe Airport,Ottawa,CA,45.4603004456,-75.6461029053,America/Toronto
CYRP,YRP,Ottawa / Carp Airport,Carp,CA,45.3191986084,-76.0222015381,America/Toronto
CYRQ,YRQ,Trois-Rivieres Airport,Trois-Rivieres,CA,46.3527984619,-72.679397583,America/Toronto
CYRS,YRS,Red Sucker Lake Airport,Red Sucker Lake,CA,54.1671981812,-93.5571975708,America/Winnipeg
CYRT,YRT,Rankin Inlet Airport,Rankin Inlet,CA,62.8114013672,-92.1157989502,America/Rankin_Inlet
CYRV,YRV,Revelstoke Airport,Revelstoke,CA,50.9667015076,-118.182998657,America/Vancouver
CYSB,YSB,Sudbury Airport,Sudbury,CA,46.625,-80.7988967896,America/Toronto
CYSC,YSC,Sherbrooke Airport,Sherbrooke,CA,45.4385986328,-71.6913986206,America/Toronto
CYSE,YSE,Squamish Airport,Squamish,CA,49.7817001343,-123.1620025635,America/Vancouver
CYSF,YSF,Stony Rapids Airport,Stony Rapids,CA,59.2503013611,-105.841003418,America/Regina
CYSH,YSH,Smiths Falls-Montague (Russ Beach) Airport,Smiths Falls,CA,44.9458007813,-75.9405975342,America/Toronto
CYSJ,YSJ,Saint John Airport,Saint John,CA,45.3161010742,-65.890296936,America/Moncton
CYSK,YSK,Sanikiluaq Airport,Sanikiluaq,CA,56.5377998352,-79.2466964722,America/Iqaluit
CYSL,YSL,St Leonard Airport,St Leonard,CA,47.1575012207,-67.8347015381,America/Moncton
CYSM,YSM,Fort Smith Airport,Fort Smith,CA,60.0203018188,-111.9619979858,America/Edmonton
CYSN,YCM,Niagara District Airport,St Catharines,CA,43.1916999817,-79.1716995239,America/Toronto
CYSP,YSP,Marathon Airport,Marathon,CA,48.7552986145,-86.3443984985,America/Toronto
CYST,YST,St. Theresa Point Airport,St. Theresa Point,CA,53.8456001282,-94.8518981934,America/Winnipeg
CYSU,YSU,Summerside Airport,Summerside,CA,46.4406013489,-63.8335990906,America/Halifax
CYSY,YSY,Sachs Harbour (David Nasogaluak Jr. Saaryuaq) Airport,Sachs Harbour,CA,71.9938964844,-125.242996216,America/Inuvik
CYTA,YTA,Pembroke Airport,Pembroke,CA,45.8643989563,-77.251701355,America/Toronto
CYTE,YTE,Cape Dorset Airport,Cape Dorset,CA,64.2300033569,-76.5267028809,America/Iqaluit
CYTF,YTF,Alma Airport,Alma,CA,48.5088996887,-71.6418991089,America/Toronto
CYTH,YTH,Thompson Airport,Thompson,CA,55.8011016846,-97.8641967773,America/Winnipeg
CYTL,YTL,Big Trout Lake Airport,Big Trout Lake,CA,53.8177986145,-89.8968963623,America/Winnipeg
CYTQ,YTQ,Tasiujaq Airport,Tasiujaq,CA,58.6678009033,-69.9558029175,America/Toronto
CYTR,YTR,CFB Trenton,Trenton,CA,44.1189002991,-77.5280990601,America/Toronto
CYTS,YTS,Timmins/Victor M. Power,Timmins,CA,48.5696983337,-81.376701355,America/Toronto
CYTZ,YTZ,Billy Bishop Toronto City Centre Airport,Toronto,CA,43.6274986267,-79.3962020874,America/Toronto
CYUB,YUB,Tuktoyaktuk Airport,Tuktoyaktuk,CA,69.4332962036,-133.0260009766,America/Inuvik
CYUL,YUL,Montreal / Pierre Elliott Trudeau International Airport,Montreal,CA,45.4706001282,-73.7407989502,America/Toronto
CYUT,YUT,Repulse Bay Airport,Repulse Bay,CA,66.5214004517,-86.2247009277,America/Rankin_Inlet
CYUX,YUX,Hall Beach Airport,Hall Beach,CA,68.7761001587,-81.243598938,America/Iqaluit
CYUY,YUY,Rouyn Noranda Airport,Rouyn-Noranda,CA,48.2061004639,-78.8356018066,America/Toronto
CYVB,YVB,Bonaventure Airport,Bonaventure,CA,48.0710983276,-65.4602966309,America/Toronto
CYVC,YVC,La Ronge Airport,La Ronge,CA,55.1514015198,-105.2620010376,America/Regina
CYVG,YVG,Vermilion Airport,Vermilion,CA,53.3558006287,-110.8239974976,America/Edmonton
CYVK,YVE,Vernon Airport,Vernon,CA,50.2481002808,-119.3310012817,America/Vancouver
CYVM,YVM,Qikiqtarjuaq Airport,Qikiqtarjuaq,CA,67.5457992554,-64.0314025879,America/Iqaluit
CYVO,YVO,Val-d'Or Airport,Val-d'Or,CA,48.0532989502,-77.7827987671,America/Toronto
CYVP,YVP,Kuujjuaq Airport,Kuujjuaq,CA,58.0960998535,-68.426902771,America/Toronto
CYVQ,YVQ,Norman Wells Airport,Norman Wells,CA,65.2816009521,-126.797996521,America/Inuvik
CYVR,YVR,Vancouver International Airport,Vancouver,CA,49.193901062,-123.1839981079,America/Vancouver
CYVT,YVT,Buffalo Narrows Airport,Buffalo Narrows,CA,55.8418998718,-108.417999268,America/Swift_Current
CYVV,YVV,Wiarton Airport,Wiarton,CA,44.7458000183,-81.1072006226,America/Toronto
CYVZ,YVZ,Deer Lake Airport,Deer Lake,CA,52.6557998657,-94.0614013672,America/Winnipeg
CYWA,YWA,Petawawa Airport,Petawawa,CA,45.9522018433,-77.3191986084,America/Toronto
CYWE,YFJ,Wekweeti Airport,Wekweeti,CA,64.1908035278,-114.077003479,America/Edmonton
CYWG,YWG,Winnipeg / James Armstrong Richardson International Airport,Winnipeg,CA,49.9099998474,-97.2398986816,America/Winnipeg
CYWH,YWH,Victoria Inner Harbour Airport,Victoria,CA,48.422833,-123.3875,America/Vancouver
CYWJ,YWJ,Deline Airport,Deline,CA,65.2110977173,-123.4359970093,America/Inuvik
CYWK,YWK,Wabush Airport,Wabush,CA,52.9219017029,-66.864402771,America/Goose_Bay
CYWL,YWL,Williams Lake Airport,Williams Lake,CA,52.1831016541,-122.0540008545,America/Vancouver
CYWP,YWP,Webequie Airport,Webequie,CA,52.9593933975,-87.3748683929,America/Toronto
CYWY,YWY,Wrigley Airport,Wrigley,CA,63.209400177,-123.43699646,America/Inuvik
CYXC,YXC,Cranbrook Airport,Cranbrook,CA,49.6108016968,-115.7819976807,America/Edmonton
CYXD,YXD,Edmonton City Centre (Blatchford Field) Airport,Edmonton,CA,53.5724983215,-113.521003723,America/Edmonton
CYXE,YXE,Saskatoon John G. Diefenbaker International Airport,Saskatoon,CA,52.1707992554,-106.6999969482,America/Regina
CYXH,YXH,Medicine Hat Airport,Medicine Hat,CA,50.018901825,-110.7210006714,America/Edmonton
CYXJ,YXJ,Fort St John Airport,Fort St.John,CA,56.2380981445,-120.7399978638,America/Dawson_Creek
CYXK,YXK,Rimouski Airport,Rimouski,CA,48.478099823,-68.4969024658,America/Toronto
CYXL,YXL,Sioux Lookout Airport,Sioux Lookout,CA,50.113899231,-91.9052963257,America/Winnipeg
CYXN,YXN,Whale Cove Airport,Whale Cove,CA,62.2400016785,-92.5980987549,America/Rankin_Inlet
CYXP,YXP,Pangnirtung Airport,Pangnirtung,CA,66.1449966431,-65.7136001587,America/Iqaluit
CYXQ,YXQ,Beaver Creek Airport,Beaver Creek,CA,62.4103012085,-140.8670043945,America/Dawson
CYXR,YXR,Earlton (Timiskaming Regional) Airport,Earlton,CA,47.6974006546,-79.8473453522,America/Toronto
CYXS,YXS,Prince George Airport,Prince George,CA,53.8894004822,-122.6790008545,America/Vancouver
CYXT,YXT,Terrace Airport,Terrace,CA,54.46849823,-128.5760040283,America/Vancouver
CYXU,YXU,London Airport,London,CA,43.0355987549,-81.1539001465,America/Toronto
CYXX,YXX,Abbotsford Airport,Abbotsford,CA,49.0252990723,-122.361000061,America/Los_Angeles
CYXY,YXY,Whitehorse / Erik Nielsen International Airport,Whitehorse,CA,60.7095985413,-135.067001343,America/Whitehorse
CYXZ,YXZ,Wawa Airport,Wawa,CA,47.9667015076,-84.7866973877,America/Toronto
CYYB,YYB,North Bay Airport,North Bay,CA,46.3636016846,-79.4227981567,America/Toronto
CYYC,YYC,Calgary International Airport,Calgary,CA,51.113899231,-114.0199966431,America/Edmonton
CYYD,YYD,Smithers Airport,Smithers,CA,54.8246994019,-127.1829986572,America/Vancouver
CYYE,YYE,Fort Nelson Airport,Fort Nelson,CA,58.8363990784,-122.5970001221,America/Fort_Nelson
CYYF,YYF,Penticton Airport,Penticton,CA,49.4631004333,-119.6019973755,America/Vancouver
CYYG,YYG,Charlottetown Airport,Charlottetown,CA,46.2900009155,-63.1211013794,America/Halifax
CYYH,YYH,Taloyoak Airport,Taloyoak,CA,69.5466995239,-93.5766983032,America/Cambridge_Bay
CYYJ,YYJ,Victoria International Airport,Victoria,CA,48.646900177,-123.4260025024,America/Vancouver
CYYL,YYL,Lynn Lake Airport,Lynn Lake,CA,56.863899231,-101.0759963989,America/Winnipeg
CYYM,YYM,Cowley Airport,Cowley,CA,49.6363983154,-114.09400177,America/Edmonton
CYYN,YYN,Swift Current Airport,Swift Current,CA,50.2919006348,-107.691001892,America/Swift_Current
CYYQ,YYQ,Churchill Airport,Churchill,CA,58.739200592,-94.0650024414,America/Winnipeg
CYYR,YYR,Goose Bay Airport,Goose Bay,CA,53.3191986084,-60.4258003235,America/Goose_Bay
CYYT,YYT,St. John's International Airport,St. John's,CA,47.618598938,-52.7518997192,America/St_Johns
CYYU,YYU,Kapuskasing Airport,Kapuskasing,CA,49.413898468,-82.4674987793,America/Toronto
CYYW,YYW,Armstrong Airport,Armstrong,CA,50.2902984619,-88.9096984863,America/Toronto
CYYY,YYY,Mont Joli Airport,Mont-Joli,CA,48.6086006165,-68.2080993652,America/Toronto
CYYZ,YYZ,Lester B. Pearson International Airport,Toronto,CA,43.6772003174,-79.6305999756,America/Toronto
CYZD,YZD,Downsview Airport,Toronto,CA,43.7425003052,-79.4655990601,America/Toronto
CYZE,YZE,Gore Bay Manitoulin Airport,Gore Bay,CA,45.8852996826,-82.5678024292,America/Toronto
CYZF,YZF,Yellowknife Airport,Yellowknife,CA,62.4627990723,-114.4400024414,America/Edmonton
CYZG,YZG,Salluit Airport,Salluit,CA,62.1794013977,-75.6671981812,America/Toronto
CYZH,YZH,Slave Lake Airport,Slave Lake,CA,55.2930984497,-114.777000427,America/Edmonton
CYZP,YZP,Sandspit Airport,Sandspit,CA,53.2542991638,-131.813995361,America/Vancouver
CYZR,YZR,Chris Hadfield Airport,Sarnia,CA,42.9994010925,-82.3088989258,America/Toronto
CYZS,YZS,Coral Harbour Airport,Coral Harbour,CA,64.1932983398,-83.3593978882,America/Atikokan
CYZT,YZT,Port Hardy Airport,Port Hardy,CA,50.6805992126,-127.3669967651,America/Vancouver
CYZU,YZU,Whitecourt Airport,Whitecourt,CA,54.143901825,-115.7870025635,America/Edmonton
CYZV,YZV,Sept-Iles Airport,Sept-Iles,CA,50.2233009338,-66.2656021118,America/Toronto
CYZW,YZW,Teslin Airport,Teslin,CA,60.1727981567,-132.7429962158,America/Whitehorse
CYZX,YZX,CFB Greenwood,Greenwood,CA,44.9844017029,-64.9169006348,America/Halifax
CYZY,YZY,Mackenzie Airport,Mackenzie,CA,55.3044013977,-123.132003784,America/Vancouver
CZAC,ZAC,York Landing Airport,York Landing,CA,56.0894012451,-96.0892028809,America/Winnipeg
CZAM,YSN,Salmon Arm Airport,Salmon Arm,CA,50.682800293,-119.2289962769,America/Vancouver
CZBA,YDT,Burlington Executive,Burlington,CA,43.4414531515,-79.850102663,America/Toronto
CZBB,ZBD,Vancouver / Boundary Bay Airport,Boundary Bay,CA,49.0741996765,-123.012001038,America/Vancouver
CZBD,ILF,Ilford Airport,Ilford,CA,56.0614013672,-95.613899231,America/Winnipeg
CZBF,ZBF,Bathurst Airport,Bathurst,CA,47.629699707,-65.738899231,America/Moncton
CZBM,ZBM,Bromont (Roland Desourdy) Airport,Bromont,CA,45.2907981873,-72.7414016724,America/Toronto
CZEE,ZEE,Kelsey Airport,Kelsey,CA,56.0374984741,-96.5096969604,America/Winnipeg
CZEM,ZEM,Eastmain River Airport,Eastmain River,CA,52.226398468,-78.5224990845,America/Iqaluit
CZFA,ZFA,Faro Airport,Faro,CA,62.2075004578,-133.3760070801,America/Whitehorse
CZFD,ZFD,Fond-Du-Lac Airport,Fond-Du-Lac,CA,59.334400177,-107.1819992065,America/Swift_Current
CZFG,ZFG,Pukatawagan Airport,Pukatawagan,CA,55.7491989136,-101.2659988403,America/Winnipeg
CZFM,ZFM,Fort Mcpherson Airport,Fort Mcpherson,CA,67.4075012207,-134.8609924316,America/Inuvik
CZFN,ZFN,Tulita Airport,Tulita,CA,64.9096984863,-125.5729980469,America/Inuvik
CZGF,ZGF,Grand Forks Airport,Grand Forks,CA,49.0155982971,-118.4309997559,America/Los_Angeles
CZGI,ZGI,Gods River Airport,Gods River,CA,54.8396987915,-94.0785980225,America/Winnipeg
CZGR,ZGR,Little Grand Rapids Airport,Little Grand Rapids,CA,52.0456008911,-95.4657974243,America/Winnipeg
CZHP,ZHP,High Prairie Airport,High Prairie,CA,55.3936004639,-116.4749984741,America/Edmonton
CZJG,ZJG,Jenpeg Airport,Jenpeg,CA,54.518901825,-98.0460968018,America/Winnipeg
CZJN,ZJN,Swan River Airport,Swan River,CA,52.1206016541,-101.236000061,America/Winnipeg
CZKE,ZKE,Kashechewan Airport,Kashechewan,CA,52.2825012207,-81.6778030396,America/Toronto
CZLQ,YTD,Thicket Portage Airport,Thicket Portage,CA,55.318901062,-97.7078018188,America/Winnipeg
CZMD,MSA,Muskrat Dam Airport,Muskrat Dam,CA,53.4413986206,-91.762802124,America/Winnipeg
CZML,ZMH,South Cariboo Region / 108 Mile Airport,108 Mile,CA,51.7360992432,-121.333000183,America/Vancouver
CZMN,PIW,Pikwitonei Airport,Pikwitonei,CA,55.5889015198,-97.1641998291,America/Winnipeg
CZMT,ZMT,Masset Airport,Masset,CA,54.0275001526,-132.125,America/Vancouver
CZNG,ZNG,Poplar River Airport,Poplar River,CA,53,-97.2667007446,America/Winnipeg
CZPB,ZPB,Sachigo Lake Airport,Sachigo Lake,CA,53.8911018372,-92.1964035034,America/Winnipeg
CZPC,WPC,Pincher Creek Airport,Pincher Creek,CA,49.5205993652,-113.9970016479,America/Edmonton
CZPO,ZPO,Pinehouse Lake Airport,Pinehouse Lake,CA,55.5280990601,-106.582000732,America/Regina
CZRJ,ZRJ,Round Lake (Weagamow Lake) Airport,Round Lake,CA,52.9435997009,-91.3127975464,America/Winnipeg
CZSJ,ZSJ,Sandy Lake Airport,Sandy Lake,CA,53.064201355,-93.3443984985,America/Winnipeg
CZSN,XSI,South Indian Lake Airport,South Indian Lake,CA,56.7928009033,-98.9072036743,America/Winnipeg
CZST,ZST,Stewart Airport,Stewart,CA,55.935410448,-129.982434511,America/Vancouver
CZTA,YDV,Bloodvein River Airport,Bloodvein River,CA,51.7832984924,-96.6999969482,America/Winnipeg
CZTM,ZTM,Shamattawa Airport,Shamattawa,CA,55.8656005859,-92.0813980103,America/Winnipeg
CZUC,ZUC,Ignace Municipal Airport,Ignace,CA,49.4296989441,-91.7177963257,America/Winnipeg
CZUM,ZUM,Churchill Falls Airport,Churchill Falls,CA,53.5619010925,-64.1063995361,America/Goose_Bay
CZWH,ZWH,Lac Brochet Airport,Lac Brochet,CA,58.6175003052,-101.46900177,America/Winnipeg
CZWL,ZWL,Wollaston Lake Airport,Wollaston Lake,CA,58.1068992615,-103.1719970703,America/Regina
DAAB,QLD,Blida Airport,Unknown,DZ,36.5036010742,2.8141698837,Africa/Algiers
DAAD,BUJ,Bou Saada Airport,Unknown,DZ,35.3325004578,4.206389904,Africa/Algiers
DAAE,BJA,Soummam Airport,Bejaia,DZ,36.7120018005,5.069920063,Africa/Algiers
DAAG,ALG,Houari Boumediene Airport,Algiers,DZ,36.6910018921,3.2154099941,Africa/Algiers
DAAJ,DJG,Djanet Inedbirene Airport,Djanet,DZ,24.2928009033,9.4524402618,Africa/Algiers
DAAK,QFD,Boufarik Airport,Unknown,DZ,36.5457992554,2.8761100769,Africa/Algiers
DAAP,VVZ,Illizi Takhamalt Airport,Illizi,DZ,26.7234992981,8.6226501465,Africa/Algiers
DAAS,QSF,Ain Arnat Airport,Setif,DZ,36.1781005859,5.3244900703,Africa/Algiers
DAAT,TMR,Aguenar – Hadj Bey Akhamok Airport,Tamanrasset,DZ,22.8115005493,5.4510798454,Africa/Algiers
DAAV,GJL,Jijel Ferhat Abbas Airport,Jijel,DZ,36.7951011658,5.8736100197,Africa/Algiers
DAAY,MZW,Mecheria Airport,Mecheria,DZ,33.535900116,-0.2423530072,Africa/Algiers
DAAZ,QZN,Relizane Airport,Unknown,DZ,35.7522010803,0.6262720227,Africa/Algiers
DABB,AAE,Annaba Airport,Annabah,DZ,36.8222007751,7.8091697693,Africa/Algiers
DABC,CZL,Mohamed Boudiaf International Airport,Constantine,DZ,36.2760009766,6.6203899384,Africa/Algiers
DABS,TEE,Cheikh Larbi Tebessi Airport,Tebessi,DZ,35.4315986633,8.1207199097,Africa/Algiers
DABT,BLJ,Batna Airport,Batna,DZ,35.7521018982,6.3085899353,Africa/Algiers
DAFH,HRM,Hassi R'Mel Airport,Unknown,DZ,32.9304008484,3.3115398884,Africa/Algiers
DAFI,QDJ,Tsletsi Airport,Unknown,DZ,34.6657,3.351,Africa/Algiers
DAOB,TID,Bou Chekif Airport,Tiaret,DZ,35.3410987854,1.4631500244,Africa/Algiers
DAOF,TIN,Tindouf Airport,Tindouf,DZ,27.7003993988,-8.1670999527,Africa/Algiers
DAOI,CFK,Chlef Aboubakr Belkaid Airport,Chlef,DZ,36.216828,1.340739,Africa/Algiers
DAOL,TAF,Tafaraoui Airport,Unknown,DZ,35.5424003601,-0.5322780013,Africa/Algiers
DAON,TLM,Zenata – Messali El Hadj Airport,Tlemcen,DZ,35.0167007446,-1.4500000477,Africa/Algiers
DAOO,ORN,Es Senia Airport,Oran,DZ,35.6239013672,-0.6211829782,Africa/Algiers
DAOR,CBH,Bechar Boudghene Ben Ali Lotfi Airport,Bechar,DZ,31.6457004547,-2.2698600292,Africa/Algiers
DAOS,BFW,Sidi Bel Abbes Airport,Unknown,DZ,35.1717987061,-0.5932750106,Africa/Algiers
DAOV,MUW,Ghriss Airport,Unknown,DZ,35.207698822,0.147141993,Africa/Algiers
DAOY,EBH,El Bayadh Airport,El Bayadh,DZ,33.7216666667,1.0925,Africa/Algiers
DATG,INF,In Guezzam Airport,In Guezzam,DZ,19.5669994354,5.75,Africa/Algiers
DATM,BMW,Bordj Badji Mokhtar Airport,Bordj Badji Mokhtar,DZ,21.375,0.9238889813,Africa/Algiers
DAUA,AZR,Touat Cheikh Sidi Mohamed Belkebir Airport,Unknown,DZ,27.837600708,-0.1864140034,Africa/Algiers
DAUB,BSK,Biskra Airport,Biskra,DZ,34.7933006287,5.7382302284,Africa/Algiers
DAUE,ELG,El Golea Airport,Unknown,DZ,30.5713005066,2.8595900536,Africa/Algiers
DAUG,GHA,Noumerat - Moufdi Zakaria Airport,Ghardaia,DZ,32.3841018677,3.7941100597,Africa/Algiers
DAUH,HME,Oued Irara Airport,Hassi Messaoud,DZ,31.6730003357,6.1404399872,Africa/Algiers
DAUI,INZ,In Salah Airport,In Salah,DZ,27.2509994507,2.5120201111,Africa/Algiers
DAUK,TGR,Touggourt Sidi Madhi Airport,Touggourt,DZ,33.0677986145,6.0886697769,Africa/Algiers
DAUL,LOO,Laghouat Airport,Laghouat,DZ,33.7644004822,2.9283399582,Africa/Algiers
DAUO,ELU,Guemar Airport,Guemar,DZ,33.5113983154,6.7767901421,Africa/Algiers
DAUT,TMX,Timimoun Airport,Timimoun,DZ,29.2371006012,0.2760330141,Africa/Algiers
DAUU,OGX,Ain el Beida Airport,Ouargla,DZ,31.9172000885,5.412779808,Africa/Algiers
DAUZ,IAM,In Amenas Airport,Amenas,DZ,28.0515003204,9.6429100037,Africa/Algiers
DBBB,COO,Cadjehoun Airport,Cotonou,BJ,6.3572301865,2.3843500614,Africa/Porto-Novo
DBBD,DJA,Djougou Airport,Djougou,BJ,9.6920833333,1.6377777778,Africa/Porto-Novo
DBBK,KDC,Kandi Airport,Kandi,BJ,11.1330003738,2.9330000877,Africa/Porto-Novo
DBBN,NAE,Natitingou Airport,Natitingou,BJ,10.3170003891,1.3830000162,Africa/Porto-Novo
DBBP,PKO,Parakou Airport,Parakou,BJ,9.3576898575,2.6096799374,Africa/Porto-Novo
DBBS,SVF,Save Airport,Save,BJ,8.0181703568,2.4645800591,Africa/Porto-Novo
DFCA,XKY,Kaya Airport,Kaya,BF,13.0670003891,-1.1000000238,Africa/Ouagadougou
DFCC,OUG,Ouahigouya Airport,Ouahigouya,BF,13.5670003891,-2.4170000553,Africa/Ouagadougou
DFCJ,XDJ,Djibo Airport,Djibo,BF,14.1000003815,-1.6330000162,Africa/Ouagadougou
DFCL,XLU,Leo Airport,Leo,BF,11.1000003815,-2.0999999046,Africa/Ouagadougou
DFCP,PUP,Po Airport,Po,BF,11.1499996185,-1.1499999762,Africa/Ouagadougou
DFEA,XBO,Boulsa Airport,Boulsa,BF,12.6499996185,-0.5669999719,Africa/Ouagadougou
DFEB,XBG,Bogande Airport,Bogande,BF,12.9829998016,-0.1669999957,Africa/Ouagadougou
DFED,DIP,Diapaga Airport,Diapaga,BF,12.0500001907,1.7829999924,Africa/Ouagadougou
DFEE,DOR,Dori Airport,Dori,BF,14.0329999924,-0.0329999998,Africa/Ouagadougou
DFEF,FNG,Fada N'gourma Airport,Fada N'gourma,BF,12.0329999924,0.349999994,Africa/Ouagadougou
DFEG,XGG,Gorom-Gorom Airport,Gorom-Gorom,BF,14.4499998093,-0.2329999954,Africa/Ouagadougou
DFEL,XKA,Kantchari Airport,Kantchari,BF,12.4670000076,1.5,Africa/Ouagadougou
DFEM,TMQ,Tambao Airport,Tambao,BF,14.8000001907,0.0500000007,Africa/Ouagadougou
DFEP,XPA,Pama Airport,Pama,BF,11.25,0.6999999881,Africa/Ouagadougou
DFER,ARL,Arly Airport,Arly,BF,11.5970001221,1.4830000401,Africa/Ouagadougou
DFES,XSE,Sebba Airport,Sebba,BF,13.4499998093,0.5170000196,Africa/Ouagadougou
DFET,TEG,Tenkodogo Airport,Tenkodogo,BF,11.8000001907,-0.3670000136,Africa/Ouagadougou
DFEZ,XZA,Zabre Airport,Zabre,BF,11.1669998169,-0.6169999838,Africa/Ouagadougou
DFFD,OUA,Ouagadougou Airport,Ouagadougou,BF,12.3531999588,-1.5124200583,Africa/Ouagadougou
DFOB,BNR,Banfora Airport,Banfora,BF,10.6829996109,-4.7170000076,Africa/Ouagadougou
DFOD,DGU,Dedougou Airport,Dedougou,BF,12.4589996338,-3.4900000095,Africa/Ouagadougou
DFOG,XGA,Gaoua Airport,Gaoua,BF,10.299200058,-3.2508299351,Africa/Ouagadougou
DFON,XNU,Nouna Airport,Nouna,BF,12.75,-3.867000103,Africa/Ouagadougou
DFOO,BOY,Bobo Dioulasso Airport,Bobo Dioulasso,BF,11.1600999832,-4.3309698105,Africa/Ouagadougou
DFOT,TUQ,Tougan Airport,Tougan,BF,13.0670003891,-3.0669999123,Africa/Ouagadougou
DFOU,XDE,Diebougou Airport,Diebougou,BF,10.9499998093,-3.25,Africa/Ouagadougou
DFOY,XAR,Aribinda Airport,Aribinda,BF,14.2170000076,-0.8830000162,Africa/Ouagadougou
DGAA,ACC,Kotoka International Airport,Accra,GH,5.6051898003,-0.1667860001,Africa/Accra
DGLE,TML,Tamale Airport,Tamale,GH,9.5571899414,-0.863214016,Africa/Accra
DGSI,KMS,Kumasi Airport,Kumasi,GH,6.7145600319,-1.5908199549,Africa/Accra
DGSN,NYI,Sunyani Airport,Sunyani,GH,7.3618302345,-2.3287599087,Africa/Accra
DGTK,TKD,Takoradi Airport,Sekondi-Takoradi,GH,4.8960599899,-1.7747600079,Africa/Accra
DIAO,ABO,Aboisso Airport,Aboisso,CI,5.461944,-3.234722,Africa/Abidjan
DIAP,ABJ,Port Bouet Airport,Abidjan,CI,5.2613902092,-3.9262900352,Africa/Abidjan
DIAU,OGO,Abengourou Airport,Abengourou,CI,6.7155599594,-3.470279932,Africa/Abidjan
DIBI,BXI,Boundiali Airport,Boundiali,CI,9.5329999924,-6.4670000076,Africa/Abidjan
DIBK,BYK,Bouake Airport,Unknown,CI,7.7388000488,-5.0736699104,Africa/Abidjan
DIBN,BQO,Bouna Airport,Bouna,CI,9.2775001526,-3.0252799988,Africa/Abidjan
DIBU,BDK,Soko Airport,Bondoukou,CI,8.0172195435,-2.7619400024,Africa/Abidjan
DIDK,DIM,Dimbokro Airport,Dimbokro,CI,6.6516699791,-4.6405601501,Africa/Abidjan
DIDL,DJO,Daloa Airport,Unknown,CI,6.7928099632,-6.4731898308,Africa/Abidjan
DIFK,FEK,Ferkessedougou Airport,Ferkessedougou,CI,9.6000003815,-5.1999998093,Africa/Abidjan
DIGA,GGN,Gagnoa Airport,Gagnoa,CI,6.132999897,-5.9499998093,Africa/Abidjan
DIGL,GGO,Guiglo Airport,Guiglo,CI,6.5249900818,-7.4786100388,Africa/Abidjan
DIGN,BBV,Nero-Mer Airport,Grand-Bereby,CI,4.6434130669,-6.9239616394,Africa/Abidjan
DIKO,HGO,Korhogo Airport,Unknown,CI,9.3871803284,-5.5566601753,Africa/Abidjan
DIMN,MJC,Man Airport,Unknown,CI,7.272069931,-7.5873599052,Africa/Abidjan
DIOD,KEO,Odienne Airport,Odienne,CI,9.5,-7.5669999123,Africa/Abidjan
DIOF,OFI,Ouango Fitini Airport,Ouango Fitini,CI,9.6000003815,-4.0500001907,Africa/Abidjan
DISG,SEO,Seguela Airport,Seguela,CI,7.9683299065,-6.7108302116,Africa/Abidjan
DISP,SPY,San Pedro Airport,Unknown,CI,4.7467198372,-6.6608200073,Africa/Abidjan
DISS,ZSS,Sassandra Airport,Sassandra,CI,4.9283299446,-6.1327800751,Africa/Abidjan
DITB,TXU,Tabou Airport,Tabou,CI,4.4378094673,-7.3627281189,Africa/Abidjan
DIYO,ASK,Yamoussoukro Airport,Yamoussoukro,CI,6.9031701088,-5.3655800819,Africa/Abidjan
DNAA,ABV,Nnamdi Azikiwe International Airport,Abuja,NG,9.0067901611,7.2631697655,Africa/Lagos
DNAK,AKR,Akure Airport,Akure,NG,7.2467398643,5.3010101318,Africa/Lagos
DNAS,ABB,Asaba International Airport,Asaba,NG,6.2033333333,6.6588888889,Africa/Lagos
DNBE,BNI,Benin Airport,Benin,NG,6.3169798851,5.5995001793,Africa/Lagos
DNCA,CBQ,Margaret Ekpo International Airport,Calabar,NG,4.9760198593,8.3472003937,Africa/Lagos
DNEN,ENU,Akanu Ibiam International Airport,Enegu,NG,6.4742698669,7.5619602203,Africa/Lagos
DNGO,GMO,Gombe Lawanti International Airport,Gombe,NG,10.2983333333,10.8963888889,Africa/Lagos
DNGU,QUS,Gusau Airport,Gusau,NG,12.1716995239,6.6961097717,Africa/Lagos
DNIB,IBA,Ibadan Airport,Ibadan,NG,7.3624601364,3.9783298969,Africa/Lagos
DNIL,ILR,Ilorin International Airport,Ilorin,NG,8.4402103424,4.4939198494,Africa/Lagos
DNIM,QOW,Sam Mbakwe International Airport,Owerri,NG,5.4270601273,7.206029892,Africa/Lagos
DNJO,JOS,Yakubu Gowon Airport,Jos,NG,9.6398296356,8.8690500259,Africa/Lagos
DNKA,KAD,Kaduna Airport,Kaduna,NG,10.6960000992,7.3201098442,Africa/Lagos
DNKN,KAN,Mallam Aminu International Airport,Kano,NG,12.0475997925,8.5246200562,Africa/Lagos
DNMA,MIU,Maiduguri International Airport,Maiduguri,NG,11.8552999496,13.0809001923,Africa/Lagos
DNMK,MDI,Makurdi Airport,Makurdi,NG,7.7038798332,8.613940239,Africa/Lagos
DNMM,LOS,Murtala Muhammed International Airport,Lagos,NG,6.5773701668,3.321160078,Africa/Lagos
DNMN,MXJ,Minna Airport,Minna,NG,9.6521701813,6.4622597694,Africa/Lagos
DNPO,PHC,Port Harcourt International Airport,Port Harcourt,NG,5.0154900551,6.9495902061,Africa/Lagos
DNSO,SKO,Sadiq Abubakar III International Airport,Sokoto,NG,12.9162998199,5.2071900368,Africa/Lagos
DNYO,YOL,Yola Airport,Yola,NG,9.2575502396,12.4303998947,Africa/Lagos
DNZA,ZAR,Zaria Airport,Zaria,NG,11.130200386,7.6858100891,Africa/Lagos
DRRM,MFQ,Maradi Airport,Maradi,NE,13.5024995804,7.1267499924,Africa/Niamey
DRRN,NIM,Diori Hamani International Airport,Niamey,NE,13.4814996719,2.1836099625,Africa/Niamey
DRRT,THZ,Tahoua Airport,Tahoua,NE,14.8756999969,5.2653598785,Africa/Niamey
DRZA,AJY,Mano Dayak International Airport,Agadez,NE,16.9659996033,8.0001096725,Africa/Niamey
DRZL,RLT,Arlit Airport,Arlit,NE,18.7903995514,7.3659501076,Africa/Niamey
DRZR,ZND,Zinder Airport,Zinder,NE,13.7790002823,8.9837598801,Africa/Niamey
DTKA,TBJ,Tabarka 7 Novembre Airport,Tabarka,TN,36.9799995422,8.8769397736,Africa/Tunis
DTMB,MIR,Monastir Habib Bourguiba International Airport,Monastir,TN,35.7580986023,10.754699707,Africa/Tunis
DTNH,NBE,Enfidha - Hammamet International Airport,Enfidha,TN,36.075833,10.438611,Africa/Tunis
DTTA,TUN,Tunis Carthage International Airport,Tunis,TN,36.8510017395,10.2271995544,Africa/Tunis
DTTB,OIZ,Sidi Ahmed Air Base,Sidi Ahmed,TN,37.2453994751,9.7914495468,Africa/Tunis
DTTF,GAF,Gafsa Ksar International Airport,Gafsa,TN,34.422000885,8.8225002289,Africa/Tunis
DTTG,GAE,Gabes Matmata International Airport,Gabes,TN,33.8768997192,10.1033000946,Africa/Tunis
DTTJ,DJE,Djerba Zarzis International Airport,Djerba,TN,33.875,10.7755002975,Africa/Tunis
DTTR,EBM,El Borma Airport,El Borma,TN,31.7042999268,9.2546195984,Africa/Tunis
DTTX,SFA,Sfax Thyna International Airport,Sfax,TN,34.7179985046,10.6909999847,Africa/Tunis
DTTZ,TOE,Tozeur Nefta International Airport,Tozeur,TN,33.9397010803,8.1105604172,Africa/Tunis
DXNG,LRL,Niamtougou International Airport,Niamtougou,TG,9.7673301697,1.0912499428,Africa/Lome
DXXX,LFW,Lome-Tokoin Airport,Lome,TG,6.1656098366,1.2545100451,Africa/Lome
EBAW,ANR,Antwerp International Airport (Deurne),Antwerp,BE,51.1893997192,4.4602799416,Europe/Brussels
EBBR,BRU,Brussels Airport,Brussels,BE,50.9014015198,4.4844398499,Europe/Brussels
EBCI,CRL,Brussels South Charleroi Airport,Brussels,BE,50.4592018127,4.4538202286,Europe/Brussels
EBKT,KJK,Wevelgem Airport,Wevelgem,BE,50.817199707,3.2047200203,Europe/Brussels
EBLG,LGG,Liege Airport,Liege,BE,50.6374015808,5.4432201385,Europe/Brussels
EBNM,QNM,Suarlee Airport,Namur,BE,50.4879989624,4.7689199448,Europe/Brussels
EBOS,OST,Ostend-Bruges International Airport,Ostend,BE,51.1988983154,2.8622200489,Europe/Brussels
EBZH,QHA,Hasselt Airport,Hasselt,BE,50.9700012207,5.3750700951,Europe/Brussels
EBZR,OBL,Oostmalle Air Base,Zoersel,BE,51.2647018433,4.7533302307,Europe/Brussels
EDAC,AOC,Altenburg-Nobitz Airport,Altenburg,DE,50.9819450378,12.5063886642,Europe/Berlin
EDAH,HDF,Heringsdorf Airport,Heringsdorf,DE,53.8787002563,14.152299881,Europe/Berlin
EDAQ,ZHZ,Halle-Oppin Airport,Oppin,DE,51.5522232056,12.0538892746,Europe/Berlin
EDAU,IES,Riesa-Gohlis Airport,Riesa,DE,51.2936096191,13.3561105728,Europe/Berlin
EDAX,REB,Rechlin-Larz Airport,Larz,DE,53.306388855,12.7522220612,Europe/Berlin
EDBC,CSO,Cochstedt Airport,Magdeburg,DE,51.8563995361,11.42029953,Europe/Berlin
EDBH,BBH,Barth Airport,Unknown,DE,54.3375015259,12.6997003555,Europe/Berlin
EDBM,ZMG,Magdeburg Airport,Magdeburg,DE,52.0736122131,11.6263885498,Europe/Berlin
EDCD,CBU,Cottbus-Drewitz Airport,Cottbus,DE,51.8894424438,14.5319442749,Europe/Berlin
EDCG,GTI,Rugen Airport,Rugen,DE,54.3833312988,13.3255558014,Europe/Berlin
EDCK,KOQ,Kothen Airport,Kothen,DE,51.7211112976,11.9527778625,Europe/Berlin
EDCP,PEF,Peenemunde Airport,Peenemunde,DE,54.1577796936,13.7744436264,Europe/Berlin
EDDB,BER,Berlin Brandenburg Airport,Berlin,DE,52.366667,13.503333,Europe/Berlin
EDDC,DRS,Dresden Airport,Dresden,DE,51.1328010559,13.76720047,Europe/Berlin
EDDE,ERF,Erfurt Airport,Erfurt,DE,50.979801178,10.9581003189,Europe/Berlin
EDDF,FRA,Frankfurt am Main International Airport,Frankfurt-am-Main,DE,50.0264015198,8.543129921,Europe/Berlin
EDDG,FMO,Munster Osnabruck Airport,Munster,DE,52.134601593,7.6848301888,Europe/Berlin
EDDH,HAM,Hamburg Airport,Hamburg,DE,53.6304016113,9.9882297516,Europe/Berlin
EDDI,THF,Berlin Tempelhof Airport,Berlin,DE,52.473611,13.401667,Europe/Berlin
EDDK,CGN,Cologne Bonn Airport,Cologne,DE,50.8658981323,7.1427397728,Europe/Berlin
EDDL,DUS,Dusseldorf International Airport,Dusseldorf,DE,51.2895011902,6.7667798996,Europe/Berlin
EDDM,MUC,Munich International Airport,Munich,DE,48.3538017273,11.7861003876,Europe/Berlin
EDDN,NUE,Nuremberg Airport,Nuremberg,DE,49.4986991882,11.0669002533,Europe/Berlin
EDDP,LEJ,Leipzig Halle Airport,Leipzig,DE,51.4323997498,12.2416000366,Europe/Berlin
EDDR,SCN,Saarbrucken Airport,Saarbrucken,DE,49.2145996094,7.1095099449,Europe/Berlin
EDDS,STR,Stuttgart Airport,Stuttgart,DE,48.6898994446,9.2219600677,Europe/Berlin
EDDT,TXL,Berlin-Tegel International Airport,Berlin,DE,52.5597000122,13.2876996994,Europe/Berlin
EDDV,HAJ,Hannover Airport,Hannover,DE,52.461101532,9.6850795746,Europe/Berlin
EDDW,BRE,Bremen Airport,Bremen,DE,53.0475006104,8.7866697311,Europe/Berlin
EDFE,QEF,Frankfurt-Egelsbach Airport,Egelsbach,DE,49.9599990845,8.6458330154,Europe/Berlin
EDFH,HHN,Frankfurt-Hahn Airport,Hahn,DE,49.9486999512,7.2638897896,Europe/Berlin
EDFM,MHG,Mannheim-City Airport,Mannheim,DE,49.4730567932,8.514166832,Europe/Berlin
EDFZ,QMZ,Mainz-Finthen Airport,Mainz,DE,49.9674987793,8.1472215652,Europe/Berlin
EDGE,EIB,Eisenach-Kindel Airport,Eisenach,DE,50.9927787781,10.4727783203,Europe/Berlin
EDGS,SGE,Siegerland Airport,Unknown,DE,50.707698822,8.0829696655,Europe/Berlin
EDGY,KZG,Kitzingen Airport,Kitzingen,DE,49.7416313,10.1988562,Europe/Berlin
EDHI,XFW,Hamburg-Finkenwerder Airport,Hamburg,DE,53.5352783203,9.8355560303,Europe/Berlin
EDHK,KEL,Kiel-Holtenau Airport,Kiel,DE,54.3794441223,10.145277977,Europe/Berlin
EDHL,LBC,Lubeck Blankensee Airport,Lubeck,DE,53.8054008484,10.7192001343,Europe/Berlin
EDHN,EUM,Neumunster Airport,Neumunster,DE,54.0794448853,9.9413890839,Europe/Berlin
EDJA,FMM,Memmingen Allgau Airport,Memmingen,DE,47.9888000488,10.2395000458,Europe/Berlin
EDKA,AAH,Aachen-Merzbruck Airport,Aachen,DE,50.8230552673,6.1863889694,Europe/Berlin
EDKB,BNJ,Bonn-Hangelar Airport,Bonn,DE,50.7688903809,7.1633329391,Europe/Berlin
EDLA,ZCA,Arnsberg-Menden Airport,Neheim-Husten,DE,51.4838905334,7.8983330727,Europe/Berlin
EDLE,ESS,Essen Mulheim Airport,Unknown,DE,51.4023017883,6.9373297691,Europe/Berlin
EDLI,BFE,Bielefeld Airport,Bielefeld,DE,51.9647216797,8.5444440842,Europe/Berlin
EDLM,ZOJ,Marl-Loemuhle Airport,Marl,DE,51.6472015381,7.1633300781,Europe/Berlin
EDLN,MGL,Monchengladbach Airport,Monchengladbach,DE,51.2302780151,6.5044441223,Europe/Berlin
EDLP,PAD,Paderborn Lippstadt Airport,Paderborn,DE,51.6141014099,8.6163196564,Europe/Berlin
EDLV,NRN,Niederrhein Airport,Weeze,DE,51.6024017334,6.1421699524,Europe/Amsterdam
EDLW,DTM,Dortmund Airport,Dortmund,DE,51.5182991028,7.6122398377,Europe/Berlin
EDMA,AGB,Augsburg Airport,Augsburg,DE,48.42527771,10.9316673279,Europe/Berlin
EDMO,OBF,Oberpfaffenhofen Airport,Unknown,DE,48.081401825,11.2831001282,Europe/Berlin
EDMS,RBM,Straubing Airport,Straubing,DE,48.9008331299,12.516667366,Europe/Berlin
EDNY,FDH,Friedrichshafen Airport,Friedrichshafen,DE,47.6712989807,9.5114898682,Europe/Berlin
EDOL,FRF,Oschersleben Airport,Oschersleben,DE,52.0380554199,11.2055559158,Europe/Berlin
EDOP,SZW,Schwerin Parchim Airport,Unknown,DE,53.4269981384,11.7833995819,Europe/Berlin
EDQA,QCB,Bamberg-Breitenau Airfield,Bamberg,DE,49.92055,10.9144888889,Europe/Berlin
EDQD,BYU,Bayreuth Airport,Bayreuth,DE,49.9850006104,11.6400003433,Europe/Berlin
EDQE,URD,Burg Feuerstein Airport,Ebermannstadt,DE,49.7941665649,11.1336107254,Europe/Berlin
EDQF,QOB,Ansbach-Petersdorf Airport,Ansbach,DE,49.3611106873,10.6694440842,Europe/Berlin
EDQM,HOQ,Hof-Plauen Airport,Hof,DE,50.2886123657,11.8563890457,Europe/Berlin
EDRB,BBJ,Bitburg Airport,Bitburg,DE,49.9452781677,6.5650000572,Europe/Berlin
EDRK,ZNV,Koblenz-Winningen Airport,Koblenz,DE,50.3255577087,7.5286111832,Europe/Berlin
EDRT,ZQF,Trier-Fohren Airport,Trier,DE,49.8638877869,6.7874999046,Europe/Berlin
EDRY,ZQC,Speyer Airport,Speyer,DE,49.3047218323,8.4513893127,Europe/Berlin
EDRZ,ZQW,Zweibrucken Airport,Zweibrucken,DE,49.209400177,7.4005599022,Europe/Berlin
EDSB,FKB,Karlsruhe Baden-Baden Airport,Baden-Baden,DE,48.7793998718,8.0804996491,Europe/Berlin
EDTD,ZQL,Donaueschingen-Villingen Airport,Donaueschingen,DE,47.9733314514,8.5222215653,Europe/Berlin
EDTL,LHA,Lahr Airport,Unknown,DE,48.3693008423,7.8277201653,Europe/Berlin
EDVE,BWE,Braunschweig Wolfsburg Airport,Unknown,DE,52.3191986084,10.5560998917,Europe/Berlin
EDVK,KSF,Kassel-Calden Airport,Kassel,DE,51.4083328247,9.3774995804,Europe/Berlin
EDWB,BRV,Bremerhaven Airport,Bremerhaven,DE,53.506942749,8.5727777481,Europe/Berlin
EDWD,XLW,Lemwerder Airport,Lemwerder,DE,53.1446990967,8.6244401932,Europe/Berlin
EDWE,EME,Emden Airport,Emden,DE,53.3911094666,7.2274999619,Europe/Berlin
EDWG,AGE,Wangerooge Airport,Wangerooge,DE,53.7827796936,7.9138889313,Europe/Berlin
EDWI,WVN,Wilhelmshaven-Mariensiel Airport,Wilhelmshaven,DE,53.5022201538,8.0522222519,Europe/Berlin
EDWJ,JUI,Juist Airport,Juist,DE,53.6811103821,7.0558328629,Europe/Berlin
EDWL,LGO,Langeoog Airport,Langeoog,DE,53.7425003052,7.4977779388,Europe/Berlin
EDWN,ZOW,Nordhorn-Lingen Airport,Klausheide,DE,52.4575004578,7.1822218895,Europe/Berlin
EDWR,BMK,Borkum Airport,Borkum,DE,53.5963897705,6.7091670036,Europe/Berlin
EDWS,NOD,Norden-Norddeich Airport,Norddeich,DE,53.6330566406,7.1902780533,Europe/Berlin
EDWU,VAC,Varrelbusch Airport,Cloppenburg,DE,52.9083328247,8.040555954,Europe/Berlin
EDWY,NRD,Norderney Airport,Norderney,DE,53.706943512,7.2300000191,Europe/Berlin
EDWZ,BMR,Baltrum Airport,Baltrum,DE,53.7247238159,7.3733329773,Europe/Berlin
EDXB,HEI,Heide-Busum Airport,Busum,DE,54.1533317566,8.9016666412,Europe/Berlin
EDXF,FLF,Flensburg-Schaeferhaus Airport,Flensburg,DE,54.7733345032,9.3788890839,Europe/Berlin
EDXH,HGL,Helgoland-Dune Airport,Helgoland,DE,54.1852798462,7.9158329964,Europe/Berlin
EDXJ,QHU,Husum-Schwesing Airport,Husum,DE,54.5099983215,9.1383333206,Europe/Berlin
EDXO,PSH,St. Peter-Ording Airport,Sankt Peter-Ording,DE,54.3088874817,8.6869440079,Europe/Berlin
EDXW,GWT,Westerland Sylt Airport,Westerland,DE,54.9132003784,8.340470314,Europe/Berlin
EDXY,OHR,Wyk auf Fohr Airport,Wyk auf Fohr,DE,54.6844444275,8.5283327103,Europe/Berlin
EEKA,KDL,Kardla Airport,Kardla,EE,58.9907989502,22.8306999207,Europe/Tallinn
EEKE,URE,Kuressaare Airport,Kuressaare,EE,58.2299003601,22.5095005035,Europe/Tallinn
EEPU,EPU,Parnu Airport,Parnu,EE,58.4189987183,24.4727993011,Europe/Tallinn
EETN,TLL,Tallinn Airport,Tallinn,EE,59.4132995605,24.8327999115,Europe/Tallinn
EETU,TAY,Tartu Airport,Tartu,EE,58.3074989319,26.6903991699,Europe/Tallinn
EFET,ENF,Enontekio Airport,Enontekio,FI,68.3626022339,23.4242992401,Europe/Helsinki
EFFO,QVE,Forssa Airport,Forssa,FI,60.8018989563,23.6455993652,Europe/Helsinki
EFHA,KEV,Halli Airport,Halli / Kuorevesi,FI,61.8559989929,24.7866001129,Europe/Helsinki
EFHF,HEM,Helsinki Malmi Airport,Helsinki,FI,60.2546005249,25.0428009033,Europe/Helsinki
EFHK,HEL,Helsinki Vantaa Airport,Helsinki,FI,60.317199707,24.963300705,Europe/Helsinki
EFHV,HYV,Hyvinkaa Airport,Unknown,FI,60.6543998718,24.8810997009,Europe/Helsinki
EFIT,KTQ,Kitee Airport,Unknown,FI,62.1660995483,30.073600769,Europe/Helsinki
EFIV,IVL,Ivalo Airport,Ivalo,FI,68.6072998047,27.4053001404,Europe/Helsinki
EFJO,JOE,Joensuu Airport,Joensuu / Liperi,FI,62.6628990173,29.6075000763,Europe/Helsinki
EFJY,JYV,Jyvaskyla Airport,Jyvaskylan Maalaiskunta,FI,62.3995018005,25.6783008575,Europe/Helsinki
EFKA,KAU,Kauhava Airport,Kauhava,FI,63.1271018982,23.051399231,Europe/Helsinki
EFKE,KEM,Kemi-Tornio Airport,Kemi / Tornio,FI,65.7787017822,24.5820999146,Europe/Helsinki
EFKI,KAJ,Kajaani Airport,Kajaani,FI,64.2854995728,27.6923999786,Europe/Helsinki
EFKJ,KHJ,Kauhajoki Airport,Unknown,FI,62.4625015259,22.3931007385,Europe/Helsinki
EFKK,KOK,Kruunupyy Airport,Kokkola / Kruunupyy,FI,63.7211990356,23.1431007385,Europe/Helsinki
EFKS,KAO,Kuusamo Airport,Kuusamo,FI,65.9876022339,29.2394008636,Europe/Helsinki
EFKT,KTT,Kittila Airport,Kittila,FI,67.7009963989,24.8467998505,Europe/Helsinki
EFKU,KUO,Kuopio Airport,Kuopio / Siilinjarvi,FI,63.0070991516,27.7978000641,Europe/Helsinki
EFLA,QLF,Lahti Vesivehmaa Airport,Unknown,FI,61.1441993713,25.6935005188,Europe/Helsinki
EFLP,LPP,Lappeenranta Airport,Lappeenranta,FI,61.0446014404,28.1443996429,Europe/Helsinki
EFMA,MHQ,Mariehamn Airport,Unknown,FI,60.1222000122,19.8981990814,Europe/Mariehamn
EFMI,MIK,Mikkeli Airport,Mikkeli,FI,61.6865997314,27.2017993927,Europe/Helsinki
EFOU,OUL,Oulu Airport,Oulu / Oulunsalo,FI,64.9300994873,25.3546009064,Europe/Helsinki
EFPO,POR,Pori Airport,Pori,FI,61.4617004395,21.7999992371,Europe/Helsinki
EFRO,RVN,Rovaniemi Airport,Rovaniemi,FI,66.5647964478,25.8304004669,Europe/Helsinki
EFSA,SVL,Savonlinna Airport,Savonlinna,FI,61.9430999756,28.9451007843,Europe/Helsinki
EFSI,SJY,Seinajoki Airport,Seinajoki / Ilmajoki,FI,62.6921005249,22.8323001862,Europe/Helsinki
EFSO,SOT,Sodankyla Airport,Sodankyla,FI,67.3949966431,26.6191005707,Europe/Helsinki
EFTP,TMP,Tampere-Pirkkala Airport,Tampere / Pirkkala,FI,61.414100647,23.6044006348,Europe/Helsinki
EFTU,TKU,Turku Airport,Turku,FI,60.5140991211,22.2628002167,Europe/Helsinki
EFUT,UTI,Utti Air Base,Utti / Valkeala,FI,60.8964004517,26.9384002686,Europe/Helsinki
EFVA,VAA,Vaasa Airport,Vaasa,FI,63.0507011414,21.7621994019,Europe/Helsinki
EFVR,VRK,Varkaus Airport,Varkaus / Joroinen,FI,62.1711006165,27.8686008453,Europe/Helsinki
EFYL,YLI,Ylivieska Airport,Unknown,FI,64.0605010986,24.7159996033,Europe/Helsinki
EG74,LHB,Bruntingthorpe Airport,Bruntingthorpe,GB,52.492971862,-1.1250901222,Europe/London
EGAA,BFS,Belfast International Airport,Belfast,GB,54.6575012207,-6.2158298492,Europe/London
EGAB,ENK,St Angelo Airport,Enniskillen,GB,54.3988990784,-7.6516699791,Europe/London
EGAC,BHD,George Best Belfast City Airport,Belfast,GB,54.6180992126,-5.8724999428,Europe/London
EGAE,LDY,City of Derry Airport,Derry,GB,55.0428009033,-7.1611099243,Europe/London
EGBB,BHX,Birmingham International Airport,Birmingham,GB,52.4538993835,-1.7480299473,Europe/London
EGBE,CVT,Coventry Airport,Coventry,GB,52.3697013855,-1.4797199965,Europe/London
EGBJ,GLO,Gloucestershire Airport,Staverton,GB,51.8941993713,-2.1672201157,Europe/London
EGBK,ORM,Sywell Aerodrome,Northampton,GB,52.3053016663,-0.7930560112,Europe/London
EGBN,NQT,Nottingham Airport,Nottingham,GB,52.9199981689,-1.0791699886,Europe/London
EGBP,GBA,Kemble Airport,Kemble,GB,51.6680984497,-2.0569400787,Europe/London
EGCC,MAN,Manchester Airport,Manchester,GB,53.3536987305,-2.2749500275,Europe/London
EGCN,DSA,Robin Hood Doncaster Sheffield Airport,Doncaster,GB,53.4805378105,-1.0106563568,Europe/London
EGDJ,UPV,Upavon Aerodrome,Upavon,GB,51.2862014771,-1.7820199728,Europe/London
EGDL,LYE,RAF Lyneham,Lyneham,GB,51.5051002502,-1.9934300184,Europe/London
EGDX,DGX,MOD St. Athan,St. Athan,GB,51.404800415,-3.4357500076,Europe/London
EGDY,YEO,RNAS Yeovilton,Yeovil,GB,51.0093994141,-2.6388199329,Europe/London
EGEC,CAL,Campbeltown Airport,Campbeltown,GB,55.4371986389,-5.6863899231,Europe/London
EGED,EOI,Eday Airport,Eday,GB,59.1906013489,-2.7722198963,Europe/London
EGEF,FIE,Fair Isle Airport,Fair Isle,GB,59.5358009338,-1.6280599833,Europe/London
EGEH,WHS,Whalsay Airport,Whalsay,GB,60.3774986267,-0.925556004,Europe/London
EGEL,COL,Coll Airport,Coll Island,GB,56.6018981934,-6.6177802086,Europe/London
EGEN,NRL,North Ronaldsay Airport,North Ronaldsay,GB,59.3675003052,-2.4344398975,Europe/London
EGEO,OBN,Oban Airport,North Connel,GB,56.4635009766,-5.3996701241,Europe/London
EGEP,PPW,Papa Westray Airport,Papa Westray,GB,59.3516998291,-2.9002799988,Europe/London
EGER,SOY,Stronsay Airport,Stronsay,GB,59.1553001404,-2.6413900852,Europe/London
EGES,NDY,Sanday Airport,Sanday,GB,59.2503013611,-2.5766699314,Europe/London
EGET,LWK,Lerwick / Tingwall Airport,Lerwick,GB,60.192199707,-1.2436100245,Europe/London
EGEW,WRY,Westray Airport,Westray,GB,59.3502998352,-2.9500000477,Europe/London
EGEY,CSA,Colonsay Airstrip,Colonsay,GB,56.0574989319,-6.243060112,Europe/London
EGFE,HAW,Haverfordwest Airport,Haverfordwest,GB,51.8330993652,-4.9611101151,Europe/London
EGFF,CWL,Cardiff International Airport,Cardiff,GB,51.3967018127,-3.3433299065,Europe/London
EGFH,SWS,Swansea Airport,Swansea,GB,51.6053009033,-4.0678300858,Europe/London
EGGD,BRS,Bristol International Airport,Bristol,GB,51.3827018738,-2.7190899849,Europe/London
EGGP,LPL,Liverpool John Lennon Airport,Liverpool,GB,53.3335990906,-2.8497200012,Europe/London
EGGW,LTN,London Luton Airport,London,GB,51.8746986389,-0.3683330119,Europe/London
EGHC,LEQ,Land's End Airport,Land's End,GB,50.1027984619,-5.6705598831,Europe/London
EGHD,PLH,Plymouth City Airport,Plymouth,GB,50.4227981567,-4.1058301926,Europe/London
EGHE,ISC,St. Mary's Airport,St. Mary's,GB,49.9132995605,-6.2916698456,Europe/London
EGHH,BOH,Bournemouth Airport,Bournemouth,GB,50.7799987793,-1.8424999714,Europe/London
EGHI,SOU,Southampton Airport,Southampton,GB,50.9502983093,-1.3567999601,Europe/London
EGHJ,BBP,Bembridge Airport,Bembridge,GB,50.6781005859,-1.1094399691,Europe/London
EGHL,QLA,Lasham Airport,Lasham,GB,51.1871986389,-1.0334999561,Europe/London
EGHQ,NQY,Newquay Cornwall Airport,Newquay,GB,50.4406013489,-4.9954099655,Europe/London
EGHR,QUG,Chichester/Goodwood Airport,Chichester,GB,50.8594017029,-0.7591670156,Europe/London
EGJA,ACI,Alderney Airport,Saint Anne,GG,49.7061004639,-2.2147200108,Europe/Guernsey
EGJB,GCI,Guernsey Airport,Saint Peter Port,GG,49.4350013733,-2.6019699574,Europe/Guernsey
EGJJ,JER,Jersey Airport,Saint Helier,JE,49.207901001,-2.1955099106,Europe/Jersey
EGKA,ESH,Shoreham Airport,Brighton,GB,50.8356018066,-0.2972219884,Europe/London
EGKB,BQH,London Biggin Hill Airport,London,GB,51.3307991028,0.0324999988,Europe/London
EGKK,LGW,London Gatwick Airport,London,GB,51.1481018066,-0.1902779937,Europe/London
EGKR,KRH,Redhill Aerodrome,Redhill,GB,51.2136001587,-0.1386110038,Europe/London
EGLC,LCY,London City Airport,London,GB,51.5052986145,0.0552779995,Europe/London
EGLF,FAB,Farnborough Airport,Farnborough,GB,51.2757987976,-0.7763329744,Europe/London
EGLK,BBS,Blackbushe Airport,Yateley,GB,51.3238983154,-0.8475000262,Europe/London
EGLL,LHR,London Heathrow Airport,London,GB,51.4706001282,-0.4619410038,Europe/London
EGMC,SEN,Southend Airport,Southend,GB,51.5713996887,0.695555985,Europe/London
EGMD,LYX,Lydd Airport,Lydd,GB,50.9561004639,0.9391670227,Europe/London
EGMH,MSE,Kent International Airport,Manston,GB,51.3422012329,1.3461099863,Europe/London
EGNC,CAX,Carlisle Airport,Carlisle,GB,54.9375,-2.8091700077,Europe/London
EGNH,BLK,Blackpool International Airport,Blackpool,GB,53.7717018127,-3.0286099911,Europe/London
EGNJ,HUY,Humberside Airport,Grimsby,GB,53.5744018555,-0.3508329988,Europe/London
EGNL,BWF,Barrow Walney Island Airport,Barrow-in-Furness,GB,54.1311988831,-3.2636699677,Europe/London
EGNM,LBA,Leeds Bradford Airport,Leeds,GB,53.8658981323,-1.6605700254,Europe/London
EGNO,WRT,Warton Airport,Warton,GB,53.745098114,-2.8830599785,Europe/London
EGNR,CEG,Hawarden Airport,Hawarden,GB,53.1781005859,-2.9777801037,Europe/London
EGNS,IOM,Isle of Man Airport,Castletown,IM,54.0833015442,-4.6238899231,Europe/Isle_of_Man
EGNT,NCL,Newcastle Airport,Newcastle,GB,55.0374984741,-1.6916699409,Europe/London
EGNV,MME,Durham Tees Valley Airport,Durham,GB,54.5092010498,-1.4294099808,Europe/London
EGNX,EMA,East Midlands Airport,Nottingham,GB,52.8311004639,-1.3280600309,Europe/London
EGOV,HLY,Anglesey Airport,Angelsey,GB,53.2481002808,-4.5353398323,Europe/London
EGPA,KOI,Kirkwall Airport,Orkney Islands,GB,58.9578018188,-2.9049999714,Europe/London
EGPB,LSI,Sumburgh Airport,Lerwick,GB,59.8788986206,-1.2955600023,Europe/London
EGPC,WIC,Wick Airport,Wick,GB,58.4589004517,-3.0930600166,Europe/London
EGPD,ABZ,Aberdeen Dyce Airport,Aberdeen,GB,57.2019004822,-2.1977798939,Europe/London
EGPE,INV,Inverness Airport,Inverness,GB,57.5424995422,-4.0475001335,Europe/London
EGPF,GLA,Glasgow International Airport,Glasgow,GB,55.8718986511,-4.4330601692,Europe/London
EGPH,EDI,Edinburgh Airport,Edinburgh,GB,55.9500007629,-3.3724999428,Europe/London
EGPI,ILY,Islay Airport,Port Ellen,GB,55.6819000244,-6.2566699982,Europe/London
EGPK,PIK,Glasgow Prestwick Airport,Glasgow,GB,55.5093994141,-4.5866699219,Europe/London
EGPL,BEB,Benbecula Airport,Balivanich,GB,57.481098175,-7.3627800941,Europe/London
EGPM,SCS,Scatsta Airport,Shetland Islands,GB,60.432800293,-1.296110034,Europe/London
EGPN,DND,Dundee Airport,Dundee,GB,56.4524993896,-3.0258300304,Europe/London
EGPO,SYY,Stornoway Airport,Stornoway,GB,58.2155990601,-6.3311100006,Europe/London
EGPR,BRR,Barra Airport,Eoligarry,GB,57.0228004456,-7.4430599213,Europe/London
EGPT,PSL,Perth/Scone Airport,Perth,GB,56.439201355,-3.3722200394,Europe/London
EGPU,TRE,Tiree Airport,Balemartine,GB,56.4991989136,-6.8691701889,Europe/London
EGPW,UNT,Unst Airport,Shetland Islands,GB,60.7472000122,-0.8538500071,Europe/London
EGQB,BOL,Ballykelly Airport,Ballykelly,GB,55.0602989197,-7.0202798843,Europe/London
EGQK,FSS,RAF Kinloss,Kinloss,GB,57.6493988037,-3.5606400967,Europe/London
EGQL,ADX,RAF Leuchars,St. Andrews,GB,56.3728981018,-2.8684399128,Europe/London
EGQS,LMO,RAF Lossiemouth,Lossiemouth,GB,57.7052001953,-3.3391699791,Europe/London
EGSC,CBG,Cambridge Airport,Cambridge,GB,52.2050018311,0.174999997,Europe/London
EGSH,NWI,Norwich International Airport,Norwich,GB,52.6758003235,1.2827800512,Europe/London
EGSS,STN,London Stansted Airport,London,GB,51.8849983215,0.2349999994,Europe/London
EGSU,QFO,Duxford Airport,Duxford,GB,52.090801239,0.1319440007,Europe/London
EGTB,HYC,Wycombe Air Park,High Wycombe,GB,51.6116981506,-0.8083329797,Europe/London
EGTE,EXT,Exeter International Airport,Exeter,GB,50.7344017029,-3.4138898849,Europe/London
EGTG,FZO,Bristol Filton Airport,Bristol,GB,51.5194015503,-2.5908300877,Europe/London
EGTK,OXF,Oxford (Kidlington) Airport,Kidlington,GB,51.8368988037,-1.3200000525,Europe/London
EGTO,RCS,Rochester Airport,Rochester,GB,51.3518981934,0.5033329725,Europe/London
EGUB,BEX,RAF Benson,Benson,GB,51.6164016724,-1.0958299637,Europe/London
EGUL,LKZ,RAF Lakenheath,Lakenheath,GB,52.4093017578,0.5609999895,Europe/London
EGUN,MHZ,RAF Mildenhall,Mildenhall,GB,52.3619003296,0.4864059985,Europe/London
EGUY,QUY,RAF Wyton,St. Ives,GB,52.3572006226,-0.107832998,Europe/London
EGVA,FFD,RAF Fairford,Fairford,GB,51.6822013855,-1.7900300026,Europe/London
EGVN,BZZ,RAF Brize Norton,Brize Norton,GB,51.75,-1.5836199522,Europe/London
EGVO,ODH,RAF Odiham,Odiham,GB,51.2341003418,-0.9428250194,Europe/London
EGVT,WXF,Wethersfield Airport,Wethersfield,GB,51.9719009399,0.5094439983,Europe/London
EGWU,NHT,RAF Northolt,London,GB,51.5530014038,-0.418166995,Europe/London
EGXC,QCY,RAF Coningsby,Coningsby,GB,53.0929985046,-0.1660140008,Europe/London
EGXH,BEQ,RAF Honington,Thetford,GB,52.3426017761,0.7729390264,Europe/London
EGXJ,OKH,RAF Cottesmore,Cottesmore,GB,52.7356987,-0.648769021,Europe/London
EGXP,SQZ,RAF Scampton,Scampton,GB,53.307800293,-0.5508329868,Europe/London
EGXU,HRT,RAF Linton-On-Ouse,Linton-On-Ouse,GB,54.0489006042,-1.2527500391,Europe/London
EGXW,WTN,RAF Waddington,Waddington,GB,53.1661987305,-0.5238109827,Europe/London
EGYM,KNF,RAF Marham,Marham,GB,52.648399353,0.5506920218,Europe/London
EGYP,MPN,Mount Pleasant Airport,Mount Pleasant,FK,-51.8227996826,-58.4472007751,Atlantic/Stanley
EHAM,AMS,Amsterdam Airport Schiphol,Amsterdam,NL,52.3086013794,4.7638897896,Europe/Amsterdam
EHBK,MST,Maastricht Aachen Airport,Maastricht,NL,50.9117012024,5.7701401711,Europe/Amsterdam
EHDL,QAR,Deelen Air Base,Arnhem,NL,52.0606002808,5.8730602264,Europe/Amsterdam
EHEH,EIN,Eindhoven Airport,Eindhoven,NL,51.4500999451,5.3745298386,Europe/Amsterdam
EHGG,GRQ,Eelde Airport,Groningen,NL,53.1197013855,6.5794401169,Europe/Amsterdam
EHGR,GLZ,Gilze Rijen Air Base,Breda,NL,51.567401886,4.9318299294,Europe/Amsterdam
EHKD,DHR,De Kooy Airport,Den Helder,NL,52.9234008789,4.7806200981,Europe/Amsterdam
EHLE,LEY,Lelystad Airport,Lelystad,NL,52.4603004456,5.5272197723,Europe/Amsterdam
EHLW,LWR,Leeuwarden Air Base,Leeuwarden,NL,53.2285995483,5.7605600357,Europe/Amsterdam
EHRD,RTM,Rotterdam Airport,Rotterdam,NL,51.9569015503,4.4372200966,Europe/Amsterdam
EHTW,ENS,Twenthe Airport,Enschede,NL,52.2700004578,6.8741698265,Europe/Amsterdam
EHVK,UDE,Volkel Air Base,Uden,NL,51.6563987732,5.7086100578,Europe/Amsterdam
EHWO,WOE,Woensdrecht Air Base,Bergen Op Zoom,NL,51.4491004944,4.3420300484,Europe/Amsterdam
EIBN,BYT,Bantry Aerodrome,Bantry,IE,51.668598175,-9.48416996,Europe/Dublin
EIBT,BLY,Belmullet Aerodrome,Belmullet,IE,54.2228012085,-10.0307998657,Europe/Dublin
EICA,NNR,Connemara Regional Airport,Inverin,IE,53.2303009033,-9.4677801132,Europe/Dublin
EICB,CLB,Castlebar Airport,Castlebar,IE,53.848400116,-9.2803697586,Europe/Dublin
EICD,WEX,Castlebridge Airport,Wexford,IE,52.3333320618,-6.4666671753,Europe/Dublin
EICK,ORK,Cork Airport,Cork,IE,51.8413009644,-8.491109848,Europe/Dublin
EICM,GWY,Galway Airport,Galway,IE,53.300201416,-8.9415903091,Europe/Dublin
EIDL,CFN,Donegal Airport,Donegal,IE,55.0442008972,-8.3409996033,Europe/Dublin
EIDW,DUB,Dublin Airport,Dublin,IE,53.4212989807,-6.270070076,Europe/Dublin
EIIM,IOR,Inishmore Aerodrome,Inis Mor,IE,53.1067008972,-9.6536102295,Europe/Dublin
EIIR,INQ,Inisheer Aerodrome,Inis Oirr,IE,53.0647010803,-9.5108995438,Europe/Dublin
EIKK,KKY,Kilkenny Airport,Kilkenny,IE,52.6507987976,-7.2961101532,Europe/Dublin
EIKN,NOC,Ireland West Knock Airport,Charleston,IE,53.9103012085,-8.8184900284,Europe/Dublin
EIKY,KIR,Kerry Airport,Killarney,IE,52.1809005737,-9.5237798691,Europe/Dublin
EILT,LTR,Letterkenny Airport,Letterkenny,IE,54.9513015747,-7.6728301048,Europe/Dublin
EIMN,IIA,Inishmaan Aerodrome,Inis Meain,IE,53.0929985046,-9.5680599213,Europe/Dublin
EINN,SNN,Shannon Airport,Shannon,IE,52.7019996643,-8.9248199463,Europe/Dublin
EISG,SXL,Sligo Airport,Sligo,IE,54.2802009583,-8.5992097855,Europe/Dublin
EIWF,WAT,Waterford Airport,Waterford,IE,52.1871986389,-7.0869598389,Europe/Dublin
EKAH,AAR,Aarhus Airport,Aarhus,DK,56.2999992371,10.6190004349,Europe/Copenhagen
EKBI,BLL,Billund Airport,Billund,DK,55.7402992249,9.1517801285,Europe/Copenhagen
EKCH,CPH,Copenhagen Kastrup Airport,Copenhagen,DK,55.6179008484,12.6560001373,Europe/Copenhagen
EKEB,EBJ,Esbjerg Airport,Esbjerg,DK,55.5259017944,8.5534000397,Europe/Copenhagen
EKKA,KRP,Karup Airport,Karup,DK,56.2975006104,9.1246299744,Europe/Copenhagen
EKLS,BYR,Laeso Airport,Laeso,DK,57.2771987915,11.0001001358,Europe/Copenhagen
EKMB,MRW,Lolland Falster Maribo Airport,Lolland Falster / Maribo,DK,54.6992988586,11.4400997162,Europe/Copenhagen
EKOD,ODE,Odense Airport,Odense,DK,55.4766998291,10.3309001923,Europe/Copenhagen
EKRK,RKE,Copenhagen Roskilde Airport,Copenhagen,DK,55.5856018066,12.1314001083,Europe/Copenhagen
EKRN,RNN,Bornholm Airport,Ronne,DK,55.0633010864,14.7595996857,Europe/Copenhagen
EKSB,SGD,Sonderborg Airport,Sonderborg,DK,54.9644012451,9.7917299271,Europe/Copenhagen
EKSN,CNL,Sindal Airport,Sindal,DK,57.5035018921,10.2293996811,Europe/Copenhagen
EKSP,SKS,Vojens Skrydstrup Airport,Vojens,DK,55.2256011963,9.2639303207,Europe/Copenhagen
EKSV,SQW,Skive Airport,Skive,DK,56.550201416,9.1729803085,Europe/Copenhagen
EKTS,TED,Thisted Airport,Thisted,DK,57.0688018799,8.7052202225,Europe/Copenhagen
EKVG,FAE,Vagar Airport,Vagar,FO,62.0635986328,-7.2772197723,Atlantic/Faroe
EKVJ,STA,Stauning Airport,Skjern / Ringkobing,DK,55.9901008606,8.3539104462,Europe/Copenhagen
EKYT,AAL,Aalborg Airport,Aalborg,DK,57.0927589138,9.8492431641,Europe/Copenhagen
ELLX,LUX,Luxembourg-Findel International Airport,Luxembourg,LU,49.6265983582,6.211520195,Europe/Luxembourg
ENAL,AES,Alesund Airport,Alesund,NO,62.5625,6.119699955,Europe/Oslo
ENAN,ANX,Andoya Airport,Andenes,NO,69.2925033569,16.1441993713,Europe/Oslo
ENAT,ALF,Alta Airport,Alta,NO,69.9760971069,23.3717002869,Europe/Oslo
ENBL,FDE,Bringeland Airport,Forde,NO,61.3911018372,5.756939888,Europe/Oslo
ENBN,BNN,Bronnoysund Airport,Bronnoy,NO,65.4610977173,12.217499733,Europe/Oslo
ENBO,BOO,Bodo Airport,Bodo,NO,67.269203186,14.3653001785,Europe/Oslo
ENBR,BGO,Bergen Airport Flesland,Bergen,NO,60.2933998108,5.2181401253,Europe/Oslo
ENBS,BJF,Batsfjord Airport,Batsfjord,NO,70.6005020142,29.691400528,Europe/Oslo
ENBV,BVG,Berlevag Airport,Berlevag,NO,70.8713989258,29.0342006683,Europe/Oslo
ENCN,KRS,Kristiansand Airport,Kjevik,NO,58.2042007446,8.0853700638,Europe/Oslo
ENDI,DLD,Geilo Airport Dagali,Dagali,NO,60.417301178,8.5183496475,Europe/Oslo
ENDU,BDU,Bardufoss Airport,Malselv,NO,69.0558013916,18.5403995514,Europe/Oslo
ENEV,EVE,Harstad/Narvik Airport Evenes,Evenes,NO,68.4913024902,16.6781005859,Europe/Oslo
ENFG,VDB,Leirin Airport,Unknown,NO,61.0155982971,9.2880601883,Europe/Oslo
ENFL,FRO,Floro Airport,Floro,NO,61.5835990906,5.024720192,Europe/Oslo
ENGM,OSL,Oslo Gardermoen Airport,Oslo,NO,60.193901062,11.100399971,Europe/Oslo
ENHA,HMR,Stafsberg Airport,Hamar,NO,60.8180999756,11.0679998398,Europe/Oslo
ENHD,HAU,Haugesund Airport,Karmoy,NO,59.3452987671,5.2083601952,Europe/Oslo
ENHF,HFT,Hammerfest Airport,Hammerfest,NO,70.6797027588,23.6686000824,Europe/Oslo
ENHK,HAA,Hasvik Airport,Hasvik,NO,70.4867019653,22.1396999359,Europe/Oslo
ENHV,HVG,Valan Airport,Honningsvag,NO,71.0096969604,25.9836006165,Europe/Oslo
ENJA,ZXB,Jan Mayen Jan Mayensfield,Unknown,NO,70.9611111111,-8.5758333333,Europe/Oslo
ENKA,QKX,Kautokeino Air Base,Unknown,NO,69.0402984619,23.0340003967,Europe/Oslo
ENKB,KSU,Kristiansund Airport Kvernberget,Kvernberget,NO,63.1118011475,7.8245201111,Europe/Oslo
ENKL,GLL,Gol Airport,Klanten,NO,60.7914009094,9.0505599976,Europe/Oslo
ENKR,KKN,Kirkenes Airport Hoybuktmoen,Kirkenes,NO,69.7257995605,29.8913002014,Europe/Oslo
ENLI,FAN,Lista Airport,Farsund,NO,58.0994987488,6.6260499954,Europe/Oslo
ENLK,LKN,Leknes Airport,Leknes,NO,68.1524963379,13.6093997955,Europe/Oslo
ENMH,MEH,Mehamn Airport,Mehamn,NO,71.0297012329,27.8267002106,Europe/Oslo
ENML,MOL,Molde Airport,Aro,NO,62.7447013855,7.2624998093,Europe/Oslo
ENMS,MJF,Mosjoen Airport Kjaerstad,Unknown,NO,65.783996582,13.2149000168,Europe/Oslo
ENNA,LKL,Banak Airport,Lakselv,NO,70.0688018799,24.9734992981,Europe/Oslo
ENNK,NVK,Narvik Framnes Airport,Narvik,NO,68.4368972778,17.3866996765,Europe/Oslo
ENNM,OSY,Namsos Hoknesora Airport,Namsos,NO,64.4721984863,11.5785999298,Europe/Oslo
ENNO,NTB,Notodden Airport,Unknown,NO,59.565700531,9.212220192,Europe/Oslo
ENOL,OLA,Orland Airport,Orland,NO,63.6988983154,9.6040000916,Europe/Oslo
ENOV,HOV,Orsta-Volda Airport Hovden,Orsta,NO,62.1800003052,6.0741000175,Europe/Oslo
ENRA,MQN,Mo i Rana Airport Rossvoll,Mo i Rana,NO,66.363899231,14.3014001846,Europe/Oslo
ENRM,RVK,Rorvik Airport Ryum,Rorvik,NO,64.8383026123,11.1461000443,Europe/Oslo
ENRO,RRS,Roros Airport,Roros,NO,62.5783996582,11.342300415,Europe/Oslo
ENRS,RET,Rost Airport,Unknown,NO,67.5278015137,12.1033000946,Europe/Oslo
ENRY,RYG,Moss Airport Rygge,Rygge,NO,59.3788986206,10.7855997086,Europe/Oslo
ENSB,LYR,Svalbard Airport Longyear,Longyearbyen,NO,78.2461013794,15.4656000137,Arctic/Longyearbyen
ENSD,SDN,Sandane Airport Anda,Sandane,NO,61.8300018311,6.1058301926,Europe/Oslo
ENSG,SOG,Sogndal Airport,Sogndal,NO,61.1561012268,7.1377801895,Europe/Oslo
ENSH,SVJ,Svolvaer Helle Airport,Svolvaer,NO,68.2433013916,14.6691999435,Europe/Oslo
ENSK,SKN,Stokmarknes Skagen Airport,Hadsel,NO,68.5788269043,15.033416748,Europe/Oslo
ENSN,SKE,Skien Airport,Geiteryggen,NO,59.1850013733,9.5669403076,Europe/Oslo
ENSO,SRP,Stord Airport,Leirvik,NO,59.7919006348,5.3408498764,Europe/Oslo
ENSR,SOJ,Sorkjosen Airport,Sorkjosen,NO,69.7867965698,20.959400177,Europe/Oslo
ENSS,VAW,Vardo Airport Svartnes,Vardo,NO,70.3554000854,31.0449008942,Europe/Oslo
ENST,SSJ,Sandnessjoen Airport Stokka,Alstahaug,NO,65.9568023682,12.4688997269,Europe/Oslo
ENTC,TOS,Tromso Airport,Tromso,NO,69.6832962036,18.9188995361,Europe/Oslo
ENTO,TRF,Sandefjord Airport Torp,Torp,NO,59.1866989136,10.258600235,Europe/Oslo
ENVA,TRD,Trondheim Airport Vaernes,Trondheim,NO,63.4578018188,10.9239997864,Europe/Oslo
ENVD,VDS,Vadso Airport,Vadso,NO,70.0652999878,29.8446998596,Europe/Oslo
ENZV,SVG,Stavanger Airport Sola,Stavanger,NO,58.876701355,5.6377801895,Europe/Oslo
EPBK,QYY,Bialystok-Krywlany Airport,Bialystok,PL,53.101398468,23.1706008911,Europe/Warsaw
EPBP,BXP,Biala Podlaska Airport,Biala Podlaska,PL,52.0057983398,23.1436004639,Europe/Warsaw
EPBY,BZG,Bydgoszcz Ignacy Jan Paderewski Airport,Bydgoszcz,PL,53.0968017578,17.9776992798,Europe/Warsaw
EPGD,GDN,Gdansk Lech Walesa Airport,Gdansk,PL,54.3776016235,18.4661998749,Europe/Warsaw
EPGL,QLC,Gliwice Glider Airport,Unknown,PL,50.2694015503,18.6728000641,Europe/Warsaw
EPKK,KRK,John Paul II International Airport Krakow-Balice Airport,Krakow,PL,50.0777015686,19.7847995758,Europe/Warsaw
EPKO,OSZ,Koszalin Zegrze Airport,Unknown,PL,54.0424995422,16.2656002045,Europe/Warsaw
EPKT,KTW,Katowice International Airport,Katowice,PL,50.4743003845,19.0799999237,Europe/Warsaw
EPKW,QEO,Bielsko-Bialo Kaniow Airfield,Czechowice-Dziedzice,PL,49.9399986267,19.0219993591,Europe/Warsaw
EPLB,LUZ,Lublin Airport,Lublin,PL,51.240278,22.713611,Europe/Warsaw
EPLL,LCJ,Lodz Wladyslaw Reymont Airport,Lodz,PL,51.7219009399,19.3980998993,Europe/Warsaw
EPLR,QLU,Lublin Radwiec Airport,Unknown,PL,51.2219009399,22.3946990967,Europe/Warsaw
EPMO,WMI,Warsaw Modlin Airport,Warsaw,PL,52.4510993958,20.6518001556,Europe/Warsaw
EPNT,QWS,Nowy Targ Airport,Nowy Targ,PL,49.4627990723,20.0503005981,Europe/Warsaw
EPOK,QYD,Oksywie Military Air Base,Gdynia,PL,54.57970047,18.51720047,Europe/Warsaw
EPOP,QPM,Opole-Polska Nowa Wies Airport,Opole,PL,50.6333007812,17.7817001343,Europe/Warsaw
EPPO,POZ,Poznan-Lawica Airport,Poznan,PL,52.4210014343,16.8262996674,Europe/Warsaw
EPRA,RDO,Warsaw-Radom Airport,Radom,PL,51.3891983032,21.213300705,Europe/Warsaw
EPRU,CZW,Czestochowa-Rudniki Airport,Czestochowa,PL,50.886133,19.202472,Europe/Warsaw
EPRZ,RZE,Rzeszow-Jasionka Airport,Rzeszow,PL,50.1100006104,22.0189990997,Europe/Warsaw
EPSC,SZZ,Szczecin-Goleniow Solidarnosc Airport,Goleniow,PL,53.5847015381,14.9021997452,Europe/Warsaw
EPSU,ZWK,Suwalki Airport,Suwalki,PL,54.0727996826,22.8992004395,Europe/Warsaw
EPSY,SZY,Olsztyn-Mazury Airport,Szymany,PL,53.481944,20.937778,Europe/Warsaw
EPWA,WAW,Warsaw Chopin Airport,Warsaw,PL,52.1656990051,20.9671001434,Europe/Warsaw
EPWR,WRO,Copernicus Wroclaw Airport,Wroclaw,PL,51.1026992798,16.885799408,Europe/Warsaw
EPPW,QMP,Powidz Airport,Powidz,PL,52.3793983,17.8539009,Europe/Warsaw
EPZG,IEG,Zielona Gora-Babimost Airport,Babimost,PL,52.1385002136,15.7986001968,Europe/Warsaw
ESDF,RNB,Ronneby Airport,Unknown,SE,56.2667007446,15.2650003433,Europe/Stockholm
ESFA,XWP,Hassleholm Bokeberg Airport,Hassleholm,SE,56.1344069918,13.8756465912,Europe/Stockholm
ESGG,GOT,Gothenburg-Landvetter Airport,Gothenburg,SE,57.6627998352,12.279800415,Europe/Stockholm
ESGJ,JKG,Jonkoping Airport,Jonkoping,SE,57.757598877,14.0686998367,Europe/Stockholm
ESGL,LDK,Lidkoping-Hovby Airport,Lidkoping,SE,58.4654998779,13.1744003296,Europe/Stockholm
ESGP,GSE,Gothenburg City Airport,Gothenburg,SE,57.7747001648,11.8704004288,Europe/Stockholm
ESGR,KVB,Skovde Airport,Skovde,SE,58.456401825,13.972700119,Europe/Stockholm
ESGT,THN,Trollhattan-Vanersborg Airport,Trollhattan,SE,58.3180999756,12.345000267,Europe/Stockholm
ESKK,KSK,Karlskoga Airport,Unknown,SE,59.3459014893,14.4959001541,Europe/Stockholm
ESKM,MXX,Mora Airport,Unknown,SE,60.957901001,14.5114002228,Europe/Stockholm
ESKN,NYO,Stockholm Skavsta Airport,Stockholm / Nykoping,SE,58.7886009216,16.9122009277,Europe/Stockholm
ESKS,SCR,Salen Scandinavian Mountains Airport,Sälen,SE,61.159,12.84,Europe/Stockholm
ESMK,KID,Kristianstad Airport,Kristianstad,SE,55.9216995239,14.0854997635,Europe/Stockholm
ESML,JLD,Landskrona Airport,Landskrona,SE,55.9459991455,12.8699998856,Europe/Stockholm
ESMO,OSK,Oskarshamn Airport,Unknown,SE,57.3504981995,16.4979991913,Europe/Stockholm
ESMQ,KLR,Kalmar Airport,Unknown,SE,56.6855010986,16.2875995636,Europe/Stockholm
ESMS,MMX,Malmo Sturup Airport,Malmo,SE,55.536305364,13.3761978149,Europe/Stockholm
ESMT,HAD,Halmstad Airport,Halmstad,SE,56.6911010742,12.8201999664,Europe/Stockholm
ESMX,VXO,Vaxjo Kronoberg Airport,Vaxjo,SE,56.9291000366,14.7279996872,Europe/Stockholm
ESND,EVG,Sveg Airport,Unknown,SE,62.0477981567,14.4229001999,Europe/Stockholm
ESNG,GEV,Gallivare Airport,Gallivare,SE,67.1324005127,20.8145999908,Europe/Stockholm
ESNK,KRF,Kramfors Solleftea Airport,Kramfors / Solleftea,SE,63.0485992432,17.7688999176,Europe/Stockholm
ESNL,LYC,Lycksele Airport,Unknown,SE,64.5483016968,18.7161998749,Europe/Stockholm
ESNN,SDL,Sundsvall-Harnosand Airport,Sundsvall/ Harnosand,SE,62.5280990601,17.4438991547,Europe/Stockholm
ESNO,OER,Ornskoldsvik Airport,Ornskoldsvik,SE,63.4082984924,18.9899997711,Europe/Stockholm
ESNQ,KRN,Kiruna Airport,Unknown,SE,67.8219985962,20.3367996216,Europe/Stockholm
ESNS,SFT,Skelleftea Airport,Skelleftea,SE,64.6248016357,21.0769004822,Europe/Stockholm
ESNU,UME,Umea Airport,Umea,SE,63.7918014526,20.2828006744,Europe/Stockholm
ESNV,VHM,Vilhelmina Airport,Unknown,SE,64.5791015625,16.8335990906,Europe/Stockholm
ESNX,AJR,Arvidsjaur Airport,Arvidsjaur,SE,65.5903015137,19.2819004059,Europe/Stockholm
ESNY,SOO,Soderhamn Airport,Soderhamn,SE,61.2615013123,17.0991001129,Europe/Stockholm
ESNZ,OSD,Ostersund Airport,Ostersund,SE,63.1944007874,14.5003004074,Europe/Stockholm
ESOE,ORB,Orebro Airport,Orebro,SE,59.2237014771,15.0380001068,Europe/Stockholm
ESOH,HFS,Hagfors Airport,Unknown,SE,60.0200996399,13.5789003372,Europe/Stockholm
ESOK,KSD,Karlstad Airport,Karlstad,SE,59.4446983337,13.3374004364,Europe/Stockholm
ESOW,VST,Stockholm Vasteras Airport,Stockholm / Vasteras,SE,59.5894012451,16.633600235,Europe/Stockholm
ESPA,LLA,Lulea Airport,Lulea,SE,65.543800354,22.1219997406,Europe/Stockholm
ESSA,ARN,Stockholm-Arlanda Airport,Stockholm,SE,59.6519012451,17.9186000824,Europe/Stockholm
ESSB,BMA,Stockholm-Bromma Airport,Stockholm,SE,59.3544006348,17.9416999817,Europe/Stockholm
ESSD,BLE,Borlange Airport,Unknown,SE,60.422000885,15.5151996613,Europe/Stockholm
ESSF,HLF,Hultsfred Airport,Unknown,SE,57.5257987976,15.8233003616,Europe/Stockholm
ESSK,GVX,Gavle Sandviken Airport,Gavle / Sandviken,SE,60.5932998657,16.9514007568,Europe/Stockholm
ESSL,LPI,Linkoping SAAB Airport,Linkoping,SE,58.4062004089,15.6805000305,Europe/Stockholm
ESSP,NRK,Norrkoping Airport,Norrkoping,SE,58.5862998962,16.2506008148,Europe/Stockholm
ESST,TYF,Torsby Airport,Unknown,SE,60.1576004028,12.9912996292,Europe/Stockholm
ESSU,EKT,Eskilstuna Airport,Eskilstuna,SE,59.3511009216,16.7084007263,Europe/Stockholm
ESSV,VBY,Visby Airport,Visby,SE,57.6627998352,18.346200943,Europe/Stockholm
ESSW,VVK,Vastervik Airport,Vastervik,SE,57.7799987793,16.5235996246,Europe/Stockholm
ESTA,AGH,Angelholm-Helsingborg Airport,Angelholm,SE,56.2961006165,12.8471002579,Europe/Stockholm
ESUD,SQO,Storuman Airport,Unknown,SE,64.960899353,17.6965999603,Europe/Stockholm
ESUE,IDB,Idre Airport,Idre,SE,61.8697013855,12.6893997192,Europe/Stockholm
ESUP,PJA,Pajala Airport,Unknown,SE,67.2455978394,23.0688991547,Europe/Stockholm
ESUT,HMV,Hemavan Airport,Unknown,SE,65.806098938,15.0827999115,Europe/Stockholm
ETAD,SPM,Spangdahlem Air Base,Trier,DE,49.9726982117,6.6925001144,Europe/Berlin
ETAR,RMS,Ramstein Air Base,Ramstein,DE,49.4369010925,7.600279808,Europe/Berlin
ETEU,GHF,Giebelstadt Army Air Field,Unknown,DE,49.6481018066,9.9664897919,Europe/Berlin
ETHC,ZCN,Celle Airport,Unknown,DE,52.5912017822,10.0221004486,Europe/Berlin
ETHE,ZPQ,Rheine Bentlage Airport,Unknown,DE,52.2911987305,7.3870000839,Europe/Berlin
ETHF,FRZ,Fritzlar Airport,Fritzlar,DE,51.1146,9.286,Europe/Berlin
ETID,ZNF,Hanau Army Air Field,Unknown,DE,50.1692008972,8.9615898132,Europe/Berlin
ETIK,ILH,Illesheim Air Base,Unknown,DE,49.4738998413,10.3880996704,Europe/Berlin
ETMN,NDZ,Nordholz Airport,Unknown,DE,53.7677001953,8.6584997177,Europe/Berlin
ETNG,GKE,Geilenkirchen Airport,Unknown,DE,50.9608001709,6.0424199104,Europe/Amsterdam
ETNH,QCN,Hohn Airport,Hohn,DE,54.3121986389,9.5381698608,Europe/Berlin
ETNL,RLG,Rostock-Laage Airport,Rostock,DE,53.9182014465,12.2783002853,Europe/Berlin
ETNN,QOE,Norvenich Airport,Unknown,DE,50.831199646,6.6581702232,Europe/Berlin
ETNS,WBG,Schleswig Airport,Unknown,DE,54.4593009949,9.5163297653,Europe/Berlin
ETNU,FNB,Neubrandenburg Airport,Unknown,DE,53.6021995544,13.3059997559,Europe/Berlin
ETOU,WIE,Wiesbaden Army Airfield,Wiesbaden,DE,50.0498008728,8.3254003525,Europe/Berlin
ETSF,FEL,Furstenfeldbruck Airport,Furstenfeldbruck,DE,48.2055549622,11.2669439316,Europe/Berlin
ETSI,IGS,Ingolstadt Manching Airport,Manching,DE,48.7156982422,11.5340003967,Europe/Berlin
ETUO,GUT,Gutersloh Airport,Gutersloh,DE,51.9227981567,8.3063297272,Europe/Berlin
EVDA,DGP,Daugavpils Intrenational Airport,Daugavpils,LV,55.9447212219,26.6650009155,Europe/Riga
EVLA,LPX,Liepaja International Airport,Liepaja,LV,56.5175018311,21.0969009399,Europe/Riga
EVRA,RIX,Riga International Airport,Riga,LV,56.9235992432,23.9710998535,Europe/Riga
EVVA,VNT,Ventspils International Airport,Ventspils,LV,57.35779953,21.5442008972,Europe/Riga
EYKA,KUN,Kaunas International Airport,Kaunas,LT,54.9639015198,24.0848007202,Europe/Vilnius
EYKL,KLJ,Klaipeda Airport,Klaipeda,LT,55.7118988037,21.2427997589,Europe/Vilnius
EYPA,PLQ,Palanga International Airport,Palanga,LT,55.9732017517,21.0939006805,Europe/Vilnius
EYPP,PNV,Panevezys Air Base,Panevezys,LT,55.7294006348,24.4608001709,Europe/Vilnius
EYSA,SQQ,Siauliai International Airport,Siauliai,LT,55.893901825,23.3950004578,Europe/Vilnius
EYSB,HLJ,Barysiai Airport,Barysiai,LT,56.0705986023,23.5580997467,Europe/Vilnius
EYVI,VNO,Vilnius International Airport,Vilnius,LT,54.6341018677,25.2858009338,Europe/Vilnius
FAAB,ALJ,Alexander Bay Airport,Alexander Bay,ZA,-28.5750007629,16.5333003998,Africa/Johannesburg
FAAG,AGZ,Aggeneys Airport,Aggeneys,ZA,-29.2817993164,18.8138999939,Africa/Johannesburg
FAAL,ADY,Alldays Airport,Alldays,ZA,-22.6790008545,29.0555000305,Africa/Johannesburg
FABE,BIY,Bisho Airport,Bisho,ZA,-32.8970985413,27.2791004181,Africa/Johannesburg
FABL,BFN,J B M Hertzog International Airport,Bloemfontain,ZA,-29.0926990509,26.302400589,Africa/Johannesburg
FABU,UTE,Bultfontein Airport,Bultfontein,ZA,-28.273369,26.135835,Africa/Johannesburg
FACD,CDO,Cradock Airport,Cradock,ZA,-32.1567001343,25.6455993652,Africa/Johannesburg
FACT,CPT,Cape Town International Airport,Cape Town,ZA,-33.9648017883,18.6016998291,Africa/Johannesburg
FADK,DUK,Mubatuba Airport,Mubatuba,ZA,-28.3684005737,32.2481002808,Africa/Johannesburg
FADQ,PZL,Zulu Inyala Airport,Phinda,ZA,-27.8493995667,32.3097000122,Africa/Johannesburg
FAEL,ELS,Ben Schoeman Airport,East London,ZA,-33.0355987549,27.8258991241,Africa/Johannesburg
FAEM,EMG,Empangeni Airport,Empangeni,ZA,-28.7199993134,31.8899993896,Africa/Johannesburg
FAER,ELL,Ellisras Matimba Airport,Ellisras,ZA,-23.7266998291,27.6882991791,Africa/Johannesburg
FAFB,FCB,Ficksburg Sentraoes Airport,Ficksburg,ZA,-28.8230991364,27.9088993073,Africa/Johannesburg
FAGC,GCJ,Grand Central Airport,Midrand,ZA,-25.9862995148,28.1401004791,Africa/Johannesburg
FAGG,GRJ,George Airport,George,ZA,-34.0055999756,22.378900528,Africa/Johannesburg
FAGI,GIY,Giyani Airport,Giyani,ZA,-23.2833003998,30.6499996185,Africa/Johannesburg
FAGM,QRA,Rand Airport,Johannesburg,ZA,-26.2425003052,28.1511993408,Africa/Johannesburg
FAHL,HLW,Hluhluwe Airport,Hluhluwe,ZA,-28.0166049887,32.2751712799,Africa/Johannesburg
FAHR,HRS,Harrismith Airport,Harrismith,ZA,-28.2350997925,29.1061992645,Africa/Johannesburg
FAHS,HDS,Hoedspruit Air Force Base Airport,Hoedspruit,ZA,-24.3686008453,31.0487003326,Africa/Johannesburg
FAKD,KXE,P C Pelser Airport,Klerksdorp,ZA,-26.871099472,26.718000412,Africa/Johannesburg
FAKM,KIM,Kimberley Airport,Kimberley,ZA,-28.8027992249,24.7651996613,Africa/Johannesburg
FAKN,MQP,Kruger Mpumalanga International Airport,Mpumalanga,ZA,-25.3831996918,31.1056003571,Africa/Johannesburg
FAKP,KOF,Komatipoort Airport,Komatipoort,ZA,-25.4402999878,31.9300003052,Africa/Johannesburg
FAKU,KMH,Johan Pienaar Airport,Kuruman,ZA,-27.4566993713,23.4113998413,Africa/Johannesburg
FAKZ,KLZ,Kleinsee Airport,Kleinsee,ZA,-29.6884002686,17.0939998627,Africa/Johannesburg
FALA,HLA,Lanseria Airport,Johannesburg,ZA,-25.9384994507,27.9260997772,Africa/Johannesburg
FALC,LMR,Lime Acres Finsch Mine Airport,Lime Acres,ZA,-28.3600997925,23.4391002655,Africa/Johannesburg
FALD,LDZ,Londolozi Airport,Londolozi,ZA,-24.7502002716,31.4757003784,Africa/Johannesburg
FALE,DUR,King Shaka International Airport,Durban,ZA,-29.6144444444,31.1197222222,Africa/Johannesburg
FALK,LUJ,Lusikisiki Airport,Lusikisiki,ZA,-31.3666992188,29.5832996368,Africa/Johannesburg
FALO,LCD,Louis Trichardt Airport,Louis Trichardt,ZA,-23.0618991852,29.8647003174,Africa/Johannesburg
FALW,SDB,Langebaanweg Airport,Langebaanweg,ZA,-32.9688987732,18.1602993011,Africa/Johannesburg
FALY,LAY,Ladysmith Airport,Ladysmith,ZA,-28.5816993713,29.7497005463,Africa/Johannesburg
FAMD,AAM,Malamala Airport,Malamala,ZA,-24.8180999756,31.5445995331,Africa/Johannesburg
FAMG,MGH,Margate Airport,Margate,ZA,-30.8574008942,30.343000412,Africa/Johannesburg
FAMH,MEZ,Musina(Messina) Airport,Musina,ZA,-22.3560009003,29.9862003326,Africa/Johannesburg
FAMM,MBD,Mmabatho International Airport,Mafeking,ZA,-25.7984008789,25.5480003357,Africa/Johannesburg
FAMN,LLE,Riverside Airport,Malelane,ZA,-25.4300003052,31.5767002106,Africa/Johannesburg
FAMO,MZY,Mossel Bay Airport,Mossel Bay,ZA,-34.1582984924,22.058599472,Africa/Johannesburg
FAMU,MZQ,Mkuze Airport,Mkuze,ZA,-27.6261005402,32.0443000793,Africa/Johannesburg
FANC,NCS,Newcastle Airport,Newcastle,ZA,-27.7705993652,29.9769001007,Africa/Johannesburg
FANG,NGL,Ngala Airport,Ngala,ZA,-24.3878002167,31.325799942,Africa/Johannesburg
FANS,NLP,Nelspruit Airport,Nelspruit,ZA,-25.5,30.9137992859,Africa/Johannesburg
FAOB,OVG,Overberg Airport,Overberg,ZA,-34.554901123,20.2506999969,Africa/Johannesburg
FAOH,OUH,Oudtshoorn Airport,Oudtshoorn,ZA,-33.6069984436,22.188999176,Africa/Johannesburg
FAOR,JNB,O. R. Tambo International Airport,Johannesburg,ZA,-26.133333,28.25,Africa/Johannesburg
FAPA,AFD,Port Alfred Airport,Port Alfred,ZA,-33.5541992188,26.8777008057,Africa/Johannesburg
FAPE,PLZ,Port Elizabeth Airport,Port Elizabeth,ZA,-33.9849014282,25.6173000336,Africa/Johannesburg
FAPG,PBZ,Plettenberg Bay Airport,Plettenberg Bay,ZA,-34.0903015137,23.3278007507,Africa/Johannesburg
FAPH,PHW,Hendrik Van Eck Airport,Phalaborwa,ZA,-23.9372005463,31.1553993225,Africa/Johannesburg
FAPJ,JOH,Port St Johns Airport,Port St Johns,ZA,-31.6058998108,29.5198001862,Africa/Johannesburg
FAPK,PRK,Prieska Airport,Prieska,ZA,-29.683599472,22.7705993652,Africa/Johannesburg
FAPM,PZB,Pietermaritzburg Airport,Pietermaritzburg,ZA,-29.6490001678,30.3987007141,Africa/Johannesburg
FAPN,NTY,Pilanesberg International Airport,Pilanesberg,ZA,-25.3337993622,27.1734008789,Africa/Johannesburg
FAPP,PTG,Polokwane International Airport,Potgietersrus,ZA,-23.8453006744,29.4585990906,Africa/Johannesburg
FAPS,PCF,Potchefstroom Airport,Potchefstroom,ZA,-26.670999527,27.0818996429,Africa/Johannesburg
FAQT,UTW,Queenstown Airport,Queenstown,ZA,-31.9202003479,26.8822002411,Africa/Johannesburg
FARB,RCB,Richards Bay Airport,Richards Bay,ZA,-28.7409992218,32.0920982361,Africa/Johannesburg
FARI,RVO,Reivilo Airport,Reivilo,ZA,-27.5471992493,24.1725006104,Africa/Johannesburg
FARS,ROD,Robertson Airport,Robertson,ZA,-33.8121986389,19.9027996063,Africa/Johannesburg
FASB,SBU,Springbok Airport,Springbok,ZA,-29.6893005371,17.9395999908,Africa/Johannesburg
FASC,ZEC,Secunda Airport,Secunda,ZA,-26.52409935,29.1700992584,Africa/Johannesburg
FASE,GSS,Sabi Sabi Airport,Belfast,ZA,-24.9414997101,31.4445991516,Africa/Johannesburg
FASS,SIS,Sishen Airport,Sishen,ZA,-27.6485996246,22.9993000031,Africa/Johannesburg
FASZ,SZK,Skukuza Airport,Skukuza,ZA,-24.960899353,31.5886993408,Africa/Johannesburg
FATD,TDT,Tanda Tula Airport,Welverdiend,ZA,-24.5335998535,31.2999992371,Africa/Johannesburg
FATH,THY,Thohoyandou Airport,Thohoyandou,ZA,-23.0769004822,30.383600235,Africa/Johannesburg
FATN,TCU,Thaba Nchu Tar Airport,Homeward,ZA,-29.3178005219,26.8227996826,Africa/Johannesburg
FATZ,LTA,Tzaneen Airport,Tzaneen,ZA,-23.8243999481,30.3292999268,Africa/Johannesburg
FAUL,ULD,Prince Mangosuthu Buthelezi Airport,Ulundi,ZA,-28.3206005096,31.4165000916,Africa/Johannesburg
FAUP,UTN,Pierre Van Ryneveld Airport,Upington,ZA,-28.39909935,21.2602005005,Africa/Johannesburg
FAUS,ULX,Ulusaba Airport,Ulusaba,ZA,-24.7854003906,31.3549003601,Africa/Johannesburg
FAUT,UTT,K. D. Matanzima Airport,Mthatha,ZA,-31.5478992462,28.6742992401,Africa/Johannesburg
FAVB,VRU,Vryburg Airport,Vyrburg,ZA,-26.9824008942,24.7287998199,Africa/Johannesburg
FAVG,VIR,Virginia Airport,Durban,ZA,-29.7705993652,31.0583992004,Africa/Johannesburg
FAVR,VRE,Vredendal Airport,Vredendal,ZA,-31.6410007477,18.5447998047,Africa/Johannesburg
FAVY,VYD,Vryheid Airport,Vryheid,ZA,-27.7868995667,30.7964000702,Africa/Johannesburg
FAWB,PRY,Wonderboom Airport,Pretoria,ZA,-25.6539001465,28.224199295,Africa/Johannesburg
FAWK,WKF,Waterkloof Air Force Base,Pretoria,ZA,-25.8299999237,28.2224998474,Africa/Johannesburg
FAWM,WEL,Welkom Airport,Welkom,ZA,-27.9979991913,26.6695995331,Africa/Johannesburg
FBFT,FRW,Francistown Airport,Francistown,BW,-21.1595993042,27.4745006561,Africa/Gaborone
FBGZ,GNZ,Ghanzi Airport,Ghanzi,BW,-21.6924991608,21.6581001282,Africa/Gaborone
FBJW,JWA,Jwaneng Airport,Unknown,BW,-24.6023006439,24.6909999847,Africa/Gaborone
FBKE,BBK,Kasane Airport,Kasane,BW,-17.8328990936,25.162399292,Africa/Gaborone
FBKR,KHW,Khwai River Lodge Airport,Khwai River Lodge,BW,-19.1499996185,23.783000946,Africa/Gaborone
FBMN,MUB,Maun Airport,Maun,BW,-19.9726009369,23.4311008453,Africa/Gaborone
FBOR,ORP,Orapa Airport,Unknown,BW,-21.2667007446,25.3166999817,Africa/Gaborone
FBPY,QPH,Palapye Airport,Palapye,BW,-22.5669994354,27.1499996185,Africa/Gaborone
FBSK,GBE,Sir Seretse Khama International Airport,Gaborone,BW,-24.5552005768,25.9181995392,Africa/Gaborone
FBSN,SXN,Sua Pan Airport,Unknown,BW,-20.5534000397,26.1158008575,Africa/Gaborone
FBSP,PKW,Selebi Phikwe Airport,Unknown,BW,-22.0583000183,27.8288002014,Africa/Gaborone
FBSV,SVT,Savuti Airport,Savuti,BW,-18.5205993652,24.0767002106,Africa/Gaborone
FBSW,SWX,Shakawe Airport,Shakawe,BW,-18.3738994598,21.8325996399,Africa/Gaborone
FBTL,TLD,Limpopo Valley Airport,Tuli Lodge,BW,-22.1891994476,29.1268997192,Africa/Gaborone
FBTS,TBY,Tshabong Airport,Tshabong,BW,-26.0333003998,22.3999996185,Africa/Gaborone
FCBB,BZV,Maya-Maya Airport,Brazzaville,CG,-4.2516999245,15.2530002594,Africa/Brazzaville
FCBD,DJM,Djambala Airport,Djambala,CG,-2.5329999924,14.75,Africa/Brazzaville
FCBK,KNJ,Kindamba Airport,Kindamba,CG,-3.9500000477,14.5170001984,Africa/Brazzaville
FCBL,LCO,Lague Airport,Lague,CG,-2.4500000477,14.5329999924,Africa/Brazzaville
FCBM,MUY,Mouyondzi Airport,Mouyondzi,CG,-4.0148739815,13.9661121368,Africa/Brazzaville
FCBS,SIB,Sibiti Airport,Sibiti,CG,-3.6830000877,13.3500003815,Africa/Brazzaville
FCBY,NKY,Yokangassi Airport,Nkayi,CG,-4.2170000076,13.2829999924,Africa/Brazzaville
FCBZ,ANJ,Zanaga Airport,Zanaga,CG,-2.8499999046,13.8170003891,Africa/Brazzaville
FCMM,MSX,Mossendjo Airport,Mossendjo,CG,-2.9500000477,12.6999998093,Africa/Brazzaville
FCOB,BOE,Boundji Airport,Boundji,CG,-1.0329999924,15.3830003738,Africa/Brazzaville
FCOE,EWO,Ewo Airport,Ewo,CG,-0.8830000162,14.8000001907,Africa/Brazzaville
FCOG,GMM,Gamboma Airport,Gamboma,CG,-1.829403,15.885237,Africa/Brazzaville
FCOI,ION,Impfondo Airport,Impfondo,CG,1.6169999838,18.0669994354,Africa/Brazzaville
FCOK,KEE,Kelle Airport,Kelle,CG,-0.0829999968,14.5329999924,Africa/Brazzaville
FCOM,MKJ,Makoua Airport,Makoua,CG,-0.0170000009,15.5830001831,Africa/Brazzaville
FCOO,FTX,Owando Airport,Owando,CG,-0.5313500166,15.9500999451,Africa/Brazzaville
FCOS,SOE,Souanke Airport,Souanke,CG,2.0669999123,14.1330003738,Africa/Brazzaville
FCOT,BTB,Betou Airport,Betou,CG,3.0499999523,18.5,Africa/Brazzaville
FCOU,OUE,Ouesso Airport,Unknown,CG,1.6159900427,16.0379009247,Africa/Brazzaville
FCPA,KMK,Makabana Airport,Makabana,CG,-3.4830000401,12.6169996262,Africa/Brazzaville
FCPD,DIS,Ngot Nzoungou Airport,Dolisie,CG,-4.20635,12.6599,Africa/Brazzaville
FCPP,PNR,Pointe Noire Airport,Pointe Noire,CG,-4.8160300255,11.8865995407,Africa/Brazzaville
FDMS,MTS,Matsapha Airport,Manzini,SZ,-26.5289993286,31.3075008392,Africa/Mbabane
FDSK,SHO,King Mswati III International Airport,Manzini,SZ,-26.358611,31.716944,Africa/Mbabane
FEFC,CRF,Carnot Airport,Carnot,CF,4.9369997978,15.8940000534,Africa/Bangui
FEFF,BGF,Bangui M'Poko International Airport,Bangui,CF,4.3984799385,18.5188007355,Africa/Bangui
FEFG,BGU,Bangassou Airport,Bangassou,CF,4.7849998474,22.7810001373,Africa/Bangui
FEFI,IRO,Birao Airport,Birao,CF,10.2363996506,22.7168998718,Africa/Bangui
FEFM,BBY,Bambari Airport,Bambari,CF,5.8469400406,20.6474990845,Africa/Bangui
FEFN,NDL,N'Dele Airport,N'Dele,CF,8.4272060394,20.6351566315,Africa/Bangui
FEFO,BOP,Bouar Airport,Bouar,CF,5.9580001831,15.6370000839,Africa/Bangui
FEFR,BIV,Bria Airport,Bria,CF,6.527780056,21.9894008636,Africa/Bangui
FEFS,BSN,Bossangoa Airport,Bossangoa,CF,6.492000103,17.4290008545,Africa/Bangui
FEFT,BBT,Berberati Airport,Berberati,CF,4.2215800285,15.7863998413,Africa/Bangui
FEFW,ODA,Ouadda Airport,Ouadda,CF,8.0105600357,22.3985996246,Africa/Bangui
FEFY,AIG,Yalinga Airport,Yalinga,CF,6.5199999809,23.2600002289,Africa/Bangui
FEFZ,IMO,Zemio Airport,Zemio,CF,5.0500001907,25.1499996185,Africa/Bangui
FEGE,MKI,M'Boki Airport,Mboki,CF,5.3330101967,25.9319000244,Africa/Bangui
FEGF,BTG,Batangafo Airport,Batangafo,CF,7.3141098022,18.3087997437,Africa/Bangui
FEGL,GDI,Gordil Airport,Melle,CF,9.5830001831,21.7329998016,Africa/Bangui
FEGM,BMF,Bakouma Airport,Bakouma,CF,5.6939997673,22.8010005951,Africa/Bangui
FEGO,ODJ,Ouanda Djalle Airport,Ouanda Djalle,CF,8.8999996185,22.783000946,Africa/Bangui
FEGR,RFA,Rafai Airport,Rafai,CF,4.9886097908,23.9277992249,Africa/Bangui
FEGU,BCF,Bouca Airport,Bouca,CF,6.5170001984,18.2670001984,Africa/Bangui
FEGZ,BOZ,Bozoum Airport,Bozoum,CF,6.3441700935,16.3218994141,Africa/Bangui
FGBT,BSG,Bata Airport,Unknown,GQ,1.9054700136,9.805680275,Africa/Malabo
FGSL,SSG,Malabo Airport,Malabo,GQ,3.7552700043,8.7087202072,Africa/Malabo
FHAW,ASI,RAF Ascension Island,Ascension Island,SH,-7.9696002007,-14.393699646,Atlantic/St_Helena
FHSH,HLE,Saint Helena Airport,Saint Helena,SH,-15.962108,-5.645901,Atlantic/St_Helena
FIMP,MRU,Sir Seewoosagur Ramgoolam International Airport,Port Louis,MU,-20.4302005768,57.6836013794,Indian/Mauritius
FIMR,RRG,Sir Charles Gaetan Duval Airport,Port Mathurin,MU,-19.7576999664,63.361000061,Indian/Mauritius
FJDG,NKW,Diego Garcia Naval Support Facility,Diego Garcia,IO,-7.313270092,72.4111022949,Indian/Chagos
FKAN,NKS,Nkongsamba Airport,Nkongsamba,CM,4.9499998093,9.9329996109,Africa/Douala
FKKB,KBI,Kribi Airport,Kribi,CM,2.8738899231,9.9777803421,Africa/Douala
FKKC,TKC,Tiko Airport,Tiko,CM,4.0891900063,9.3605298996,Africa/Douala
FKKD,DLA,Douala International Airport,Douala,CM,4.0060801506,9.7194795609,Africa/Douala
FKKF,MMF,Mamfe Airport,Mamfe,CM,5.7041702271,9.3063898087,Africa/Douala
FKKG,BLC,Bali Airport,Bali,CM,5.8952777778,10.0338888889,Africa/Douala
FKKH,KLE,Kaele Airport,Kaele,CM,10.092499733,14.445599556,Africa/Douala
FKKI,OUR,Batouri Airport,Batouri,CM,4.4749999046,14.3625001907,Africa/Douala
FKKJ,GXX,Yagoua Airport,Yagoua,CM,10.3561000824,15.2371997833,Africa/Douala
FKKL,MVR,Salak Airport,Maroua,CM,10.4513998032,14.257399559,Africa/Douala
FKKM,FOM,Foumban Nkounja Airport,Foumban,CM,5.6369199753,10.7508001328,Africa/Douala
FKKN,NGE,N'Gaoundere Airport,N'Gaoundere,CM,7.3570098877,13.5592002869,Africa/Douala
FKKO,BTA,Bertoua Airport,Bertoua,CM,4.5486102104,13.726099968,Africa/Douala
FKKR,GOU,Garoua International Airport,Garoua,CM,9.3358898163,13.3701000214,Africa/Douala
FKKS,DSC,Dschang Airport,Dschang,CM,5.4499998093,10.0670003891,Africa/Douala
FKKU,BFX,Bafoussam Airport,Bafoussam,CM,5.5369200707,10.3545999527,Africa/Douala
FKKV,BPC,Bamenda Airport,Bamenda,CM,6.0392398834,10.1225996017,Africa/Douala
FKKW,EBW,Ebolowa Airport,Ebolowa,CM,2.8759999275,11.1850004196,Africa/Douala
FKKY,YAO,Yaounde Airport,Yaounde,CM,3.83604002,11.5235004425,Africa/Douala
FKYS,NSI,Yaounde Nsimalen International Airport,Yaounde,CM,3.7225599289,11.5532999039,Africa/Douala
FLBA,MMQ,Mbala Airport,Mbala,ZM,-8.85916996,31.3363990784,Africa/Lusaka
FLCP,CIP,Chipata Airport,Chipata,ZM,-13.5583000183,32.5872001648,Africa/Lusaka
FLJK,JEK,Jeki Airstrip,Lower Zambezi National Park,ZM,-15.633332,29.603333,Africa/Harare
FLKE,CGJ,Kasompe Airport,Kasompe,ZM,-12.5727996826,27.8938999176,Africa/Lusaka
FLKK,LUN,Kenneth Kaunda International Airport,Lusaka,ZM,-15.3308000565,28.4526004791,Africa/Lusaka
FLKL,KLB,Kalabo Airport,Kalabo,ZM,-14.9982995987,22.6453990936,Africa/Lusaka
FLKO,KMZ,Kaoma Airport,Kaoma,ZM,-14.8000001907,24.783000946,Africa/Lusaka
FLKS,KAA,Kasama Airport,Kasama,ZM,-10.2166996002,31.1333007813,Africa/Lusaka
FLKY,ZKB,Kasaba Bay Airport,Kasaba Bay,ZM,-8.5249996185,30.6630001068,Africa/Lusaka
FLLI,LVI,Livingstone Airport,Livingstone,ZM,-17.8218002319,25.8227005005,Africa/Lusaka
FLLK,LXU,Lukulu Airport,Lukulu,ZM,-14.3747997284,23.2495002747,Africa/Lusaka
FLMA,MNS,Mansa Airport,Mansa,ZM,-11.1370000839,28.8726005554,Africa/Lusaka
FLMF,MFU,Mfuwe Airport,Mfuwe,ZM,-13.2588996887,31.9365997314,Africa/Lusaka
FLMG,MNR,Mongu Airport,Mongu,ZM,-15.2545003891,23.1623001099,Africa/Lusaka
FLNA,ZGM,Ngoma Airport,Ngoma,ZM,-15.9658002853,25.9333000183,Africa/Lusaka
FLSK,NLA,Simon Mwansa Kapwepwe International Airport,Ndola,ZM,-12.961667,28.516667,Africa/Lusaka
FLSN,SXG,Senanga Airport,Senanga,ZM,-16.1000003815,23.2670001984,Africa/Lusaka
FLSO,KIW,Southdowns Airport,Kitwe,ZM,-12.9005002975,28.1499004364,Africa/Lusaka
FLSS,SJQ,Sesheke Airport,Sesheke,ZM,-17.4762992859,24.3047008514,Africa/Lusaka
FLSW,SLI,Solwesi Airport,Solwesi,ZM,-12.1737003326,26.3651008606,Africa/Lusaka
FLZB,BBZ,Zambezi Airport,Zambezi,ZM,-13.5361003876,23.108499527,Africa/Lusaka
FMCH,HAH,Prince Said Ibrahim International Airport,Moroni,KM,-11.5336999893,43.271900177,Indian/Comoro
FMCI,NWA,Moheli Bandar Es Eslam Airport,Unknown,KM,-12.2981004715,43.7663993835,Indian/Comoro
FMCN,YVA,Iconi Airport,Moroni,KM,-11.7108001709,43.2439002991,Indian/Comoro
FMCV,AJN,Ouani Airport,Ouani,KM,-12.1316995621,44.4303016663,Indian/Comoro
FMCZ,DZA,Dzaoudzi Pamandzi International Airport,Dzaoudzi,YT,-12.8046998978,45.2811012268,Indian/Mayotte
FMEE,RUN,Roland Garros Airport,St Denis,RE,-20.8871002197,55.5102996826,Indian/Reunion
FMEP,ZSE,Pierrefonds Airport,St Pierre,RE,-21.3208999634,55.4249992371,Indian/Reunion
FMFE,OHB,Moramanga Aerodrome,Moramanga,MG,-18.9175,48.2181944444,Indian/Antananarivo
FMMC,WML,Malaimbandy Airport,Malaimbandy,MG,-20.3553902921,45.5433726311,Indian/Antananarivo
FMME,ATJ,Antsirabe Airport,Antsirabe,MG,-19.8392214824,47.0637130737,Indian/Antananarivo
FMMG,WAQ,Antsalova Airport,Antsalova,MG,-18.7012732424,44.6149206161,Indian/Antananarivo
FMMH,VVB,Mahanoro Airport,Mahanoro,MG,-19.8330001831,48.7999992371,Indian/Antananarivo
FMMI,TNR,Ivato Airport,Antananarivo,MG,-18.7968997955,47.4788017273,Indian/Antananarivo
FMMK,JVA,Ankavandra Airport,Ankavandra,MG,-18.8050095209,45.2734673023,Indian/Antananarivo
FMML,BMD,Belo sur Tsiribihina Airport,Belo sur Tsiribihina,MG,-19.6867008209,44.5419006348,Indian/Antananarivo
FMMN,ZVA,Miandrivazo Airport,Unknown,MG,-19.5627994537,45.4508018494,Indian/Antananarivo
FMMO,MXT,Maintirano Airport,Maintirano,MG,-18.0499992371,44.033000946,Indian/Antananarivo
FMMQ,ILK,Atsinanana Airport,Ilaka,MG,-19.5830001831,48.8030014038,Indian/Antananarivo
FMMR,TVA,Morafenobe Airport,Morafenobe,MG,-17.850083459,44.9204671383,Indian/Antananarivo
FMMS,SMS,Sainte Marie Airport,Unknown,MG,-17.0939006805,49.8157997131,Indian/Antananarivo
FMMT,TMM,Toamasina Airport,Unknown,MG,-18.109500885,49.3925018311,Indian/Antananarivo
FMMU,WTA,Tambohorano Airport,Tambohorano,MG,-17.4761009216,43.9728012085,Indian/Antananarivo
FMMV,MOQ,Morondava Airport,Unknown,MG,-20.2847003937,44.3176002502,Indian/Antananarivo
FMMX,WTS,Tsiroanomandidy Airport,Tsiroanomandidy,MG,-18.7596765564,46.0540652275,Indian/Antananarivo
FMMY,VAT,Vatomandry Airport,Vatomandry,MG,-19.383333,48.95,Indian/Antananarivo
FMMZ,WAM,Ambatondrazaka Airport,Ambatondrazaka,MG,-17.7953776085,48.4425830841,Indian/Antananarivo
FMNA,DIE,Arrachart Airport,Unknown,MG,-12.3493995667,49.2916984558,Indian/Antananarivo
FMNC,WMR,Mananara Nord Airport,Mananara Nord,MG,-16.1639003754,49.7737998962,Indian/Antananarivo
FMND,ZWA,Andapa Airport,Unknown,MG,-14.6517000198,49.6206016541,Indian/Antananarivo
FMNE,AMB,Ambilobe Airport,Unknown,MG,-13.1884002686,48.9879989624,Indian/Antananarivo
FMNF,WBD,Avaratra Airport,Befandriana,MG,-15.1999998093,48.483001709,Indian/Antananarivo
FMNG,WPB,Port Berge Airport,Port Berge,MG,-15.5842864741,47.6235866547,Indian/Antananarivo
FMNH,ANM,Antsirabato Airport,Unknown,MG,-14.9994001389,50.3202018738,Indian/Antananarivo
FMNJ,IVA,Ambanja Airport,Ambanja,MG,-13.6457053132,48.4594273567,Indian/Antananarivo
FMNL,HVA,Analalava Airport,Unknown,MG,-14.629699707,47.7638015747,Indian/Antananarivo
FMNM,MJN,Amborovy Airport,Unknown,MG,-15.6668417421,46.3512325287,Indian/Antananarivo
FMNN,NOS,Fascene Airport,Nosy Be,MG,-13.3121004105,48.3148002625,Indian/Antananarivo
FMNO,DWB,Soalala Airport,Soalala,MG,-16.1016904207,45.3588366508,Indian/Antananarivo
FMNP,WMP,Mampikony Airport,Mampikony,MG,-16.0722693402,47.6441645622,Indian/Antananarivo
FMNQ,BPY,Besalampy Airport,Unknown,MG,-16.7445302965,44.4824838638,Indian/Antananarivo
FMNR,WMN,Maroantsetra Airport,Unknown,MG,-15.4366998672,49.6883010864,Indian/Antananarivo
FMNS,SVB,Sambava Airport,Unknown,MG,-14.2785997391,50.1747016907,Indian/Antananarivo
FMNT,TTS,Tsaratanana Airport,Tsaratanana,MG,-16.7510643983,47.6190161705,Indian/Antananarivo
FMNV,VOH,Vohimarina Airport,Unknown,MG,-13.3758001328,50.0027999878,Indian/Antananarivo
FMNW,WAI,Ambalabe Airport,Antsohihy,MG,-14.8987998962,47.9939002991,Indian/Antananarivo
FMNX,WMA,Mandritsara Airport,Mandritsara,MG,-15.8330494086,48.8332843781,Indian/Antananarivo
FMSB,WBO,Antsoa Airport,Beroroha,MG,-21.6069837647,45.1360201836,Indian/Antananarivo
FMSC,WMD,Mandabe Airport,Mandabe,MG,-21.0463049303,44.9404120445,Indian/Antananarivo
FMSD,FTU,Tolanaro Airport,Tolanaro,MG,-25.0380992889,46.9561004639,Indian/Antananarivo
FMSF,WFI,Fianarantsoa Airport,Unknown,MG,-21.4416007996,47.1116981506,Indian/Antananarivo
FMSG,RVA,Farafangana Airport,Unknown,MG,-22.8052997589,47.8205986023,Indian/Antananarivo
FMSI,IHO,Ihosy Airport,Ihosy,MG,-22.4047202024,46.1649370193,Indian/Antananarivo
FMSJ,MJA,Manja Airport,Manja,MG,-21.4261052506,44.31650877,Indian/Antananarivo
FMSK,WVK,Manakara Airport,Unknown,MG,-22.1196994781,48.0217018127,Indian/Antananarivo
FMSL,OVA,Bekily Airport,Bekily,MG,-24.2356947547,45.3045272827,Indian/Antananarivo
FMSM,MNJ,Mananjary Airport,Unknown,MG,-21.2017993927,48.3582992554,Indian/Antananarivo
FMSN,TDV,Samangoky Airport,Tanandava,MG,-21.7000007629,43.733001709,Indian/Antananarivo
FMSR,MXM,Morombe Airport,Unknown,MG,-21.753900528,43.3754997253,Indian/Antananarivo
FMST,TLE,Toliara Airport,Unknown,MG,-23.3833999634,43.7285003662,Indian/Antananarivo
FMSU,VND,Vangaindrano Airport,Vangaindrano,MG,-23.3507665915,47.5817012787,Indian/Antananarivo
FMSV,BKU,Betioky Airport,Betioky,MG,-23.7329998016,44.388999939,Indian/Antananarivo
FMSY,AMP,Ampanihy Airport,Ampanihy,MG,-24.6996994019,44.7341995239,Indian/Antananarivo
FMSZ,WAK,Ankazoabo Airport,Ankazoabo,MG,-22.2964423522,44.5315361023,Indian/Antananarivo
FNAM,AZZ,Ambriz Airport,Ambriz,AO,-7.8622198105,13.1161003113,Africa/Luanda
FNBC,SSY,Mbanza Congo Airport,Mbanza Congo,AO,-6.2698998451,14.2469997406,Africa/Luanda
FNBG,BUG,Benguela Airport,Benguela,AO,-12.609000206,13.4036998749,Africa/Luanda
FNBJ,NBJ,Dr. Antonio Agostinho Neto International Airport,Luanda,AO,-9.046778,13.507194,Africa/Luanda
FNCA,CAB,Cabinda Airport,Cabinda,AO,-5.5969901085,12.1884002686,Africa/Luanda
FNCF,CFF,Cafunfo Airport,Cafunfo,AO,-8.7836103439,17.9897003174,Africa/Luanda
FNCH,PGI,Chitato Airport,Chitato,AO,-7.3588900566,20.8047008514,Africa/Luanda
FNCT,CBT,Catumbela Airport,Catumbela,AO,-12.4792003632,13.4869003296,Africa/Luanda
FNCV,CTI,Cuito Cuanavale Airport,Cuito Cuanavale,AO,-15.1603002548,19.1560993195,Africa/Luanda
FNCX,CXM,Camaxilo Airport,Camaxilo,AO,-8.3736095428,18.9235992432,Africa/Luanda
FNCZ,CAV,Cazombo Airport,Cazombo,AO,-11.8930997849,22.9164009094,Africa/Luanda
FNDU,DUE,Dundo Airport,Chitato,AO,-7.4008898735,20.8185005188,Africa/Luanda
FNGI,VPE,Ngjiva Pereira Airport,Ngiva,AO,-17.0435009003,15.6837997437,Africa/Luanda
FNHU,NOV,Nova Lisboa Airport,Huambo,AO,-12.8088998795,15.7604999542,Africa/Luanda
FNKU,SVP,Kuito Airport,Kuito,AO,-12.4046001434,16.9473991394,Africa/Luanda
FNLB,LLT,Lobito Airport,Lobito,AO,-12.3711996078,13.5366001129,Africa/Luanda
FNLK,LBZ,Lucapa Airport,Lucapa,AO,-8.4457273483,20.7320861816,Africa/Luanda
FNLU,LAD,Quatro De Fevereiro Airport,Luanda,AO,-8.8583698273,13.2312002182,Africa/Luanda
FNLZ,LZM,Luzamba Airport,Luzamba,AO,-9.1159601212,18.0492992401,Africa/Luanda
FNMA,MEG,Malanje Airport,Malanje,AO,-9.5250902176,16.3124008179,Africa/Luanda
FNME,SPP,Menongue Airport,Menongue,AO,-14.6576004028,17.7198009491,Africa/Luanda
FNMO,MSZ,Namibe Airport,Namibe,AO,-15.2611999512,12.1468000412,Africa/Luanda
FNNG,GXG,Negage Airport,Negage,AO,-7.7545099258,15.2876996994,Africa/Luanda
FNPA,PBN,Porto Amboim Airport,Port Amboim,AO,-10.7220001221,13.7655000687,Africa/Luanda
FNSA,VHC,Saurimo Airport,Saurimo,AO,-9.6890697479,20.4319000244,Africa/Luanda
FNSO,SZA,Soyo Airport,Soyo,AO,-6.1410899162,12.3718004227,Africa/Luanda
FNSU,NDD,Sumbe Airport,Sumbe,AO,-11.1679000854,13.8474998474,Africa/Luanda
FNUA,UAL,Luau Airport,Luau,AO,-10.7158002853,22.2311000824,Africa/Luanda
FNUB,SDD,Lubango Airport,Lubango,AO,-14.9246997833,13.5749998093,Africa/Luanda
FNUE,LUO,Luena Airport,Luena,AO,-11.7680997849,19.8976993561,Africa/Luanda
FNUG,UGO,Uige Airport,Uige,AO,-7.6030697823,15.0277996063,Africa/Luanda
FNWK,CEO,Waco Kungo Airport,Waco Kungo,AO,-11.4264001846,15.1014003754,Africa/Luanda
FNXA,XGN,Xangongo Airport,Xangongo,AO,-16.755399704,14.9652996063,Africa/Luanda
FNZE,ARZ,N'zeto Airport,N'zeto,AO,-7.2594399452,12.8631000519,Africa/Luanda
FNZG,NZA,Nzagi Airport,Nzagi,AO,-7.7169399262,21.3582000732,Africa/Luanda
FOGA,AKE,Akiéni Airport,Akiéni,GA,-1.133333,13.9,Africa/Libreville
FOGB,BGB,Booue Airport,Booue,GA,-0.1000000015,11.9499998093,Africa/Libreville
FOGE,KDN,Ndende Airport,Ndende,GA,-2.4000000954,11.3669996262,Africa/Libreville
FOGF,FOU,Fougamou Airport,Fougamou,GA,-1.2829999924,10.6169996262,Africa/Libreville
FOGG,MBC,M'Bigou Airport,M'Bigou,GA,-1.8830000162,11.9329996109,Africa/Libreville
FOGI,MGX,Moabi Airport,Moabi,GA,-2.4330000877,11,Africa/Libreville
FOGJ,KDJ,Ville Airport,N'Djole,GA,-0.1829999983,10.75,Africa/Libreville
FOGK,KOU,Koulamoutou Airport,Koulamoutou,GA,-1.1846100092,12.4413003922,Africa/Libreville
FOGM,MJL,Mouilla Ville Airport,Mouila,GA,-1.8451399803,11.0566997528,Africa/Libreville
FOGO,OYE,Oyem Airport,Oyem,GA,1.543110013,11.5813999176,Africa/Libreville
FOGQ,OKN,Okondja Airport,Okondja,GA,-0.6652140021,13.6731004715,Africa/Libreville
FOGR,LBQ,Lambarene Airport,Lambarene,GA,-0.7043889761,10.2456998825,Africa/Libreville
FOGV,MVX,Minvoul Airport,Minvoul,GA,2.1500000954,12.1330003738,Africa/Libreville
FOOB,BMM,Bitam Airport,Bitam,GA,2.0756399632,11.4932003021,Africa/Libreville
FOOD,MFF,Moanda Airport,Moanda,GA,-1.5329999924,13.2670001984,Africa/Libreville
FOOE,MKB,Mekambo Airport,Mekambo,GA,1.0169999599,13.9329996109,Africa/Libreville
FOOG,POG,Port Gentil Airport,Port Gentil,GA,-0.7117390037,8.7543802261,Africa/Libreville
FOOH,OMB,Omboue Hopital Airport,Omboue,GA,-1.5747300386,9.2626895905,Africa/Libreville
FOOK,MKU,Makokou Airport,Makokou,GA,0.5792109966,12.8908996582,Africa/Libreville
FOOL,LBV,Leon M Ba Airport,Libreville,GA,0.4586000144,9.4122800827,Africa/Libreville
FOOM,MZC,Mitzic Airport,Mitzic,GA,0.7829999924,11.5500001907,Africa/Libreville
FOON,MVB,M'Vengue El Hadj Omar Bongo Ondimba International Airport,Franceville,GA,-1.656159997,13.4379997253,Africa/Libreville
FOOR,LTL,Lastourville Airport,Lastourville,GA,-0.8266670108,12.7486000061,Africa/Libreville
FOOS,ZKM,Sette Cama Airport,Sette Cama,GA,-2.5329999924,9.7670001984,Africa/Libreville
FOOT,TCH,Tchibanga Airport,Tchibanga,GA,-2.8499999046,11.0170001984,Africa/Libreville
FOOY,MYB,Mayumba Airport,Mayumba,GA,-3.4584197998,10.6740760803,Africa/Libreville
FPPR,PCP,Principe Airport,Unknown,ST,1.6629400253,7.4117398262,Africa/Sao_Tome
FPST,TMS,Sao Tome International Airport,Sao Tome,ST,0.3781749904,6.7121500969,Africa/Sao_Tome
FQAG,ANO,Angoche Airport,Angoche,MZ,-16.1818695068,39.9452171326,Africa/Maputo
FQBR,BEW,Beira Airport,Beira,MZ,-19.7964000702,34.9076004028,Africa/Maputo
FQCB,FXO,Cuamba Airport,Cuamba,MZ,-14.8149995804,36.5299987793,Africa/Maputo
FQCH,VPY,Chimoio Airport,Chimoio,MZ,-19.1513004303,33.4290008545,Africa/Maputo
FQIA,IHC,Inhaca Airport,Inhaca,MZ,-25.9971446991,32.9293518066,Africa/Maputo
FQIN,INH,Inhambane Airport,Inhambabe,MZ,-23.8763999939,35.4085006714,Africa/Maputo
FQLC,VXC,Lichinga Airport,Lichinga,MZ,-13.2740001678,35.2663002014,Africa/Maputo
FQLU,LFB,Lumbo Airport,Lumbo,MZ,-15.0331001282,40.6716995239,Africa/Maputo
FQMA,MPM,Maputo Airport,Maputo,MZ,-25.9207992554,32.5726013184,Africa/Maputo
FQMD,MUD,Mueda Airport,Mueda,MZ,-11.6729001999,39.5630989075,Africa/Maputo
FQMP,MZB,Mocimboa da Praia Airport,Mocimboa da Praia,MZ,-11.3618001938,40.3549003601,Africa/Maputo
FQNC,MNC,Nacala Airport,Nacala,MZ,-14.4882001877,40.7122001648,Africa/Maputo
FQNP,APL,Nampula Airport,Nampula,MZ,-15.1056003571,39.2817993164,Africa/Maputo
FQPB,POL,Pemba Airport,Pemba / Porto Amelia,MZ,-12.9917621613,40.5240135193,Africa/Maputo
FQPO,PDD,Ponta do Ouro Airport,Ponta do Ouro,MZ,-26.8285522461,32.8377075195,Africa/Maputo
FQQL,UEL,Quelimane Airport,Quelimane,MZ,-17.8554992676,36.8690986633,Africa/Maputo
FQTT,TET,Chingozi Airport,Tete,MZ,-16.1047992706,33.6402015686,Africa/Maputo
FQVL,VNX,Vilankulo Airport,Vilanculo,MZ,-22.0184001923,35.3133010864,Africa/Maputo
FQXA,VJB,Xai-Xai Airport,Xai-Xai,MZ,-25.0377998352,33.6273994446,Africa/Maputo
FSDR,DES,Desroches Airport,Desroches Island,SC,-5.6967,53.6558,Indian/Mahe
FSIA,SEZ,Seychelles International Airport,Mahe Island,SC,-4.6743397713,55.5218009949,Indian/Mahe
FSPP,PRI,Praslin Airport,Praslin Island,SC,-4.3192901611,55.6913986206,Indian/Mahe
FSSB,BDI,Bird Island Airport,Bird Island,SC,-3.72472,55.205299,Indian/Mahe
FSSD,DEI,Denis Island Airport,Denis Island,SC,-3.80222,55.666901,Indian/Mahe
FSSF,FRK,Fregate Island Airport,Fregate Island,SC,-4.583,55.950001,Indian/Mahe
FTTA,SRH,Sarh Airport,Sarh,TD,9.1444396973,18.3743991852,Africa/Ndjamena
FTTB,OGR,Bongor Airport,Bongor,TD,10.2881002426,15.3810997009,Africa/Ndjamena
FTTC,AEH,Abeche Airport,Unknown,TD,13.8470001221,20.8442993164,Africa/Ndjamena
FTTD,MQQ,Moundou Airport,Unknown,TD,8.6244096756,16.0713996887,Africa/Ndjamena
FTTH,LTC,Lai Airport,Lai,TD,9.3999996185,16.2999992371,Africa/Ndjamena
FTTI,ATV,Ati Airport,Ati,TD,13.2389001846,18.3132991791,Africa/Ndjamena
FTTJ,NDJ,N'Djamena International Airport,N'Djamena,TD,12.1337003708,15.0340003967,Africa/Ndjamena
FTTK,BKR,Bokoro Airport,Bokoro,TD,12.3830003738,17.0669994354,Africa/Ndjamena
FTTL,OTC,Bol Airport,Bol,TD,13.4433002472,14.73939991,Africa/Ndjamena
FTTM,MVO,Mongo Airport,Mongo,TD,12.1669998169,18.6749992371,Africa/Ndjamena
FTTN,AMC,Am Timan Airport,Am Timan,TD,11.0340003967,20.2740001678,Africa/Ndjamena
FTTP,PLF,Pala Airport,Pala,TD,9.3780603409,14.9250001907,Africa/Ndjamena
FTTS,OUT,Bousso Airport,Bousso,TD,10.4829998016,16.716999054,Africa/Ndjamena
FTTU,AMO,Mao Airport,Mao,TD,14.1456003189,15.3143997192,Africa/Ndjamena
FTTY,FYT,Faya Largeau Airport,Unknown,TD,17.9171009064,19.1110992432,Africa/Ndjamena
FVBU,BUQ,Joshua Mqabuko Nkomo International Airport,Bulawayo,ZW,-20.0174007416,28.6179008484,Africa/Harare
FVCH,CHJ,Chipinge Airport,Chipinge,ZW,-20.2066993713,32.6282997131,Africa/Harare
FVCZ,BFO,Buffalo Range Airport,Chiredzi,ZW,-21.0081005096,31.5785999298,Africa/Harare
FVFA,VFA,Victoria Falls International Airport,Victoria Falls,ZW,-18.0958995819,25.8390007019,Africa/Harare
FVHA,HRE,Harare International Airport,Harare,ZW,-17.9318008423,31.0928001404,Africa/Harare
FVKB,KAB,Kariba International Airport,Kariba,ZW,-16.5198001862,28.8850002289,Africa/Harare
FVMU,UTA,Mutare Airport,Unknown,ZW,-18.9974994659,32.6272010803,Africa/Harare
FVMV,MVZ,Masvingo International Airport,Masvingo,ZW,-20.0552997589,30.8591003418,Africa/Harare
FVTL,GWE,Thornhill Air Base,Gweru,ZW,-19.4363994598,29.8619003296,Africa/Harare
FVWN,HWN,Hwange National Park Airport,Hwange,ZW,-18.6298999786,27.0209999084,Africa/Harare
FVWT,WKI,Hwange Airport,Hwange,ZW,-18.3624992371,26.5167007446,Africa/Harare
FWCD,CEH,Chelinda Malawi Airport,Unknown,MW,-10.5500001907,33.7999992371,Africa/Blantyre
FWCL,BLZ,Chileka International Airport,Blantyre,MW,-15.6791000366,34.9739990234,Africa/Blantyre
FWCM,CMK,Club Makokola Airport,Club Makokola,MW,-14.3069000244,35.1324996948,Africa/Blantyre
FWDW,DWA,Dwangwa Airport,Dwangwa,MW,-12.5183000565,34.1319007874,Africa/Blantyre
FWKA,KGJ,Karonga Airport,Karonga,MW,-9.9535703659,33.8930015564,Africa/Blantyre
FWKG,KBQ,Kasungu Airport,Kasungu,MW,-13.0145998001,33.4686012268,Africa/Blantyre
FWKI,LLW,Lilongwe International Airport,Lilongwe,MW,-13.7894001007,33.78099823,Africa/Blantyre
FWLK,LIX,Likoma Island Airport,Likoma Island,MW,-12.0830001831,34.733001709,Africa/Blantyre
FWMG,MAI,Mangochi Airport,Mangochi,MW,-14.4829998016,35.266998291,Africa/Blantyre
FWMY,MYZ,Monkey Bay Airport,Monkey Bay,MW,-14.0836000443,34.9197006226,Africa/Blantyre
FWSM,LMB,Salima Airport,Salima,MW,-13.7558927025,34.5841884613,Africa/Blantyre
FWUU,ZZU,Mzuzu Airport,Mzuzu,MW,-11.4447002411,34.0117988586,Africa/Blantyre
FXLK,LEF,Lebakeng Airport,Lebakeng,LS,-29.8908004761,28.6555995941,Africa/Maseru
FXLR,LRB,Leribe Airport,Leribe,LS,-28.8556003571,28.0527992249,Africa/Johannesburg
FXLS,LES,Lesobeng Airport,Lesobeng,LS,-29.7828998566,28.3166999817,Africa/Maseru
FXMA,MSG,Matsaile Airport,Matsaile,LS,-29.8405990601,28.7763996124,Africa/Maseru
FXMF,MFC,Mafeteng Airport,Mafeteng,LS,-29.8010997772,27.2436008453,Africa/Maseru
FXMK,MKH,Mokhotlong Airport,Mokhotlong,LS,-29.2817993164,29.0727996826,Africa/Maseru
FXMM,MSU,Moshoeshoe I International Airport,Maseru,LS,-29.4622993469,27.5524997711,Africa/Maseru
FXNK,NKU,Nkaus Airport,Nkaus,LS,-30.0216999054,28.1968994141,Africa/Maseru
FXPG,PEL,Pelaneng Airport,Pelaneng,LS,-29.1205997467,28.5053005219,Africa/Maseru
FXQG,UTG,Quthing Airport,Quthing,LS,-30.4074993134,27.6933002472,Africa/Maseru
FXQN,UNE,Qacha's Nek Airport,Qacha's Nek,LS,-30.111700058,28.6718997955,Africa/Johannesburg
FXSH,SHK,Sehonghong Airport,Sehonghong,LS,-29.7308998108,28.7688999176,Africa/Maseru
FXSK,SKQ,Sekakes Airport,Sekakes,LS,-30.0389003754,28.370300293,Africa/Maseru
FXSM,SOK,Semonkong Airport,Semonkong,LS,-29.8386001587,28.0599994659,Africa/Maseru
FXSS,SHZ,Seshutes Airport,Seshutes,LS,-29.2675991058,28.5522994995,Africa/Maseru
FXTA,THB,Thaba-Tseka Airport,Thaba-Tseka,LS,-29.5228004456,28.6158008575,Africa/Maseru
FXTK,TKO,Tlokoeng Airport,Tlokoeng,LS,-29.2329998016,28.8829994202,Africa/Maseru
FYAR,ADI,Arandis Airport,Arandis,NA,-22.4622001648,14.9799995422,Africa/Windhoek
FYGB,GOG,Gobabis Airport,Gobabis,NA,-22.5044002533,18.9731006622,Africa/Windhoek
FYGF,GFY,Grootfontein Airport,Grootfontein,NA,-19.6021995544,18.1226997375,Africa/Windhoek
FYKM,MPA,Katima Mulilo Airport,Mpacha,NA,-17.6343994141,24.176700592,Africa/Windhoek
FYKT,KMP,Keetmanshoop Airport,Keetmanshoop,NA,-26.5398006439,18.1114006042,Africa/Windhoek
FYLS,LHU,Lianshulu Airport,Muneambuanas,NA,-18.1166992188,23.3932991028,Africa/Gaborone
FYLZ,LUD,Luderitz Airport,Luderitz,NA,-26.6874008179,15.2428998947,Africa/Windhoek
FYME,MJO,Mount Etjo Airport,Unknown,NA,-21.0233001709,16.4528007507,Africa/Windhoek
FYMO,OKU,Mokuti Lodge Airport,Mokuti Lodge,NA,-18.8127994537,17.0594005585,Africa/Windhoek
FYNA,NNI,Namutoni Airport,Namutoni,NA,-18.8064002991,16.9272003174,Africa/Windhoek
FYOA,OND,Ondangwa Airport,Ondangwa,NA,-17.878200531,15.9525995255,Africa/Windhoek
FYOE,OMG,Omega Airport,Omega,NA,-18.0303001404,22.189699173,Africa/Windhoek
FYOG,OMD,Oranjemund Airport,Oranjemund,NA,-28.5846996307,16.4466991425,Africa/Johannesburg
FYOO,OKF,Okaukuejo Airport,Okaukuejo,NA,-19.1492004395,15.9118995667,Africa/Windhoek
FYOW,OTJ,Otjiwarongo Airport,Otjiwarongo,NA,-20.4347000122,16.6608009338,Africa/Windhoek
FYRU,NDU,Rundu Airport,Rundu,NA,-17.9564990997,19.7194004059,Africa/Windhoek
FYSA,RHN,Skorpion Mine Airport,Rosh Pinah,NA,-27.8763999939,16.6478004456,Africa/Windhoek
FYSM,SWP,Swakopmund Airport,Swakopmund,NA,-22.6618995667,14.5680999756,Africa/Windhoek
FYSS,SZM,Sesriem Airstrip,Unknown,NA,-24.5128002167,15.7467002869,Africa/Windhoek
FYTM,TSB,Tsumeb Airport,Tsumeb,NA,-19.2618999481,17.7325000763,Africa/Windhoek
FYWB,WVB,Walvis Bay Airport,Walvis Bay,NA,-22.9799003601,14.6452999115,Africa/Windhoek
FYWE,ERS,Eros Airport,Windhoek,NA,-22.6121997833,17.0804004669,Africa/Windhoek
FYWH,WDH,Hosea Kutako International Airport,Windhoek,NA,-22.4799003601,17.4708995819,Africa/Windhoek
FZAA,FIH,Ndjili International Airport,Kinshasa,CD,-4.3857498169,15.4446001053,Africa/Kinshasa
FZAB,NLO,Ndolo Airport,Unknown,CD,-4.3266601563,15.3275003433,Africa/Kinshasa
FZAG,MNB,Muanda Airport,Unknown,CD,-5.9308600426,12.3517999649,Africa/Kinshasa
FZAJ,BOA,Boma Airport,Boma,CD,-5.8540000916,13.0640001297,Africa/Kinshasa
FZAL,LZI,Luozi Airport,Luozi,CD,-4.9499998093,14.1330003738,Africa/Kinshasa
FZAM,MAT,Tshimpi Airport,Matadi,CD,-5.7996101379,13.4404001236,Africa/Kinshasa
FZAR,NKL,Nkolo Fuma Airport,Nkolo Fuma,CD,-5.4499998093,14.8330001831,Africa/Kinshasa
FZBA,INO,Inongo Airport,Inongo,CD,-1.9472199678,18.2858009338,Africa/Kinshasa
FZBI,NIO,Nioki Airport,Nioki,CD,-2.7174999714,17.6847000122,Africa/Kinshasa
FZBO,FDU,Bandundu Airport,Unknown,CD,-3.3113200665,17.3817005157,Africa/Kinshasa
FZBT,KRZ,Basango Mboliasa Airport,Kiri,CD,-1.4349999428,19.0240001678,Africa/Kinshasa
FZCA,KKW,Kikwit Airport,Unknown,CD,-5.0357699394,18.7856006622,Africa/Kinshasa
FZCB,IDF,Idiofa Airport,Idiofa,CD,-5,19.6000003815,Africa/Kinshasa
FZCE,LUS,Lusanga Airport,Lusanga,CD,-4.8000001907,18.716999054,Africa/Kinshasa
FZCV,MSM,Masi Manimba Airport,Masi Manimba,CD,-4.7829999924,17.8500003815,Africa/Kinshasa
FZEA,MDK,Mbandaka Airport,Mbandaka,CD,0.0226000007,18.2887001038,Africa/Kinshasa
FZEN,BSU,Basankusu Airport,Basankusu,CD,1.2247200012,19.7889003754,Africa/Kinshasa
FZFA,LIE,Libenge Airport,Libenge,CD,3.632999897,18.6329994202,Africa/Kinshasa
FZFD,BDT,Gbadolite Airport,Unknown,CD,4.2532100677,20.9752998352,Africa/Kinshasa
FZFK,GMA,Gemena Airport,Gemena,CD,3.2353699207,19.7712993622,Africa/Kinshasa
FZFP,KLI,Kotakoli Airport,Unknown,CD,4.1576399803,21.6508998871,Africa/Kinshasa
FZFU,BMB,Bumbar Airport,Bumbar,CD,2.1827800274,22.4817008972,Africa/Kinshasa
FZGA,LIQ,Lisala Airport,Lisala,CD,2.170984,21.497129,Africa/Lubumbashi
FZGN,BNB,Boende Airport,Boende,CD,-0.2169999927,20.8500003815,Africa/Kinshasa
FZGV,IKL,Ikela Airport,Ikela,CD,-1.2000000477,23.283000946,Africa/Kinshasa
FZIC,FKI,Bangoka International Airport,Kisangani,CD,0.4816389978,25.3379993439,Africa/Lubumbashi
FZIR,YAN,Yangambi Airport,Yangambi,CD,0.7829999924,24.466999054,Africa/Lubumbashi
FZJH,IRP,Matari Airport,Unknown,CD,2.8276100159,27.588300705,Africa/Lubumbashi
FZKA,BUX,Bunia Airport,Unknown,CD,1.5657199621,30.2208003998,Africa/Lubumbashi
FZKJ,BZU,Buta Zega Airport,Unknown,CD,2.8183500767,24.7936992645,Africa/Lubumbashi
FZMA,BKY,Bukavu Kavumu Airport,Unknown,CD,-2.3089799881,28.8087997437,Africa/Lubumbashi
FZMB,RUE,Rughenda Airfield,Butembo,CD,0.117142,29.312992,Africa/Lubumbashi
FZNA,GOM,Goma International Airport,Goma,CD,-1.6708099842,29.2385005951,Africa/Kigali
FZNP,BNC,Beni Airport,Beni,CD,0.5749999881,29.4738998413,Africa/Lubumbashi
FZOA,KND,Kindu Airport,Kindu,CD,-2.9191799164,25.9153995514,Africa/Lubumbashi
FZOD,KLY,Kinkungwa Airport,Kalima,CD,-2.5780000687,26.7339992523,Africa/Lubumbashi
FZOK,KGN,Kasongo Airport,Kasongo,CD,-4.5329999924,26.6170005798,Africa/Lubumbashi
FZOP,PUN,Punia Airport,Punia,CD,-1.3669999838,26.3330001831,Africa/Lubumbashi
FZQA,FBM,Lubumbashi International Airport,Lubumbashi,CD,-11.5913000107,27.5308990479,Africa/Lubumbashi
FZQC,PWO,Pweto Airport,Pweto,CD,-8.4670000076,28.8829994202,Africa/Lubumbashi
FZQG,KEC,Kasenga Airport,Kasenga,CD,-10.3500003815,28.6329994202,Africa/Lubumbashi
FZQM,KWZ,Kolwezi Airport,Unknown,CD,-10.7658996582,25.5056991577,Africa/Lubumbashi
FZRA,MNO,Manono Airport,Manono,CD,-7.2888898849,27.3943996429,Africa/Lubumbashi
FZRB,BDV,Moba Airport,Moba,CD,-7.0669999123,29.783000946,Africa/Lubumbashi
FZRF,FMI,Kalemie Airport,Unknown,CD,-5.8755598068,29.25,Africa/Lubumbashi
FZRM,KBO,Kabalo Airport,Kabalo,CD,-6.0830001831,26.9169998169,Africa/Lubumbashi
FZRQ,KOO,Kongolo Airport,Kongolo,CD,-5.3944401741,26.9899997711,Africa/Lubumbashi
FZSB,KMN,Ville Airport,Kamina,CD,-8.7286100388,24.991399765,Africa/Lubumbashi
FZSK,KAP,Kapanga Airport,Kapanga,CD,-8.3500003815,22.5830001831,Africa/Lubumbashi
FZTK,KNM,Kaniama Airport,Kaniama,CD,-7.5830001831,24.1499996185,Africa/Lubumbashi
FZUA,KGA,Kananga Airport,Kananga,CD,-5.9000501633,22.4692001343,Africa/Lubumbashi
FZUG,LZA,Luiza Airport,Luiza,CD,-7.1830000877,22.3999996185,Africa/Lubumbashi
FZUK,TSH,Tshikapa Airport,Tshikapa,CD,-6.4383301735,20.7947006226,Africa/Lubumbashi
FZVA,LJA,Lodja Airport,Lodja,CD,-3.4170000553,23.4500007629,Africa/Lubumbashi
FZVI,LBO,Lusambo Airport,Lusambo,CD,-4.9616699219,23.3782997131,Africa/Lubumbashi
FZVM,MEW,Mweka Airport,Mweka,CD,-4.8499999046,21.5499992371,Africa/Lubumbashi
FZVR,BAN,Basongo Airport,Basongo,CD,-4.3169999123,20.4330005646,Africa/Lubumbashi
FZVS,PFR,Ilebo Airport,Ilebo,CD,-4.3330001831,20.5830001831,Africa/Lubumbashi
FZWA,MJM,Mbuji Mayi Airport,Mbuji Mayi,CD,-6.121240139,23.5690002441,Africa/Lubumbashi
FZWC,GDJ,Gandajika Airport,Gandajika,CD,-6.7329998016,23.9500007629,Africa/Lubumbashi
FZWT,KBN,Tunta Airport,Kabinda,CD,-6.132999897,24.4829998016,Africa/Lubumbashi
GABS,BKO,Senou Airport,Senou,ML,12.5334997177,-7.9499402046,Africa/Bamako
GAGM,GUD,Goundam Airport,Goundam,ML,16.3614006042,-3.5997200012,Africa/Bamako
GAGO,GAQ,Gao Airport,Unknown,ML,16.2483997345,-0.0054560001,Africa/Bamako
GAKA,KNZ,Kenieba Airport,Kenieba,ML,12.8330001831,-11.25,Africa/Bamako
GAKO,KTX,Koutiala Airport,Koutiala,ML,12.3830003738,-5.4670000076,Africa/Bamako
GAKY,KYS,Kayes Dag Dag Airport,Unknown,ML,14.4812002182,-11.4043998718,Africa/Bamako
GAMB,MZI,Ambodedjo Airport,Unknown,ML,14.5128002167,-4.079559803,Africa/Bamako
GANK,NRM,Nara Airport,Nara,ML,15.2170000076,-7.2670001984,Africa/Bamako
GANR,NIX,Nioro du Sahel Airport,Nioro du Sahel,ML,15.2381000519,-9.5761098862,Africa/Bamako
GASK,KSS,Sikasso Airport,Sikasso,ML,11.3330001831,-5.6999998093,Africa/Bamako
GATB,TOM,Timbuktu Airport,Timbuktu,ML,16.7304992676,-3.0075800419,Africa/Bamako
GAYE,EYL,Yelimane Airport,Yelimane,ML,15.1330003738,-10.5670003891,Africa/Bamako
GBYD,BJL,Banjul International Airport,Banjul,GM,13.3380002975,-16.6522006989,Africa/Banjul
GCFV,FUE,Fuerteventura Airport,Fuerteventura Island,ES,28.4526996613,-13.8638000488,Atlantic/Canary
GCGM,GMZ,La Gomera Airport,Alajero,ES,28.0296001434,-17.2145996094,Atlantic/Canary
GCHI,VDE,Hierro Airport,El Hierro Island,ES,27.8148002625,-17.8871002197,Atlantic/Canary
GCLA,SPC,La Palma Airport,Sta Cruz de la Palma,ES,28.626499176,-17.7555999756,Atlantic/Canary
GCLP,LPA,Gran Canaria Airport,Gran Canaria Island,ES,27.9319000244,-15.3865995407,Atlantic/Canary
GCRR,ACE,Lanzarote Airport,Lanzarote Island,ES,28.9454994202,-13.6051998138,Atlantic/Canary
GCTS,TFS,Tenerife South Airport,Tenerife Island,ES,28.044500351,-16.5725002289,Atlantic/Canary
GCXO,TFN,Tenerife Norte Airport,Tenerife Island,ES,28.4827003479,-16.3414993286,Atlantic/Canary
GEML,MLN,Melilla Airport,Melilla Island,ES,35.279800415,-2.9562599659,Africa/Casablanca
GFBN,BTE,Sherbro International Airport,Bonthe,SL,7.5324201584,-12.5188999176,Africa/Freetown
GFBO,KBS,Bo Airport,Bo,SL,7.9443998337,-11.7609996796,Africa/Freetown
GFGK,GBK,Gbangbatok Airport,Gbangbatok,SL,7.7670001984,-12.3830003738,Africa/Freetown
GFHA,HGS,Hastings Airport,Freetown,SL,8.3971300125,-13.1290998459,Africa/Freetown
GFKB,KBA,Kabala Airport,Kabala,SL,9.6383229134,-11.5155601501,Africa/Freetown
GFKE,KEN,Kenema Airport,Kenema,SL,7.8912901878,-11.1766004562,Africa/Freetown
GFLL,FNA,Lungi International Airport,Freetown,SL,8.6164398193,-13.1955003738,Africa/Freetown
GFYE,WYE,Yengema Airport,Yengema,SL,8.6104698181,-11.0453996658,Africa/Freetown
GGBU,BQE,Bubaque Airport,Bubaque,GW,11.2973556519,-15.8380794525,Africa/Bissau
GGOV,OXB,Osvaldo Vieira International Airport,Bissau,GW,11.8948001862,-15.6536998749,Africa/Bissau
GLBU,UCN,Buchanan Airport,Buchanan,LR,5.1676502228,-9.2834701538,Africa/Monrovia
GLCP,CPA,Cape Palmas Airport,Harper,LR,4.3790202141,-7.6969499588,Africa/Monrovia
GLGE,SNI,Greenville Sinoe Airport,Greenville,LR,5.034309864,-9.0668001175,Africa/Monrovia
GLMR,MLW,Spriggs Payne Airport,Monrovia,LR,6.2890601158,-10.7587003708,Africa/Monrovia
GLNA,NIA,Nimba Airport,Nimba,LR,7.5,-8.6000003815,Africa/Monrovia
GLRB,ROB,Roberts International Airport,Monrovia,LR,6.2337899208,-10.3622999191,Africa/Monrovia
GLST,SAZ,Sasstown Airport,Sasstown,LR,4.6666669846,-8.4333333969,Africa/Monrovia
GLTN,THC,Tchien Airport,Tchien,LR,6.0456504822,-8.1387233734,Africa/Monrovia
GLVA,VOI,Voinjama Airport,Voinjama,LR,8.3999996185,-9.7670001984,Africa/Monrovia
GMAD,AGA,Al Massira Airport,Agadir,MA,30.3250007629,-9.413069725,Africa/Casablanca
GMAT,TTA,Tan Tan Airport,Tan Tan,MA,28.4482002258,-11.1612997055,Africa/Casablanca
GMAZ,OZG,Zagora Airport,Zagora,MA,30.3202991486,-5.8666701317,Africa/Casablanca
GMFB,UAR,Bouarfa Airport,Bouarfa,MA,32.5143055556,-1.9830555556,Africa/Casablanca
GMFF,FEZ,Saiss Airport,Fes,MA,33.9272994995,-4.9779601097,Africa/Casablanca
GMFK,ERH,Moulay Ali Cherif Airport,Errachidia,MA,31.9475002289,-4.3983302116,Africa/Casablanca
GMFM,MEK,Bassatine Airport,Meknes,MA,33.8791007996,-5.5151200294,Africa/Casablanca
GMFO,OUD,Angads Airport,Oujda,MA,34.7872009277,-1.9239900112,Africa/Casablanca
GMMA,SMW,Smara Airport,Smara,EH,26.7318000793,-11.6847000122,Africa/El_Aaiun
GMMB,GMD,Ben Slimane Airport,Ben Slimane,MA,33.6553993225,-7.221449852,Africa/Casablanca
GMMC,CAS,Anfa Airport,Casablanca,MA,33.5532989502,-7.6613898277,Africa/Casablanca
GMMD,BEM,Beni Mellal Airport,Unknown,MA,32.4000015259,-6.3333301544,Africa/Casablanca
GMME,RBA,Rabat-Sale Airport,Rabat,MA,34.0514984131,-6.7515201569,Africa/Casablanca
GMMF,SII,Sidi Ifni Xx Airport,Sidi Ifni,MA,29.3666992188,-10.1878004074,Africa/Casablanca
GMMH,VIL,Dakhla Airport,Dakhla,EH,23.7182998657,-15.9320001602,Africa/El_Aaiun
GMMI,ESU,Mogador Airport,Essaouira,MA,31.3974990845,-9.6816701889,Africa/Casablanca
GMML,EUN,Hassan I Airport,El Aaiun,EH,27.1516990662,-13.2192001343,Africa/El_Aaiun
GMMN,CMN,Mohammed V International Airport,Casablanca,MA,33.3675003052,-7.5899701118,Africa/Casablanca
GMMS,SFI,Safi Airport,Safi,MA,32.2832984924,-9.2333297729,Africa/Casablanca
GMMW,NDR,Nador International Airport,Nador,MA,34.9888000488,-3.0282099247,Africa/Casablanca
GMMX,RAK,Menara Airport,Marrakech,MA,31.6068992615,-8.0362997055,Africa/Casablanca
GMMY,NNA,Kenitra Airport,Unknown,MA,34.2989006042,-6.5958800316,Africa/Casablanca
GMMZ,OZZ,Ouarzazate Airport,Ouarzazate,MA,30.9391002655,-6.909430027,Africa/Casablanca
GMTA,AHU,Cherif Al Idrissi Airport,Al Hoceima,MA,35.1771011353,-3.8395199776,Africa/Casablanca
GMTN,TTU,Saniat Rmel Airport,Unknown,MA,35.5942993164,-5.3200201988,Africa/Casablanca
GMTT,TNG,Ibn Batouta Airport,Tangier,MA,35.7268981934,-5.9168901444,Africa/Casablanca
GOBD,DSS,Blaise Diagne International Airport,Diass,SN,14.671111,-17.066944,Africa/Dakar
GODK,KDA,Kolda North Airport,Kolda,SN,12.8985004425,-14.9680995941,Africa/Dakar
GOGG,ZIG,Ziguinchor Airport,Ziguinchor,SN,12.5556001663,-16.2817993164,Africa/Dakar
GOGS,CSK,Cap Skirring Airport,Cap Skirring,SN,12.410200119,-16.746099472,Africa/Dakar
GOOK,KLC,Kaolack Airport,Kaolack,SN,14.146900177,-16.0513000488,Africa/Dakar
GOOY,DKR,Leopold Sedar Senghor International Airport,Dakar,SN,14.7397003174,-17.4902000427,Africa/Dakar
GOSM,MAX,Ouro Sogui Airport,Matam,SN,15.5936002731,-13.3227996826,Africa/Dakar
GOSP,POD,Podor Airport,Podor,SN,16.6830005646,-14.9670000076,Africa/Dakar
GOSR,RDT,Richard Toll Airport,Richard Toll,SN,16.4330005646,-15.6499996185,Africa/Dakar
GOSS,XLS,Saint Louis Airport,Saint Louis,SN,16.0508003235,-16.4631996155,Africa/Dakar
GOTB,BXE,Bakel Airport,Bakel,SN,14.8472995758,-12.4682998657,Africa/Dakar
GOTK,KGG,Kedougou Airport,Kedougou,SN,12.5722999573,-12.2202997208,Africa/Dakar
GOTS,SMY,Simenti Airport,Simenti,SN,13.0467996597,-13.2953996658,Africa/Dakar
GOTT,TUD,Tambacounda Airport,Tambacounda,SN,13.7368001938,-13.6531000137,Africa/Dakar
GQNA,AEO,Aioun el Atrouss Airport,Aioun El Atrouss,MR,16.7112998962,-9.6378803253,Africa/Nouakchott
GQNB,OTL,Boutilimit Airport,Boutilimit,MR,17.533000946,-14.6829996109,Africa/Nouakchott
GQNC,THI,Tichitt Airport,Tichitt,MR,18.4500007629,-9.5170001984,Africa/Nouakchott
GQND,TIY,Tidjikja Airport,Tidjikja,MR,18.5701007843,-11.423500061,Africa/Nouakchott
GQNE,BGH,Abbaye Airport,Boghe,MR,16.6333141327,-14.2000007629,Africa/Nouakchott
GQNF,KFA,Kiffa Airport,Kiffa,MR,16.5900001526,-11.4062004089,Africa/Nouakchott
GQNH,TMD,Timbedra Airport,Timbedra,MR,16.2329998016,-8.1669998169,Africa/Nouakchott
GQNI,EMN,Nema Airport,Nema,MR,16.6219997406,-7.3165998459,Africa/Nouakchott
GQNJ,AJJ,Akjoujt Airport,Akjoujt,MR,19.7330169678,-14.3832492828,Africa/Nouakchott
GQNK,KED,Kaedi Airport,Kaedi,MR,16.1595001221,-13.5075998306,Africa/Dakar
GQNL,MOM,Letfotar Airport,Moudjeria,MR,17.75,-12.5,Africa/Nouakchott
GQNN,NKC,Nouakchott International Airport,Nouakchott,MR,18.0981998444,-15.9484996796,Africa/Nouakchott
GQNS,SEY,Selibaby Airport,Selibaby,MR,15.1796998978,-12.2073001862,Africa/Nouakchott
GQNT,THT,Tamchakett Airport,Tamchakett,MR,17.2329998016,-10.8170003891,Africa/Nouakchott
GQPA,ATR,Atar International Airport,Atar,MR,20.5067996979,-13.0431995392,Africa/Nouakchott
GQPF,FGD,Fderik Airport,Fderik,MR,22.6669998169,-12.7329998016,Africa/Nouakchott
GQPP,NDB,Nouadhibou International Airport,Nouadhibou,MR,20.9330997467,-17.0300006866,Africa/El_Aaiun
GQPZ,OUZ,Tazadit Airport,Zouerate,MR,22.7563991547,-12.4835996628,Africa/Nouakchott
GUCY,CKY,Conakry Airport,Conakry,GN,9.57689,-13.612,Africa/Conakry
GUFA,FIG,Fria Airport,Unknown,GN,10.3506002426,-13.5691995621,Africa/Conakry
GUFH,FAA,Faranah Airport,Unknown,GN,10.0354995728,-10.7698001862,Africa/Conakry
GUKU,KSI,Kissidougou Airport,Kissidougou,GN,9.1605596542,-10.1244001389,Africa/Conakry
GULB,LEK,Labe Airport,Unknown,GN,11.3261003494,-12.2868003845,Africa/Conakry
GUMA,MCA,Macenta Airport,Macenta,GN,8.5329999924,-9.4670000076,Africa/Conakry
GUNZ,NZE,Nzerekore Airport,Nzerekore,GN,7.8060193062,-8.7017974854,Africa/Conakry
GUOK,BKJ,Boke Airport,Boke,GN,10.9658002853,-14.2811002731,Africa/Conakry
GUSB,SBI,Sambailo Airport,Koundara,GN,12.5726995468,-13.358499527,Africa/Conakry
GUSI,GII,Siguiri Airport,Siguiri,GN,11.4329996109,-9.1669998169,Africa/Conakry
GUXN,KNN,Kankan Airport,Kankan,GN,10.3940000534,-9.3037996292,Africa/Conakry
GVAC,SID,Amilcar Cabral International Airport,Espargos,CV,16.741399765,-22.9493999481,Atlantic/Cape_Verde
GVAN,NTO,Agostinho Neto Airport,Ponta do Sol,CV,17.2028007507,-25.0905990601,Atlantic/Cape_Verde
GVBA,BVC,Rabil Airport,Rabil,CV,16.1364994049,-22.8889007568,Atlantic/Cape_Verde
GVBR,BVR,Esperadinha Airport,Brava Island,CV,14.8643055556,-24.746,Atlantic/Cape_Verde
GVMA,MMO,Maio Airport,Vila do Maio,CV,15.1559000015,-23.2136993408,Atlantic/Cape_Verde
GVMT,MTI,Mosteiros Airport,Vila do Mosteiros,CV,15.0450000763,-24.3391990662,Atlantic/Cape_Verde
GVNP,RAI,Praia International Airport,Praia,CV,14.9245004654,-23.4934997559,Atlantic/Cape_Verde
GVSF,SFL,Sao Filipe Airport,Sao Filipe,CV,14.8850002289,-24.4799995422,Atlantic/Cape_Verde
GVSN,SNE,Preguica Airport,Preguica,CV,16.5883998871,-24.2847003937,Atlantic/Cape_Verde
GVSV,VXE,Sao Pedro Airport,Sao Pedro,CV,16.8332004547,-25.0552997589,Atlantic/Cape_Verde
HAAB,ADD,Bole International Airport,Addis Ababa,ET,8.9778900147,38.7993011475,Africa/Addis_Ababa
HAAM,AMH,Arba Minch Airport,Unknown,ET,6.0393900871,37.5904998779,Africa/Addis_Ababa
HAAX,AXU,Axum Airport,Unknown,ET,14.1468000412,38.7728004456,Africa/Addis_Ababa
HABC,BCO,Baco Airport,Baco,ET,5.7828698158,36.5620002747,Africa/Addis_Ababa
HABD,BJR,Bahir Dar Airport,Bahir Dar,ET,11.6080999374,37.3216018677,Africa/Addis_Ababa
HABE,BEI,Beica Airport,Beica,ET,9.3863897324,34.521900177,Africa/Addis_Ababa
HADC,DSE,Combolcha Airport,Dessie,ET,11.0825004578,39.7113990784,Africa/Addis_Ababa
HADD,DEM,Dembidollo Airport,Dembidollo,ET,8.5539999008,34.858001709,Africa/Addis_Ababa
HADM,DBM,Debra Marcos Airport,Debra Marcos,ET,10.3500003815,37.716999054,Africa/Addis_Ababa
HADR,DIR,Aba Tenna Dejazmach Yilma International Airport,Dire Dawa,ET,9.6246995926,41.8541984558,Africa/Addis_Ababa
HADT,DBT,Debre Tabor Airport,Debre Tabor,ET,11.9670000076,38,Africa/Addis_Ababa
HAFN,FNH,Fincha Airport,Fincha,ET,9.5830001831,37.3499984741,Africa/Addis_Ababa
HAGB,GOB,Robe Airport,Goba,ET,7.0170001984,40,Africa/Addis_Ababa
HAGH,GNN,Ghinnir Airport,Ghinnir,ET,7.1500000954,40.716999054,Africa/Addis_Ababa
HAGM,GMB,Gambella Airport,Gambela,ET,8.1287603378,34.5630989075,Africa/Addis_Ababa
HAGN,GDQ,Gonder Airport,Gondar,ET,12.519900322,37.4339981079,Africa/Addis_Ababa
HAGO,GDE,Gode Airport,Gode,ET,5.9351301193,43.5786018372,Africa/Addis_Ababa
HAGR,GOR,Gore Airport,Gore,ET,8.1614,35.5529,Africa/Addis_Ababa
HAHM,QHR,Harar Meda Airport,Debre Zeyit,ET,8.7163,39.0059,Africa/Addis_Ababa
HAHU,HUE,Humera Airport,Humera,ET,14.25,36.5830001831,Africa/Addis_Ababa
HAJJ,JIJ,Jijiga Airport,Jijiga,ET,9.330833,42.911111,Africa/Addis_Ababa
HAJM,JIM,Jimma Airport,Jimma,ET,7.6660900116,36.8166007996,Africa/Addis_Ababa
HAKD,ABK,Kabri Dehar Airport,Kabri Dehar,ET,6.734000206,44.2529983521,Africa/Addis_Ababa
HAKL,LFO,Kelafo East Airport,Kelafo,ET,5.6570000648,44.3499984741,Africa/Addis_Ababa
HALA,AWA,Awassa Airport,Awassa,ET,7.0669999123,38.5,Africa/Addis_Ababa
HALL,LLI,Lalibella Airport,Lalibela,ET,11.9750003815,38.9799995422,Africa/Addis_Ababa
HAMJ,TUJ,Tume Airport,Maji,ET,5.8330001831,35.533000946,Africa/Addis_Ababa
HAMK,MQX,Mekele Airport,Unknown,ET,13.4673995972,39.5335006714,Africa/Addis_Ababa
HAML,MZX,Masslo Airport,Masslo,ET,6.4080600739,39.7238998413,Africa/Addis_Ababa
HAMM,ETE,Metema Airport,Metema,ET,12.9329996109,36.1669998169,Africa/Addis_Ababa
HAMN,NDM,Mendi Airport,Mendi,ET,9.7670001984,35.0999984741,Africa/Addis_Ababa
HAMT,MTF,Mizan Teferi Airport,Mizan Teferi,ET,6.9571,35.5547,Africa/Addis_Ababa
HANJ,NEJ,Nejjo Airport,Nejjo,ET,9.5500001907,35.466999054,Africa/Addis_Ababa
HANK,NEK,Nekemte Airport,Nekemte,ET,9.0500001907,36.5999984741,Africa/Addis_Ababa
HASC,SHC,Shire Airport,Shire,ET,14.079444,38.270833,Africa/Addis_Ababa
HASD,SXU,Soddu Airport,Soddu,ET,6.8169999123,37.75,Africa/Addis_Ababa
HASM,SZE,Semera Airport,Semera,ET,11.7875,40.991667,Africa/Addis_Ababa
HASO,ASO,Asosa Airport,Asosa,ET,10.0185003281,34.5862998962,Africa/Addis_Ababa
HATP,TIE,Tippi Airport,Tippi,ET,7.2024,35.415,Africa/Addis_Ababa
HAWC,WAC,Waca Airport,Waca,ET,7.1669998169,37.1669998169,Africa/Addis_Ababa
HBBA,BJM,Bujumbura International Airport,Bujumbura,BI,-3.3240199089,29.3185005188,Africa/Bujumbura
HBBE,GID,Gitega Airport,Gitega,BI,-3.4172093868,29.9113082886,Africa/Bujumbura
HBBO,KRE,Kirundo Airport,Kirundo,BI,-2.544772,30.094575,Africa/Bujumbura
HCAD,AAD,Adado Airport,Adado,SO,6.095833,46.6375,Africa/Mogadishu
HCMA,ALU,Alula Airport,Alula,SO,11.9582,50.748,Africa/Mogadishu
HCMB,BIB,Baidoa Airport,Baidoa,SO,3.1022200584,43.6286010742,Africa/Mogadishu
HCMC,CXN,Candala Airport,Candala,SO,11.5,49.9169998169,Africa/Mogadishu
HCMD,BSY,Bardera Airport,Unknown,SO,2.336111,42.307778,Africa/Mogadishu
HCME,HCM,Eil Airport,Eil,SO,7.9169998169,49.7999992371,Africa/Mogadishu
HCMF,BSA,Bosaso Airport,Bosaso,SO,11.2753000259,49.1493988037,Africa/Mogadishu
HCMG,GSR,Gardo Airport,Gardo,SO,9.5170001984,49.0830001831,Africa/Mogadishu
HCMH,HGA,Egal International Airport,Hargeisa,SO,9.5181703568,44.0887985229,Africa/Mogadishu
HCMI,BBO,Berbera Airport,Berbera,SO,10.3892002106,44.9411010742,Africa/Mogadishu
HCMK,KMU,Kisimayu Airport,Unknown,SO,-0.3773530126,42.4592018127,Africa/Mogadishu
HCMM,MGQ,Aden Adde International Airport,Mogadishu,SO,2.0144400597,45.3046989441,Africa/Mogadishu
HCMO,CMO,Obbia Airport,Obbia,SO,5.3666667938,48.5166664124,Africa/Mogadishu
HCMR,GLK,Galcaio Airport,Galcaio,SO,6.7808299065,47.45470047,Africa/Mogadishu
HCMS,CMS,Scusciuban Airport,Scusciuban,SO,10.3000001907,50.233001709,Africa/Mogadishu
HCMU,ERA,Erigavo Airport,Erigavo,SO,10.642050549,47.3879814148,Africa/Mogadishu
HCMV,BUO,Burao Airport,Burao,SO,9.5275,45.5549,Africa/Mogadishu
HDAM,JIB,Djibouti-Ambouli Airport,Djibouti City,DJ,11.5473003387,43.1595001221,Africa/Djibouti
HDAS,AII,Ali-Sabieh Airport,Ali-Sabieh,DJ,11.1468888889,42.72,Africa/Djibouti
HDMO,MHI,Moucha Airport,Moucha Island,DJ,11.7166671753,43.2000007629,Africa/Djibouti
HDOB,OBC,Obock Airport,Obock,DJ,11.9670000076,43.266998291,Africa/Djibouti
HDTJ,TDJ,Tadjoura Airport,Tadjoura,DJ,11.7829999924,42.9169998169,Africa/Djibouti
HE24,SEW,Siwa Oasis North Airport,Siwa,EG,29.345500946,25.5067005157,Africa/Cairo
HEAL,DBB,El Alamein International Airport,El Alamein,EG,30.9244995117,28.4613990784,Africa/Cairo
HEAR,AAC,El Arish International Airport,El Arish,EG,31.073299408,33.8358001709,Africa/Cairo
HEAT,ATZ,Assiut International Airport,Assiut,EG,27.0464992523,31.0119991302,Africa/Cairo
HEAX,ALY,El Nouzha Airport,Alexandria,EG,31.1839008331,29.9489002228,Africa/Cairo
HEBA,HBE,Borg El Arab International Airport,Alexandria,EG,30.9176998138,29.6963996887,Africa/Cairo
HEBL,ABS,Abu Simbel Airport,Abu Simbel,EG,22.3759994507,31.611700058,Africa/Cairo
HECA,CAI,Cairo International Airport,Cairo,EG,30.1219005585,31.4055995941,Africa/Cairo
HECP,CCE,Cairo Capital International Airport,New Administrative Capital,EG,30.075833,31.833333,Africa/Cairo
HECW,CWE,Cairo West Airport,El Cairo,EG,30.116399765,30.9153995514,Africa/Cairo
HEDK,DAK,Dakhla Airport,Unknown,EG,25.4116001129,29.0030994415,Africa/Cairo
HEGN,HRG,Hurghada International Airport,Hurghada,EG,27.1783008575,33.7994003296,Africa/Cairo
HEGR,EGH,El Gora Airport,Unknown,EG,31.0690002441,34.1291999817,Africa/Cairo
HEKG,UVL,El Kharga Airport,Unknown,EG,25.4736003876,30.5907001495,Africa/Cairo
HELX,LXR,Luxor International Airport,Luxor,EG,25.670999527,32.7066001892,Africa/Cairo
HEMA,RMF,Marsa Alam International Airport,Marsa Alam,EG,25.557100296,34.5836982727,Africa/Cairo
HEMK,HMB,Sohag International Airport,Sohag,EG,26.3427777778,31.7427777778,Africa/Cairo
HEMM,MUH,Mersa Matruh Airport,Mersa Matruh,EG,31.3253993988,27.2217006683,Africa/Cairo
HEOW,GSQ,Shark El Oweinat International Airport,Unknown,EG,22.5856990814,28.7166004181,Africa/Cairo
HEPS,PSD,Port Said Airport,Port Said,EG,31.2793998718,32.2400016785,Africa/Cairo
HESC,SKV,St Catherine International Airport,Unknown,EG,28.685300827,34.0625,Africa/Cairo
HESH,SSH,Sharm El Sheikh International Airport,Sharm el-Sheikh,EG,27.9773006439,34.3950004578,Africa/Cairo
HESN,ASW,Aswan International Airport,Aswan,EG,23.9643993378,32.8199996948,Africa/Cairo
HESX,SPX,Sphinx International Airport,Giza,EG,30.1147222,30.8933333,Africa/Cairo
HETB,TCP,Taba International Airport,Taba,EG,29.5877990723,34.7780990601,Africa/Cairo
HETR,ELT,El Tor Airport,Unknown,EG,28.2089996338,33.6455001831,Africa/Cairo
HHAS,ASM,Asmara International Airport,Asmara,ER,15.2918996811,38.9107017517,Africa/Asmara
HHMS,MSW,Massawa International Airport,Massawa,ER,15.6700000763,39.370098114,Africa/Asmara
HHSB,ASA,Assab International Airport,Asab,ER,13.0718002319,42.6450004578,Africa/Asmara
HHTS,TES,Tessenei Airport,Tessenei,ER,15.1169996262,36.6829986572,Africa/Asmara
HKAM,ASV,Amboseli Airport,Amboseli National Park,KE,-2.6450500488,37.2531013489,Africa/Nairobi
HKEL,EDL,Eldoret International Airport,Eldoret,KE,0.4044579864,35.238899231,Africa/Nairobi
HKES,EYS,Eliye Springs Airport,Eliye Springs,KE,3.2166700363,35.9667015076,Africa/Nairobi
HKFG,KLK,Kalokol Airport,Kalokol,KE,3.4830000401,35.8330001831,Africa/Nairobi
HKGA,GAS,Garissa Airport,Garissa,KE,-0.4635080099,39.6483001709,Africa/Nairobi
HKHO,HOA,Hola Airport,Hola,KE,-1.5219999552,40.0040016174,Africa/Nairobi
HKJK,NBO,Jomo Kenyatta International Airport,Nairobi,KE,-1.319239974,36.9277992249,Africa/Nairobi
HKKE,KEU,Keekorok Airport,Keekorok,KE,-1.5829999447,35.25,Africa/Nairobi
HKKG,GGM,Kakamega Airport,Kakamega,KE,0.2713420093,34.7873001099,Africa/Nairobi
HKKI,KIS,Kisumu Airport,Kisumu,KE,-0.086139001,34.7289009094,Africa/Nairobi
HKKL,ILU,Kilaguni Airport,Kilaguni,KE,-2.9106099606,38.0652008057,Africa/Nairobi
HKKR,KEY,Kericho Airport,Kericho,KE,-0.4169999957,35.25,Africa/Nairobi
HKKT,KTL,Kitale Airport,Kitale,KE,0.971988976,34.9585990906,Africa/Nairobi
HKLK,LKG,Lokichoggio Airport,Lokichoggio,KE,4.2041201591,34.3482017517,Africa/Nairobi
HKLO,LOK,Lodwar Airport,Lodwar,KE,3.1219699383,35.6086997986,Africa/Nairobi
HKLU,LAU,Manda Airstrip,Lamu,KE,-2.2524199486,40.9131011963,Africa/Nairobi
HKLY,LOY,Loyengalani Airport,Loyengalani,KE,2.75,36.716999054,Africa/Nairobi
HKMA,NDE,Mandera Airport,Mandera,KE,3.9330000877,41.8499984741,Africa/Addis_Ababa
HKMB,RBT,Segel Airport,Marsabit,KE,2.3499999046,37.983001709,Africa/Nairobi
HKMK,JJM,Mulika Lodge Airport,Meru-Kinna,KE,0.165083006,38.1951408386,Africa/Nairobi
HKML,MYD,Malindi Airport,Malindi,KE,-3.2293100357,40.1016998291,Africa/Nairobi
HKMO,MBA,Mombasa Moi International Airport,Mombasa,KE,-4.0348300934,39.5942001343,Africa/Nairobi
HKMS,MRE,Mara Serena Lodge Airstrip,Masai Mara,KE,-1.406111002,35.0080566406,Africa/Nairobi
HKMY,OYL,Moyale Airport,Moyale (Lower),KE,3.4697198868,39.101398468,Africa/Nairobi
HKNI,NYE,Nyeri Airport,Nyeri,KE,-0.3644140065,36.9784851074,Africa/Nairobi
HKNK,NUU,Nakuru Airport,Nakuru,KE,-0.2980670035,36.1593017578,Africa/Nairobi
HKNW,WIL,Nairobi Wilson Airport,Nairobi,KE,-1.3217200041,36.8148002625,Africa/Nairobi
HKNY,NYK,Nanyuki Airport,Nanyuki,KE,-0.0623988993,37.0410079956,Africa/Nairobi
HKSB,UAS,Samburu South Airport,Samburu South,KE,0.530583024,37.5341949463,Africa/Nairobi
HKUK,UKA,Ukunda Airstrip,Ukunda,KE,-4.2933301926,39.5710983276,Africa/Nairobi
HKWJ,WJR,Wajir Airport,Wajir,KE,1.7332400084,40.0915985107,Africa/Nairobi
HLGD,SRX,Gardabya Airport,Sirt,LY,31.0634994507,16.5949993134,Africa/Tripoli
HLGN,TOB,Gamal Abdel Nasser Airport,Tobruk,LY,31.861000061,23.906999588,Africa/Tripoli
HLGT,GHT,Ghat Airport,Ghat,LY,25.1455993652,10.1426000595,Africa/Tripoli
HLKF,AKF,Kufra Airport,Kufra,LY,24.1786994934,23.313999176,Africa/Tripoli
HLLB,BEN,Benina International Airport,Benghazi,LY,32.0968017578,20.2695007324,Africa/Tripoli
HLLM,MJI,Mitiga Airport,Tripoli,LY,32.8941001892,13.2760000229,Africa/Tripoli
HLLQ,LAQ,La Abraq Airport,Al Bayda',LY,32.7887001038,21.9643001556,Africa/Tripoli
HLLS,SEB,Sabha Airport,Sabha,LY,26.9869995117,14.4724998474,Africa/Tripoli
HLLT,TIP,Tripoli International Airport,Tripoli,LY,32.6635017395,13.1590003967,Africa/Tripoli
HLMB,LMQ,Marsa Brega Airport,Unknown,LY,30.3780994415,19.5764007568,Africa/Tripoli
HLNR,NFR,Nafurah 1 Airport,Nafurah 1,LY,29.2131996155,21.5923995972,Africa/Tripoli
HLON,HUQ,Hon Airport,Unknown,LY,29.1100997925,15.9656000137,Africa/Tripoli
HLTD,LTD,Ghadames East Airport,Ghadames,LY,30.1516990662,9.7153100967,Africa/Tripoli
HLZW,WAX,Zwara Airport,Zuwara,LY,32.9523010254,12.0155000687,Africa/Tripoli
HRYG,GYI,Gisenyi Airport,Gisenyi,RW,-1.6771999598,29.2588996887,Africa/Kigali
HRYI,BTQ,Butare Airport,Butare,RW,-2.5958299637,29.736700058,Africa/Kigali
HRYR,KGL,Kigali International Airport,Kigali,RW,-1.9686299563,30.1394996643,Africa/Kigali
HRYU,RHG,Ruhengeri Airport,Ruhengeri,RW,-1.5,29.6329994202,Africa/Kigali
HRZA,KME,Kamembe Airport,Kamembe,RW,-2.4622399807,28.9078998566,Africa/Kigali
HSAT,ATB,Atbara Airport,Atbara,SD,17.7103443146,34.05701828,Africa/Khartoum
HSDB,EDB,El Debba Airport,El Debba,SD,18.0249996185,30.9582996368,Africa/Khartoum
HSDN,DOG,Dongola Airport,Dongola,SD,19.1539001465,30.4300994873,Africa/Khartoum
HSDZ,RSS,Damazin Airport,Ad Damazin,SD,11.785900116,34.3367004395,Africa/Khartoum
HSFS,ELF,El Fasher Airport,El Fasher,SD,13.6148996353,25.3246002197,Africa/Khartoum
HSGF,GSU,Azaza Airport,Gedaref,SD,14.1330003738,35.3170013428,Africa/Khartoum
HSGG,DNX,Galegu Airport,Dinder,SD,12.5329999924,35.0670013428,Africa/Khartoum
HSGN,EGN,Geneina Airport,Geneina,SD,13.4816999435,22.4671993256,Africa/Khartoum
HSHG,HEG,Heglig Airport,Heglig Oilfield,SD,9.994933,29.397718,Africa/Khartoum
HSKA,KSL,Kassala Airport,Kassala,SD,15.3874998093,36.3288002014,Africa/Khartoum
HSKG,GBU,Khashm El Girba Airport,Khashm El Girba,SD,14.9250001907,35.8779983521,Africa/Khartoum
HSKI,KST,Kosti Airport,Kosti,SD,13.1829996109,32.733001709,Africa/Khartoum
HSLI,KDX,Kadugli Airport,Kadugli,SD,11.1379995346,29.7010993958,Africa/Khartoum
HSMK,RBX,Rumbek Airport,Rumbek,SS,6.8249998093,29.6690006256,Africa/Juba
HSMR,MWE,Merowe Airport,Merowe,SD,18.4500007629,31.8330001831,Africa/Khartoum
HSNH,NUD,En Nahud Airport,En Nahud,SD,12.6669998169,28.3330001831,Africa/Khartoum
HSNN,UYL,Nyala Airport,Nyala,SD,12.0535001755,24.956199646,Africa/Khartoum
HSNW,NHF,New Halfa Airport,New Halfa,SD,15.3556003571,35.7277984619,Africa/Khartoum
HSOB,EBD,El Obeid Airport,Al-Ubayyid,SD,13.1532001495,30.2327003479,Africa/Khartoum
HSPN,PZU,Port Sudan New International Airport,Port Sudan,SD,19.433599472,37.2341003418,Africa/Khartoum
HSSJ,JUB,Juba Airport,Juba,SS,4.872010231,31.6011009216,Africa/Juba
HSSM,MAK,Malakal Airport,Malakal,SS,9.5589704514,31.6522006989,Africa/Juba
HSSS,KRT,Khartoum International Airport,Khartoum,SD,15.5895004272,32.5531997681,Africa/Khartoum
HSSW,WHF,Wadi Halfa Airport,Wadi Halfa,SD,21.8026981354,31.5215778351,Africa/Khartoum
HSWW,WUU,Wau Airport,Wau,SS,7.7258300781,27.9750003815,Africa/Juba
HSZA,ZLX,Zalingei Airport,Zalingei,SD,12.8999996185,23.4829998016,Africa/Khartoum
HTAR,ARK,Arusha Airport,Arusha,TZ,-3.3677899837,36.6333007813,Africa/Dar_es_Salaam
HTBU,BKZ,Bukoba Airport,Bukoba,TZ,-1.332,31.8212,Africa/Dar_es_Salaam
HTDA,DAR,Mwalimu Julius K. Nyerere International Airport,Dar es Salaam,TZ,-6.8781099319,39.2025985718,Africa/Dar_es_Salaam
HTDO,DOD,Dodoma Airport,Dodoma,TZ,-6.170440197,35.7526016235,Africa/Dar_es_Salaam
HTIR,IRI,Iringa Airport,Nduli,TZ,-7.6686301231,35.7521018982,Africa/Dar_es_Salaam
HTKA,TKQ,Kigoma Airport,Kigoma,TZ,-4.8862,29.6709,Africa/Dar_es_Salaam
HTKI,KIY,Kilwa Masoko Airport,Kilwa Masoko,TZ,-8.9329996109,39.516998291,Africa/Dar_es_Salaam
HTKJ,JRO,Kilimanjaro International Airport,Arusha,TZ,-3.4294099808,37.0745010376,Africa/Dar_es_Salaam
HTLI,LDI,Kikwetu Airport,Lindi,TZ,-9.8511104584,39.7578010559,Africa/Dar_es_Salaam
HTLM,LKY,Lake Manyara Airport,Lake Manyara National Park,TZ,-3.3763101101,35.8182983398,Africa/Dar_es_Salaam
HTMA,MFA,Mafia Island Airport,Mafia Island,TZ,-7.9169998169,39.6669998169,Africa/Dar_es_Salaam
HTMB,MBI,Mbeya Airport,Mbeya,TZ,-8.9169998169,33.466999054,Africa/Dar_es_Salaam
HTMD,MWN,Mwadui Airport,Mwadui,TZ,-3.5,33.6170005798,Africa/Dar_es_Salaam
HTMI,XMI,Masasi Airport,Masasi,TZ,-10.7329998016,38.766998291,Africa/Dar_es_Salaam
HTMS,QSI,Moshi Airport,Moshi,TZ,-3.3633298874,37.3269004822,Africa/Dar_es_Salaam
HTMT,MYW,Mtwara Airport,Mtwara,TZ,-10.339099884,40.1818008423,Africa/Dar_es_Salaam
HTMU,MUZ,Musoma Airport,Musoma,TZ,-1.503,33.8021,Africa/Dar_es_Salaam
HTMW,MWZ,Mwanza Airport,Mwanza,TZ,-2.4444899559,32.9327011108,Africa/Dar_es_Salaam
HTNA,NCH,Nachingwea Airport,Nachingwea,TZ,-10.3575000763,38.7792015076,Africa/Dar_es_Salaam
HTNJ,JOM,Njombe Airport,Njombe,TZ,-9.3500003815,34.7999992371,Africa/Dar_es_Salaam
HTPE,PMA,Pemba Airport,Chake,TZ,-5.2572598457,39.8114013672,Africa/Dar_es_Salaam
HTSN,SEU,Seronera Airport,Seronera,TZ,-2.4580600262,34.8224983215,Africa/Dar_es_Salaam
HTSO,SGX,Songea Airport,Songea,TZ,-10.6829996109,35.5830001831,Africa/Dar_es_Salaam
HTSU,SUT,Sumbawanga Airport,Sumbawanga,TZ,-7.9670000076,31.6669998169,Africa/Dar_es_Salaam
HTSY,SHY,Shinyanga Airport,Shinyanga,TZ,-3.6093,33.5035,Africa/Dar_es_Salaam
HTTB,TBO,Tabora Airport,Tabora,TZ,-5.0763897896,32.8333015442,Africa/Dar_es_Salaam
HTTG,TGT,Tanga Airport,Tanga,TZ,-5.0923600197,39.0712013245,Africa/Dar_es_Salaam
HTZA,ZNZ,Zanzibar Airport,Kiembi Samaki,TZ,-6.2220201492,39.224899292,Africa/Dar_es_Salaam
HUAR,RUA,Arua Airport,Arua,UG,3.0499999523,30.9169998169,Africa/Kampala
HUEN,EBB,Entebbe International Airport,Kampala,UG,0.0423859991,32.4435005188,Africa/Kampala
HUGU,ULU,Gulu Airport,Gulu,UG,2.805560112,32.2718009949,Africa/Kampala
HUJI,JIN,Jinja Airport,Jinja,UG,0.4499999881,33.2000007629,Africa/Kampala
HUKF,KBG,Kabalega Falls Airport,Kabalega Falls,UG,2.326390028,31.497800827,Africa/Kampala
HUKS,KSE,Kasese Airport,Kasese,UG,0.1829999983,30.1000003815,Africa/Kampala
HUMA,MBQ,Mbarara Airport,Mbarara,UG,-0.5552780032,30.5993995667,Africa/Kampala
HUMI,KCU,Masindi Airport,Masindi,UG,1.7580599785,31.736700058,Africa/Kampala
HUPA,PAF,Pakuba Airport,Unknown,UG,2.202222,31.554444,Africa/Kampala
HUSO,SRT,Soroti Airport,Soroti,UG,1.7276899815,33.6227989197,Africa/Kampala
HUTO,TRY,Tororo Airport,Tororo,UG,0.6830000281,34.1669998169,Africa/Kampala
K00C,AMK,Animas Air Park,Durango,US,37.2032012939,-107.869003296,America/Denver
K00F,BDX,Broadus Airport,Broadus,US,45.47249985,-105.4540024,America/Denver
K0B8,FID,Elizabeth Field,Fishers Island,US,41.2513008118,-72.0316009521,America/New_York
K1B1,HCC,Columbia County Airport,Hudson,US,42.29130555,-73.71033333,America/New_York
K1G4,GCW,Grand Canyon West Airport,Peach Springs,US,35.990398407,-113.816001892,America/Phoenix
K1O5,RKC,Montague-Yreka Rohrer Field,Montague,US,41.7304000854,-122.54599762,America/Los_Angeles
K2O1,GNF,Gansner Field,Quincy,US,39.943901062,-120.944999695,America/Los_Angeles
K37V,AHF,Arapahoe Municipal Airport,Arapahoe,US,40.34158333,-99.90780555,America/Chicago
K3S8,GTP,Grants Pass Airport,Grants Pass,US,42.5101013184,-123.388000488,America/Los_Angeles
K3W7,GCD,Grand Coulee Dam Airport,Electric City,US,47.922000885,-119.083000183,America/Los_Angeles
K40J,FPY,Perry Foley Airport,Perry,US,30.0692997,-83.58059692,America/New_York
K47N,JVI,Central Jersey Regional Airport,Manville,US,40.52444444,-74.59830555,America/New_York
K6B6,MMN,Minute Man Air Field,Stow,US,42.46038541,-71.51801188,America/New_York
K6S2,FMU,Florence Municipal Airport,Florence,US,43.98279953,-124.111000061,America/Los_Angeles
K80F,ATE,Antlers Municipal Airport,Antlers,US,34.1926002502,-95.6499023438,America/Chicago
KAAF,AAF,Apalachicola Regional Airport,Apalachicola,US,29.72750092,-85.02749634,America/New_York
KABE,ABE,Lehigh Valley International Airport,Allentown,US,40.6520996094,-75.4408035278,America/New_York
KABI,ABI,Abilene Regional Airport,Abilene,US,32.4113006592,-99.6819000244,America/Chicago
KABQ,ABQ,Albuquerque International Sunport Airport,Albuquerque,US,35.0401992798,-106.6090011597,America/Denver
KABR,ABR,Aberdeen Regional Airport,Aberdeen,US,45.4491004944,-98.4217987061,America/Chicago
KABY,ABY,Southwest Georgia Regional Airport,Albany,US,31.5354995728,-84.1945037842,America/New_York
KACB,ACB,Antrim County Airport,Bellaire,US,44.9886016846,-85.1984024048,America/Detroit
KACK,ACK,Nantucket Memorial Airport,Nantucket,US,41.25310135,-70.06020355,America/New_York
KACT,ACT,Waco Regional Airport,Waco,US,31.6112995148,-97.2304992676,America/Chicago
KACV,ACV,California Redwood Coast-Humboldt County Airport,Arcata/Eureka,US,40.978099823,-124.1090011597,America/Los_Angeles
KACY,ACY,Atlantic City International Airport,Atlantic City,US,39.4575996399,-74.5772018433,America/New_York
KADG,ADG,Lenawee County Airport,Adrian,US,41.8676986694,-84.0773010254,America/Detroit
KADH,ADT,Ada Municipal Airport,Ada,US,34.8042984009,-96.6713027954,America/Chicago
KADM,ADM,Ardmore Municipal Airport,Ardmore,US,34.30301,-97.0196342,America/Chicago
KADS,ADS,Addison Airport,Dallas,US,32.9686012268,-96.8364028931,America/Chicago
KADW,ADW,Andrews Air Force Base,Camp Springs,US,38.810798645,-76.8669967651,America/New_York
KAEL,AEL,Albert Lea Municipal Airport,Albert Lea,US,43.68149948,-93.36720276,America/Chicago
KAEX,AEX,Alexandria International Airport,Alexandria,US,31.3274002075,-92.5497970581,America/Chicago
KAFF,AFF,USAF Academy Airfield,Colorado Springs,US,38.96969986,-104.8130035,America/Denver
KAFJ,WSG,Washington County Airport,Washington,US,40.1365013123,-80.2901992798,America/New_York
KAFN,AFN,Jaffrey Airport Silver Ranch Airport,Jaffrey,US,42.8050994873,-72.0029983521,America/New_York
KAFO,AFO,Afton Municipal Airport,Afton,US,42.7112007141,-110.942001343,America/Denver
KAFW,AFW,Fort Worth Alliance Airport,Fort Worth,US,32.9875984192,-97.3188018799,America/Chicago
KAGC,AGC,Allegheny County Airport,Pittsburgh,US,40.3544006348,-79.9301986694,America/New_York
KAGO,AGO,Magnolia Municipal Airport,Magnolia,US,33.22800064,-93.21700287,America/Chicago
KAGS,AGS,Augusta Regional At Bush Field,Augusta,US,33.3698997498,-81.9645004272,America/New_York
KAHC,AHC,Amedee Army Air Field,Herlong,US,40.26620102,-120.1529999,America/Los_Angeles
KAHH,AHH,Amery Municipal Airport,Amery,US,45.2811012268,-92.3753967285,America/Chicago
KAHN,AHN,Athens Ben Epps Airport,Athens,US,33.948600769,-83.3263015747,America/New_York
KAIA,AIA,Alliance Municipal Airport,Alliance,US,42.0531997681,-102.804000854,America/Denver
KAID,AID,Anderson Municipal Darlington Field,Anderson,US,40.1086006165,-85.6129989624,America/Indiana/Indianapolis
KAIK,AIK,Aiken Municipal Airport,Aiken,US,33.6493988037,-81.6849975586,America/New_York
KAIO,AIO,Atlantic Municipal Airport,Atlantic,US,41.40729904,-95.04689789,America/Chicago
KAIV,AIV,George Downer Airport,Aliceville,US,33.1064987183,-88.1977996826,America/Chicago
KAIZ,AIZ,Lee C Fine Memorial Airport,Kaiser Lake Ozark,US,38.0960006714,-92.5494995117,America/Chicago
KAKO,AKO,Colorado Plains Regional Airport,Akron,US,40.1755981445,-103.222000122,America/Denver
KAKR,AKC,Akron Fulton International Airport,Akron,US,41.0374984741,-81.4669036865,America/New_York
KALB,ALB,Albany International Airport,Albany,US,42.748298645,-73.8016967773,America/New_York
KALI,ALI,Alice International Airport,Alice,US,27.7409000397,-98.0269012451,America/Chicago
KALM,ALM,Alamogordo White Sands Regional Airport,Alamogordo,US,32.8399009705,-105.9909973145,America/Denver
KALN,ALN,St Louis Regional Airport,Alton/St Louis,US,38.8903007507,-90.0459976196,America/Chicago
KALO,ALO,Waterloo Regional Airport,Waterloo,US,42.5570983887,-92.4002990723,America/Chicago
KALS,ALS,San Luis Valley Regional Bergman Field,Alamosa,US,37.4348983765,-105.866996765,America/Denver
KALW,ALW,Walla Walla Regional Airport,Walla Walla,US,46.09489822,-118.288002,America/Los_Angeles
KALX,ALX,Thomas C Russell Field,Alexander City,US,32.9146995544,-85.9629974365,America/Chicago
KAMA,AMA,Rick Husband Amarillo International Airport,Amarillo,US,35.2193984985,-101.7060012817,America/Chicago
KAMN,AMN,Gratiot Community Airport,Alma,US,43.322101593,-84.68800354,America/Detroit
KAMW,AMW,Ames Municipal Airport,Ames,US,41.99200058,-93.62180328,America/Chicago
KANB,ANB,Anniston Metropolitan Airport,Anniston,US,33.58819962,-85.85810089,America/Chicago
KAND,AND,Anderson Regional Airport,Anderson,US,34.4945983887,-82.7093963623,America/New_York
KANK,SLT,Harriet Alexander Field,Salida,US,38.5382995605,-106.0490036011,America/Denver
KANP,ANP,Lee Airport,Annapolis,US,38.9429016113,-76.568397522,America/New_York
KANQ,ANQ,Tri State Steuben County Airport,Angola,US,41.6397018433,-85.0835037231,America/Indiana/Indianapolis
KANW,ANW,Ainsworth Municipal Airport,Ainsworth,US,42.5792007446,-99.9929962158,America/Chicago
KANY,ANY,Anthony Municipal Airport,Anthony,US,37.1585006714,-98.0795974731,America/Chicago
KAOH,AOH,Lima Allen County Airport,Lima,US,40.7069015503,-84.0267028809,America/New_York
KAOO,AOO,Altoona Blair County Airport,Altoona,US,40.29639816,-78.31999969,America/New_York
KAPA,APA,Centennial Airport,Denver,US,39.57009888,-104.848999,America/Denver
KAPC,APC,Napa County Airport,Napa,US,38.2131996155,-122.28099823,America/Los_Angeles
KAPF,APF,Naples Municipal Airport,Naples,US,26.1525993347,-81.7752990723,America/New_York
KAPG,APG,Phillips Army Air Field,Aberdeen Proving Grounds(Aberdeen),US,39.46620178,-76.16880035,America/New_York
KAPH,APH,A P Hill Aaf (Fort A P Hill) Airport,Fort A. P. Hill,US,38.06890106,-77.31829834,America/New_York
KAPN,APN,Alpena County Regional Airport,Alpena,US,45.0780983,-83.56030273,America/Detroit
KAPT,APT,Marion County Brown Field,Jasper,US,35.0606994629,-85.5852966309,America/Chicago
KAPV,APV,Apple Valley Airport,Apple Valley,US,34.5752983093,-117.185997009,America/Los_Angeles
KARA,ARA,Acadiana Regional Airport,New Iberia,US,30.0377998352,-91.8839035034,America/Chicago
KARB,ARB,Ann Arbor Municipal Airport,Ann Arbor,US,42.2229995728,-83.7455978394,America/Detroit
KARG,ARG,Walnut Ridge Regional Airport,Walnut Ridge,US,36.1246667,-90.9251111,America/Chicago
KARM,WHT,Wharton Regional Airport,Wharton,US,29.2542991638,-96.1544036865,America/Chicago
KARR,AUZ,Aurora Municipal Airport,Chicago/Aurora,US,41.771900177,-88.4757003784,America/Chicago
KART,ART,Watertown International Airport,Watertown,US,43.9919013977,-76.021697998,America/New_York
KARV,ARV,Lakeland-Noble F. Lee Memorial field,Minocqua-Woodruff,US,45.92789841,-89.73090363,America/Chicago
KARW,BFT,Beaufort County Airport,Beaufort,US,32.4122009277,-80.6343994141,America/New_York
KASE,ASE,Aspen-Pitkin Co/Sardy Field,Aspen,US,39.22320175,-106.8690033,America/Denver
KASG,SPZ,Springdale Municipal Airport,Springdale,US,36.176399231,-94.1193008423,America/Chicago
KASH,ASH,Boire Field,Nashua,US,42.7817001343,-71.5148010254,America/New_York
KASL,ASL,Harrison County Airport,Marshall,US,32.5205001831,-94.307800293,America/Chicago
KASN,ASN,Talladega Municipal Airport,Talladega,US,33.5699005127,-86.0509033203,America/Chicago
KAST,AST,Astoria Regional Airport,Astoria,US,46.158000946,-123.878997803,America/Los_Angeles
KASX,ASX,John F Kennedy Memorial Airport,Ashland,US,46.54850006,-90.91899872,America/Chicago
KASY,ASY,Ashley Municipal Airport,Ashley,US,46.0238990784,-99.3526000977,America/Chicago
KATL,ATL,Hartsfield Jackson Atlanta International Airport,Atlanta,US,33.6366996765,-84.4281005859,America/New_York
KATS,ATS,Artesia Municipal Airport,Artesia,US,32.8525009155,-104.468002319,America/Denver
KATW,ATW,Appleton International Airport,Appleton,US,44.2580986023,-88.5190963745,America/Chicago
KATY,ATY,Watertown Regional Airport,Watertown,US,44.91400146,-97.15470123,America/Chicago
KAUG,AUG,Augusta State Airport,Augusta,US,44.3205986023,-69.7973022461,America/New_York
KAUM,AUM,Austin Municipal Airport,Austin,US,43.66500092,-92.93340302,America/Chicago
KAUN,AUN,Auburn Municipal Airport,Auburn,US,38.95479965,-121.0820007,America/Los_Angeles
KAUO,AUO,Auburn Opelika Robert G. Pitts Airport,Auburn,US,32.61510086,-85.43399811,America/Chicago
KAUS,AUS,Austin Bergstrom International Airport,Austin,US,30.1944999695,-97.6698989868,America/Chicago
KAUW,AUW,Wausau Downtown Airport,Wausau,US,44.9262008667,-89.6266021729,America/Chicago
KAVL,AVL,Asheville Regional Airport,Asheville,US,35.4361991882,-82.5418014526,America/New_York
KAVO,AVO,Avon Park Executive Airport,Avon Park,US,27.59119987,-81.52780151,America/New_York
KAVP,AVP,Wilkes Barre Scranton International Airport,Wilkes-Barre/Scranton,US,41.3385009766,-75.7233963013,America/New_York
KAVQ,AVW,Marana Regional Airport,Tucson,US,32.4095993042,-111.218002319,America/Phoenix
KAVX,AVX,Catalina Airport,Avalon,US,33.4048995972,-118.4160003662,America/Los_Angeles
KAWM,AWM,West Memphis Municipal Airport,West Memphis,US,35.1351013184,-90.2343978882,America/Chicago
KAXA,AXG,Algona Municipal Airport,Algona,US,43.0778999329,-94.2720031738,America/Chicago
KAXN,AXN,Chandler Field,Alexandria,US,45.8662986755,-95.3946990967,America/Chicago
KAXS,AXS,Altus Quartz Mountain Regional Airport,Altus,US,34.6963996887,-99.3403015137,America/Chicago
KAXV,AXV,Neil Armstrong Airport,Wapakoneta,US,40.49340057,-84.29889679,America/New_York
KAXX,AXX,Angel Fire Airport,Angel Fire,US,36.422000885,-105.290000916,America/Denver
KAYS,AYS,Waycross Ware County Airport,Waycross,US,31.2490997314,-82.3955001831,America/New_York
KAZO,AZO,Kalamazoo Battle Creek International Airport,Kalamazoo,US,42.2349014282,-85.5521011353,America/Detroit
KBAB,BAB,Beale Air Force Base,Marysville,US,39.136100769,-121.43699646,America/Los_Angeles
KBAD,BAD,Barksdale Air Force Base,Bossier City,US,32.5018005371,-93.6626968384,America/Chicago
KBAF,BAF,Westfield-Barnes Regional Airport,Westfield/Springfield,US,42.1577987671,-72.7155990601,America/New_York
KBAK,CLU,Columbus Municipal Airport,Columbus,US,39.2619018555,-85.8963012695,America/Indiana/Indianapolis
KBAM,BAM,Battle Mountain Airport,Battle Mountain,US,40.5989990234,-116.8740005493,America/Los_Angeles
KBBB,BBB,Benson Municipal Airport,Benson,US,45.3319015503,-95.6505966187,America/Chicago
KBBD,BBD,Curtis Field,Brady,US,31.1793003082,-99.3238983154,America/Chicago
KBBG,BKG,Branson Airport,Branson,US,36.532082,-93.200544,America/Chicago
KBBP,BTN,Marlboro County Jetport H.E. Avent Field,Bennettsville,US,34.62170029,-79.73439789,America/New_York
KBBW,BBW,Broken Bow Municipal Airport,Broken Bow,US,41.4365005493,-99.6421966553,America/Chicago
KBCB,BCB,Virginia Tech Montgomery Executive Airport,Blacksburg,US,37.2075996399,-80.4077987671,America/New_York
KBCE,BCE,Bryce Canyon Airport,Bryce Canyon,US,37.706401825,-112.144996643,America/Denver
KBCT,BCT,Boca Raton Airport,Boca Raton,US,26.3784999847,-80.1076965332,America/New_York
KBDE,BDE,Baudette International Airport,Baudette,US,48.7284011841,-94.612197876,America/Chicago
KBDG,BDG,Blanding Municipal Airport,Blanding,US,37.58330154,-109.4830017,America/Denver
KBDH,ILL,Willmar Municipal -John L Rice Field,Willmar,US,45.11769867,-95.13040161,America/Chicago
KBDL,BDL,Bradley International Airport,Hartford,US,41.9388999939,-72.6831970215,America/New_York
KBDR,BDR,Igor I Sikorsky Memorial Airport,Bridgeport,US,41.1635017395,-73.1261978149,America/New_York
KBDU,WBU,Boulder Municipal Airport,Boulder,US,40.0393981934,-105.225997925,America/Denver
KBEC,BEC,Beech Factory Airport,Wichita,US,37.6944999695,-97.2149963379,America/Chicago
KBED,BED,Laurence G Hanscom Field,Bedford,US,42.47000122,-71.28900146,America/New_York
KBEH,BEH,Southwest Michigan Regional Airport,Benton Harbor,US,42.1286010742,-86.4284973145,America/Detroit
KBFD,BFD,Bradford Regional Airport,Bradford,US,41.8031005859,-78.6400985718,America/New_York
KBFF,BFF,Western Neb. Rgnl/William B. Heilig Airport,Scottsbluff,US,41.87400055,-103.5960007,America/Denver
KBFI,BFI,Boeing Field King County International Airport,Seattle,US,47.5299987793,-122.3020019531,America/Los_Angeles
KBFL,BFL,Meadows Field,Bakersfield,US,35.43360138,-119.0569992,America/Los_Angeles
KBFM,BFM,Mobile Downtown Airport,Mobile,US,30.6268005371,-88.0680999756,America/Chicago
KBFR,BFR,Virgil I Grissom Municipal Airport,Bedford,US,38.84000015,-86.44539642,America/Indiana/Indianapolis
KBGD,BGD,Hutchinson County Airport,Borger,US,35.7009010315,-101.393997192,America/Chicago
KBGE,BGE,Decatur County Industrial Air Park,Bainbridge,US,30.9715004,-84.63739777,America/New_York
KBGM,BGM,Greater Binghamton/Edwin A Link field,Binghamton,US,42.20869827,-75.97979736,America/New_York
KBGR,BGR,Bangor International Airport,Bangor,US,44.8073997498,-68.8281021118,America/New_York
KBHB,BHB,Hancock County-Bar Harbor Airport,Bar Harbor,US,44.45000076,-68.3615036,America/New_York
KBHM,BHM,Birmingham-Shuttlesworth International Airport,Birmingham,US,33.56290054,-86.75350189,America/Chicago
KBID,BID,Block Island State Airport,Block Island,US,41.1680984497,-71.577796936,America/New_York
KBIE,BIE,Beatrice Municipal Airport,Beatrice,US,40.3013000488,-96.7540969849,America/Chicago
KBIF,BIF,Biggs Army Air Field (Fort Bliss),Fort Bliss/El Paso,US,31.84950066,-106.3799973,America/Denver
KBIH,BIH,Eastern Sierra Regional Airport,Bishop,US,37.3731002808,-118.363998413,America/Los_Angeles
KBIL,BIL,Billings Logan International Airport,Billings,US,45.8077011108,-108.5429992676,America/Denver
KBIS,BIS,Bismarck Municipal Airport,Bismarck,US,46.7727012634,-100.7460021973,America/Chicago
KBIX,BIX,Keesler Air Force Base,Biloxi,US,30.4104003906,-88.9244003296,America/Chicago
KBJC,BJC,Rocky Mountain Metropolitan Airport,Denver,US,39.90879822,-105.1169968,America/Denver
KBJI,BJI,Bemidji Regional Airport,Bemidji,US,47.50939941,-94.93370056,America/Chicago
KBJJ,BJJ,Wayne County Airport,Wooster,US,40.8748016357,-81.8882980347,America/New_York
KBKD,BKD,Stephens County Airport,Breckenridge,US,32.71900177,-98.8909988403,America/Chicago
KBKE,BKE,Baker City Municipal Airport,Baker City,US,44.8372993469,-117.808998108,America/Los_Angeles
KBKF,BFK,Buckley Air Force Base,Aurora,US,39.7016983032,-104.751998901,America/Denver
KBKL,BKL,Burke Lakefront Airport,Cleveland,US,41.5175018311,-81.6832962036,America/New_York
KBKN,BWL,Blackwell Tonkawa Municipal Airport,Blackwell,US,36.74509811,-97.34960175,America/Chicago
KBKT,BKT,Allen C Perkinson Blackstone Army Air Field,Blackstone,US,37.0741996765,-77.9574966431,America/New_York
KBKW,BKW,Raleigh County Memorial Airport,Beckley,US,37.7873001099,-81.1241989136,America/New_York
KBKX,BKX,Brookings Regional Airport,Brookings,US,44.3047981262,-96.8169021606,America/Chicago
KBLF,BLF,Mercer County Airport,Bluefield,US,37.2957992554,-81.2077026367,America/New_York
KBLH,BLH,Blythe Airport,Blythe,US,33.6192016602,-114.717002869,America/Los_Angeles
KBLI,BLI,Bellingham International Airport,Bellingham,US,48.7928009033,-122.5380020142,America/Los_Angeles
KBLM,BLM,Monmouth Executive Airport,Belmar/Farmingdale,US,40.18690109,-74.12490082,America/New_York
KBLU,BLU,Blue Canyon Nyack Airport,Emigrant Gap,US,39.2750015259,-120.709999084,America/Los_Angeles
KBLV,BLV,Scott AFB/Midamerica Airport,Belleville,US,38.54520035,-89.83519745,America/Chicago
KBMC,BMC,Brigham City Airport,Brigham City,US,41.5523986816,-112.06199646,America/Denver
KBMG,BMG,Monroe County Airport,Bloomington,US,39.1459999084,-86.6166992188,America/Indiana/Indianapolis
KBMI,BMI,Central Illinois Regional Airport at Bloomington-Normal,Bloomington-Normal,US,40.47710037,-88.91590118,America/Chicago
KBML,BML,Berlin Regional Airport,Berlin,US,44.57540131,-71.17590332,America/New_York
KBMT,BMT,Beaumont Municipal Airport,Beaumont,US,30.0706996918,-94.2157974243,America/Chicago
KBNA,BNA,Nashville International Airport,Nashville,US,36.1245002747,-86.6781997681,America/Chicago
KBNG,BNG,Banning Municipal Airport,Banning,US,33.9230995178,-116.850997925,America/Los_Angeles
KBNL,BNL,Barnwell Regional Airport,Barnwell,US,33.25780106,-81.38829803,America/New_York
KBNO,BNO,Burns Municipal Airport,Burns,US,43.5918998718,-118.955001831,America/Los_Angeles
KBNW,BNW,Boone Municipal Airport,Boone,US,42.0495986938,-93.8476028442,America/Chicago
KBOI,BOI,Boise Air Terminal/Gowen field,Boise,US,43.56439972,-116.2229996,America/Boise
KBOS,BOS,General Edward Lawrence Logan International Airport,Boston,US,42.36429977,-71.00520325,America/New_York
KBOW,BOW,Bartow Municipal Airport,Bartow,US,27.9433994293,-81.7834014893,America/New_York
KBPG,BGS,Big Spring Mc Mahon-Wrinkle Airport,Big Spring,US,32.21260071,-101.5220032,America/Chicago
KBPI,BPI,Miley Memorial Field,Big Piney,US,42.58509827,-110.1110001,America/Denver
KBPK,WMH,Ozark Regional Airport,Mountain Home,US,36.3689002991,-92.4704971313,America/Chicago
KBPP,BWM,Bowman Municipal Airport,Bowman,US,46.1870002747,-103.428001404,America/Denver
KBPT,BPT,Jack Brooks Regional Airport,Beaumont/Port Arthur,US,29.950799942,-94.0206985474,America/Chicago
KBQK,BQK,Brunswick Golden Isles Airport,Brunswick,US,31.2588005066,-81.4664993286,America/New_York
KBRD,BRD,Brainerd Lakes Regional Airport,Brainerd,US,46.39830017,-94.13809967,America/Chicago
KBRL,BRL,Southeast Iowa Regional Airport,Burlington,US,40.7831993103,-91.12550354,America/Chicago
KBRO,BRO,Brownsville South Padre Island International Airport,Brownsville,US,25.9067993164,-97.4259033203,America/Chicago
KBRY,BRY,Samuels Field,Bardstown,US,37.8143005371,-85.4996032715,America/New_York
KBTF,BTF,Skypark Airport,Bountiful,US,40.8694000244,-111.927001953,America/Denver
KBTL,BTL,Battle Creek Executive Airport at Kellogg Field,Battle Creek,US,42.3073005676,-85.2515029907,America/Detroit
KBTM,BTM,Bert Mooney Airport,Butte,US,45.9547996521,-112.4970016479,America/Denver
KBTN,TTO,Britton Municipal Airport,Britton,US,45.8152008057,-97.7431030273,America/Chicago
KBTP,BTP,Pittsburgh/Butler Regional Airport,Butler,US,40.77690125,-79.9496994,America/New_York
KBTR,BTR,Baton Rouge Metropolitan Ryan Field,Baton Rouge,US,30.53319931,-91.14959717,America/Chicago
KBTV,BTV,Patrick Leahy Burlington International Airport,Burlington,US,44.4719009399,-73.1532974243,America/New_York
KBTY,BTY,Beatty Airport,Beatty,US,36.8610992432,-116.787002563,America/Los_Angeles
KBUB,BUB,Cram Field,Burwell,US,41.7766990662,-99.1496963501,America/Chicago
KBUF,BUF,Buffalo Niagara International Airport,Buffalo,US,42.94049835,-78.73220062,America/New_York
KBUM,BUM,Butler Memorial Airport,Butler,US,38.2897987366,-94.3401031494,America/Chicago
KBUR,BUR,Bob Hope Airport,Burbank,US,34.2006988525,-118.3590011597,America/Los_Angeles
KBVI,BFP,Beaver County Airport,Beaver Falls,US,40.7724990845,-80.3914031982,America/New_York
KBVO,BVO,Bartlesville Municipal Airport,Bartlesville,US,36.76250076,-96.01119995,America/Chicago
KBVS,MVW,Skagit Regional Airport,Burlington/Mount Vernon,US,48.4709014893,-122.4209976196,America/Los_Angeles
KBVU,BLD,Boulder City Municipal Airport,Boulder City,US,35.9474983215,-114.861000061,America/Los_Angeles
KBVX,BVX,Batesville Regional Airport,Batesville,US,35.7262001,-91.64730072,America/Chicago
KBVY,BVY,Beverly Regional Airport,Beverly,US,42.5842018127,-70.9164962769,America/New_York
KBWC,BWC,Brawley Municipal Airport,Brawley,US,32.99290085,-115.5169983,America/Los_Angeles
KBWD,BWD,Brownwood Regional Airport,Brownwood,US,31.7936000824,-98.9564971924,America/Chicago
KBWG,BWG,Bowling Green Warren County Regional Airport,Bowling Green,US,36.9645004272,-86.4197006226,America/Chicago
KBWI,BWI,Baltimore/Washington International Thurgood Marshal Airport,Baltimore,US,39.17539978,-76.66829681,America/New_York
KBWP,WAH,Harry Stern Airport,Wahpeton,US,46.2440986633,-96.6073989868,America/Chicago
KBXA,BXA,George R Carr Memorial Air Field,Bogalusa,US,30.8136997223,-89.8649978638,America/Chicago
KBXK,BXK,Buckeye Municipal Airport,Buckeye,US,33.42039871,-112.685997,America/Phoenix
KBXM,NHZ,Brunswick Executive Airport,Brunswick,US,43.8923551,-69.9388297,America/New_York
KBYG,BYG,Johnson County Airport,Buffalo,US,44.3810997009,-106.7220001221,America/Denver
KBYH,BYH,Arkansas International Airport,Blytheville,US,35.9642982483,-89.9440002441,America/Chicago
KBYI,BYI,Burley Municipal Airport,Burley,US,42.5425987244,-113.7720031738,America/Boise
KBYS,BYS,Bicycle Lake Army Air Field,Fort Irwin/Barstow,US,35.2804985046,-116.629997253,America/Los_Angeles
KBYY,BBC,Bay City Municipal Airport,Bay City,US,28.9733009338,-95.8635025024,America/Chicago
KBZN,BZN,Bozeman Yellowstone International Airport,Bozeman,US,45.77750015,-111.1529999,America/Denver
KCAD,CAD,Wexford County Airport,Cadillac,US,44.2752990723,-85.4188995361,America/Detroit
KCAE,CAE,Columbia Metropolitan Airport,Columbia,US,33.9388008118,-81.1194992065,America/New_York
KCAG,CIG,Craig Moffat Airport,Craig,US,40.4952011108,-107.5220031738,America/Denver
KCAK,CAK,Akron Canton Regional Airport,Akron,US,40.9160995483,-81.442199707,America/New_York
KCAO,CAO,Clayton Municipal Airpark,Clayton,US,36.4462013245,-103.166999817,America/Denver
KCAR,CAR,Caribou Municipal Airport,Caribou,US,46.8714981079,-68.0178985596,America/New_York
KCBE,CBE,Greater Cumberland Regional Airport,Cumberland,US,39.615398407,-78.7609024048,America/New_York
KCBF,CBF,Council Bluffs Municipal Airport,Council Bluffs,US,41.2592010498,-95.760597229,America/Chicago
KCBK,CBK,Shalz Field,Colby,US,39.42750168,-101.0469971,America/Chicago
KCBM,CBM,Columbus Air Force Base,Columbus,US,33.6437988281,-88.4438018799,America/Chicago
KCCB,CCB,Cable Airport,Upland,US,34.1115989685,-117.68800354,America/Los_Angeles
KCCR,CCR,Buchanan Field,Concord,US,37.9897003174,-122.056999207,America/Los_Angeles
KCCY,CCY,Northeast Iowa Regional Airport,Charles City,US,43.0726013184,-92.6108016968,America/Chicago
KCDA,LLX,Caledonia County Airport,Lyndonville,US,44.5690994263,-72.0179977417,America/New_York
KCDC,CDC,Cedar City Regional Airport,Cedar City,US,37.7010002136,-113.0989990234,America/Denver
KCDH,CDH,Harrell Field,Camden,US,33.6227989197,-92.7633972168,America/Chicago
KCDK,CDK,George T Lewis Airport,Cedar Key,US,29.1352567648,-83.0483901501,America/New_York
KCDN,CDN,Woodward Field,Camden,US,34.2835998535,-80.5649032593,America/New_York
KCDR,CDR,Chadron Municipal Airport,Chadron,US,42.837600708,-103.095001221,America/Denver
KCDS,CDS,Childress Municipal Airport,Childress,US,34.4337997437,-100.288002014,America/Chicago
KCDW,CDW,Essex County Airport,Caldwell,US,40.8751983643,-74.2814025879,America/New_York
KCEA,CEA,Cessna Acft Field,Wichita,US,37.648601532,-97.2506027222,America/Chicago
KCEC,CEC,Jack Mc Namara Field Airport,Crescent City,US,41.78020096,-124.2369995,America/Los_Angeles
KCEF,CEF,Westover ARB/Metropolitan Airport,Springfield/Chicopee,US,42.19400024,-72.53479767,America/New_York
KCEU,CEU,Oconee County Regional Airport,Clemson,US,34.6719017,-82.8864975,America/New_York
KCEV,CEV,Mettel Field,Connersville,US,39.6985015869,-85.129699707,America/Indiana/Indianapolis
KCEW,CEW,Bob Sikes Airport,Crestview,US,30.778799057,-86.522102356,America/Chicago
KCEY,CEY,Kyle Oakley Field,Murray,US,36.66460037,-88.37280273,America/Chicago
KCEZ,CEZ,Cortez Municipal Airport,Cortez,US,37.3030014038,-108.627998352,America/Denver
KCFD,CFD,Coulter Field,Bryan,US,30.7157001495,-96.3313980103,America/Chicago
KCFS,TZC,Tuscola Area Airport,Caro,US,43.4588012695,-83.4455032349,America/Detroit
KCFT,CFT,Greenlee County Airport,Clifton/Morenci,US,32.95280075,-109.2099991,America/Phoenix
KCFV,CFV,Coffeyville Municipal Airport,Coffeyville,US,37.09400177,-95.5718994141,America/Chicago
KCGE,CGE,Cambridge Dorchester Airport,Cambridge,US,38.53929901,-76.03040314,America/New_York
KCGF,CGF,Cuyahoga County Airport,Cleveland,US,41.5651016235,-81.4863967896,America/New_York
KCGI,CGI,Cape Girardeau Regional Airport,Cape Girardeau,US,37.2252998352,-89.5708007813,America/Chicago
KCGS,CGS,College Park Airport,College Park,US,38.9805984497,-76.9223022461,America/New_York
KCGZ,CGZ,Casa Grande Municipal Airport,Casa Grande,US,32.9548988342,-111.766998291,America/Phoenix
KCHA,CHA,Lovell Field,Chattanooga,US,35.0353012085,-85.2037963867,America/New_York
KCHK,CHK,Chickasha Municipal Airport,Chickasha,US,35.09740067,-97.96769714,America/Chicago
KCHO,CHO,Charlottesville Albemarle Airport,Charlottesville,US,38.1385993958,-78.4529037476,America/New_York
KCHS,CHS,Charleston Air Force Base-International Airport,Charleston,US,32.89860153,-80.04049683,America/New_York
KCIC,CIC,Chico Municipal Airport,Chico,US,39.79539871,-121.8580017,America/Los_Angeles
KCID,CID,The Eastern Iowa Airport,Cedar Rapids,US,41.8847007751,-91.7108001709,America/Chicago
KCIN,CIN,Arthur N Neu Airport,Carroll,US,42.0461997986,-94.7890014648,America/Chicago
KCIR,CIR,Cairo Regional Airport,Cairo,US,37.0644989014,-89.2195968628,America/Chicago
KCIU,CIU,Chippewa County International Airport,Sault Ste Marie,US,46.2508010864,-84.4723968506,America/Detroit
KCKA,CKA,Kegelman Af Aux Field,Cherokee,US,36.7439002991,-98.1231002808,America/Chicago
KCKB,CKB,North Central West Virginia Airport,Clarksburg,US,39.2966003418,-80.2281036377,America/New_York
KCKC,GRM,Grand Marais Cook County Airport,Grand Marais,US,47.8382987976,-90.3828964233,America/Chicago
KCKM,CKM,Fletcher Field,Clarksdale,US,34.2997016907,-90.512298584,America/Chicago
KCKN,CKN,Crookston Municipal Kirkwood Field,Crookston,US,47.8417015076,-96.62159729,America/Chicago
KCKV,CKV,Outlaw Field,Clarksville,US,36.6218986511,-87.4150009155,America/Chicago
KCLE,CLE,Cleveland Hopkins International Airport,Cleveland,US,41.4117012024,-81.8498001099,America/New_York
KCLI,CLI,Clintonville Municipal Airport,Clintonville,US,44.6138000488,-88.731300354,America/Chicago
KCLK,CLK,Clinton Regional Airport,Clinton,US,35.53829956,-98.93270111,America/Chicago
KCLL,CLL,Easterwood Field,College Station,US,30.58860016,-96.36380005,America/Chicago
KCLM,CLM,William R Fairchild International Airport,Port Angeles,US,48.1202011108,-123.5,America/Los_Angeles
KCLR,CLR,Cliff Hatfield Memorial Airport,Calipatria,US,33.1315002441,-115.5210037231,America/Los_Angeles
KCLS,CLS,Chehalis Centralia Airport,Chehalis,US,46.6769981384,-122.983001709,America/Los_Angeles
KCLT,CLT,Charlotte Douglas International Airport,Charlotte,US,35.2140007019,-80.9430999756,America/New_York
KCLW,CLW,Clearwater Air Park,Clearwater,US,27.9766998291,-82.7586975098,America/New_York
KCMH,CMH,John Glenn Columbus International Airport,Columbus,US,39.9980010986,-82.8918991089,America/New_York
KCMI,CMI,University of Illinois Willard Airport,Champaign/Urbana,US,40.03919983,-88.27809906,America/Chicago
KCMX,CMX,Houghton County Memorial Airport,Hancock,US,47.1683998108,-88.4890975952,America/Detroit
KCMY,CMY,Sparta Fort Mc Coy Airport,Sparta,US,43.9583015442,-90.7378997803,America/Chicago
KCNH,CNH,Claremont Municipal Airport,Claremont,US,43.3703994751,-72.3686981201,America/New_York
KCNK,CNK,Blosser Municipal Airport,Concordia,US,39.5493011475,-97.6522979736,America/Chicago
KCNM,CNM,Cavern City Air Terminal,Carlsbad,US,32.3375015259,-104.2630004883,America/Denver
KCNO,CNO,Chino Airport,Chino,US,33.97470093,-117.637001,America/Los_Angeles
KCNU,CNU,Chanute Martin Johnson Airport,Chanute,US,37.668800354,-95.4850997925,America/Chicago
KCNW,CNW,TSTC Waco Airport,Waco,US,31.6378002167,-97.0740966797,America/Chicago
KCNY,CNY,Canyonlands Field,Moab,US,38.75500107,-109.7549973,America/Denver
KCOD,COD,Yellowstone Regional Airport,Cody,US,44.520198822,-109.0240020752,America/Denver
KCOE,COE,Coeur D'Alene - Pappy Boyington Field,Coeur d'Alene,US,47.77429962,-116.8199997,America/Los_Angeles
KCOF,COF,Patrick Air Force Base,Cocoa Beach,US,28.2348995209,-80.6100997925,America/New_York
KCOI,COI,Merritt Island Airport,Merritt Island,US,28.3416004181,-80.6855010986,America/New_York
KCOM,COM,Coleman Municipal Airport,Coleman,US,31.8411006927,-99.4036026001,America/Chicago
KCON,CON,Concord Municipal Airport,Concord,US,43.20270157,-71.50229645,America/New_York
KCOS,COS,City of Colorado Springs Municipal Airport,Colorado Springs,US,38.8058013916,-104.7009963989,America/Denver
KCOT,COT,Cotulla-La Salle County,Cotulla,US,28.45669937,-99.22029877,America/Chicago
KCOU,COU,Columbia Regional Airport,Columbia,US,38.8180999756,-92.2195968628,America/Chicago
KCPM,CPM,Compton Woodley Airport,Compton,US,33.8899993896,-118.2440032959,America/Los_Angeles
KCPR,CPR,Casper-Natrona County International Airport,Casper,US,42.90800095,-106.4639969,America/Denver
KCPS,CPS,St Louis Downtown Airport,Cahokia/St Louis,US,38.5707015991,-90.1561965942,America/Chicago
KCQW,HCW,Cheraw Municipal Lynch Bellinger Field,Cheraw,US,34.71289825,-79.95700073,America/New_York
KCRE,CRE,Grand Strand Airport,North Myrtle Beach,US,33.8116989136,-78.7238998413,America/New_York
KCRG,CRG,Jacksonville Executive at Craig Airport,Jacksonville,US,30.3362998962,-81.5143966675,America/New_York
KCRO,CRO,Corcoran Airport,Corcoran,US,36.1025009155,-119.595001221,America/Los_Angeles
KCRP,CRP,Corpus Christi International Airport,Corpus Christi,US,27.7703990936,-97.5011978149,America/Chicago
KCRQ,CLD,Mc Clellan-Palomar Airport,Carlsbad,US,33.12829971,-117.2799988,America/Los_Angeles
KCRS,CRS,C David Campbell Field Corsicana Municipal Airport,Corsicana,US,32.0280990601,-96.4005966187,America/Chicago
KCRT,CRT,Z M Jack Stell Field,Crossett,US,33.1782989502,-91.8802032471,America/Chicago
KCRW,CRW,Yeager Airport,Charleston,US,38.3731002808,-81.5932006836,America/New_York
KCRX,CRX,Roscoe Turner Airport,Corinth,US,34.9150009155,-88.6035003662,America/Chicago
KCSG,CSG,Columbus Metropolitan Airport,Columbus,US,32.5163002014,-84.9389038086,America/New_York
KCSM,CSM,Clinton Sherman Airport,Clinton,US,35.3398017883,-99.2005004883,America/Chicago
KCSQ,CSQ,Creston Municipal Airport,Creston,US,41.0214004517,-94.3632965088,America/Chicago
KCSV,CSV,Crossville Memorial Whitson Field,Crossville,US,35.9513015747,-85.0849990845,America/Chicago
KCTB,CTB,Cut Bank Municipal Airport,Cut Bank,US,48.6083984375,-112.3759994507,America/Denver
KCTY,CTY,Cross City Airport,Cross City,US,29.6354999542,-83.1047973633,America/New_York
KCTZ,CTZ,Sampson County Airport,Clinton,US,34.9756011963,-78.3646011353,America/New_York
KCUB,CUB,Jim Hamilton L.B. Owens Airport,Columbia,US,33.970500946,-80.9952011108,America/New_York
KCUH,CUH,Cushing Municipal Airport,Cushing,US,35.9499015808,-96.7731018066,America/Chicago
KCVG,CVG,Cincinnati Northern Kentucky International Airport,Hebron,US,39.0488014221,-84.6678009033,America/New_York
KCVH,HLI,Hollister Municipal Airport,Hollister,US,36.8932991028,-121.410003662,America/Los_Angeles
KCVK,CKK,Sharp County Regional Airport,Ash Flat,US,36.26490021,-91.56259918,America/Chicago
KCVN,CVN,Clovis Municipal Airport,Clovis,US,34.4250984192,-103.07900238,America/Denver
KCVO,CVO,Corvallis Municipal Airport,Corvallis,US,44.49720001,-123.2900009,America/Los_Angeles
KCVS,CVS,Cannon Air Force Base,Clovis,US,34.3828010559,-103.3219985962,America/Denver
KCWA,CWA,Central Wisconsin Airport,Mosinee,US,44.7775993347,-89.6668014526,America/Chicago
KCWC,KIP,Kickapoo Downtown Airport,Wichita Falls,US,33.85779953,-98.49040222,America/Chicago
KCWF,CWF,Chennault International Airport,Lake Charles,US,30.2105998993,-93.1432037354,America/Chicago
KCWI,CWI,Clinton Municipal Airport,Clinton,US,41.8311004639,-90.3291015625,America/Chicago
KCXL,CXL,Calexico International Airport,Calexico,US,32.6694984436,-115.5130004883,America/Los_Angeles
KCXO,CXO,Conroe/North Houston Regional Airport,Houston,US,30.3518009186,-95.4144973755,America/Chicago
KCXP,CSN,Carson Airport,Carson City,US,39.192199707,-119.7340011597,America/Los_Angeles
KCXY,HAR,Capital City Airport,Harrisburg,US,40.2170982361,-76.8515014648,America/New_York
KCYS,CYS,Cheyenne Regional Jerry Olson Field,Cheyenne,US,41.15570068,-104.8119965,America/Denver
KCZT,CZT,Dimmit County Airport,Carrizo Springs,US,28.5221996307,-99.823600769,America/Chicago
KDAA,DAA,Davison Army Air Field,Fort Belvoir,US,38.7150001526,-77.1809997559,America/New_York
KDAB,DAB,Daytona Beach International Airport,Daytona Beach,US,29.1798992157,-81.0580978394,America/New_York
KDAG,DAG,Barstow Daggett Airport,Daggett,US,34.85369873,-116.7870026,America/Los_Angeles
KDAL,DAL,Dallas Love Field,Dallas,US,32.8470993042,-96.8517990112,America/Chicago
KDAN,DAN,Danville Regional Airport,Danville,US,36.5728988647,-79.3360977173,America/New_York
KDAY,DAY,James M Cox Dayton International Airport,Dayton,US,39.9024009705,-84.2193984985,America/New_York
KDBN,DBN,W H 'Bud' Barron Airport,Dublin,US,32.56439972,-82.98529816,America/New_York
KDBQ,DBQ,Dubuque Regional Airport,Dubuque,US,42.40200043,-90.70950317,America/Chicago
KDCA,DCA,Ronald Reagan Washington National Airport,Washington,US,38.8521003723,-77.0376968384,America/New_York
KDCU,DCU,Pryor Field Regional Airport,Decatur,US,34.6526985168,-86.9453964233,America/Chicago
KDDC,DDC,Dodge City Regional Airport,Dodge City,US,37.7634010315,-99.9655990601,America/Chicago
KDEC,DEC,Decatur Airport,Decatur,US,39.8345985413,-88.8656997681,America/Chicago
KDEH,DEH,Decorah Municipal Airport,Decorah,US,43.27550125,-91.73940277,America/Chicago
KDEN,DEN,Denver International Airport,Denver,US,39.8616981506,-104.672996521,America/Denver
KDET,DET,Coleman A. Young Municipal Airport,Detroit,US,42.40919876,-83.00990295,America/Detroit
KDFI,DFI,Defiance Memorial Airport,Defiance,US,41.3375015259,-84.4288024902,America/New_York
KDFW,DFW,Dallas Fort Worth International Airport,Dallas-Fort Worth,US,32.8968009949,-97.0380020142,America/Chicago
KDGL,DGL,Douglas Municipal Airport,Douglas,US,31.3425998688,-109.505996704,America/Hermosillo
KDGW,DGW,Converse County Airport,Douglas,US,42.79719925,-105.3860016,America/Denver
KDHN,DHN,Dothan Regional Airport,Dothan,US,31.3213005066,-85.4496002197,America/Chicago
KDHT,DHT,Dalhart Municipal Airport,Dalhart,US,36.0225982666,-102.54699707,America/Chicago
KDIK,DIK,Dickinson Theodore Roosevelt Regional Airport,Dickinson,US,46.7974014282,-102.802001953,America/Denver
KDKK,DKK,Chautauqua County-Dunkirk Airport,Dunkirk,US,42.49330139,-79.27200317,America/New_York
KDLC,DLL,Dillon County Airport,Dillon,US,34.4491004944,-79.368598938,America/New_York
KDLF,DLF,Laughlin Air Force Base,Del Rio,US,29.359500885,-100.7779998779,America/Chicago
KDLH,DLH,Duluth International Airport,Duluth,US,46.8420982361,-92.1936035156,America/Chicago
KDLN,DLN,Dillon Airport,Dillon,US,45.2554016113,-112.5530014038,America/Denver
KDLS,DLS,Columbia Gorge Regional the Dalles Municipal Airport,The Dalles,US,45.6184997559,-121.1669998169,America/Los_Angeles
KDMA,DMA,Davis Monthan Air Force Base,Tucson,US,32.1665000916,-110.8830032349,America/Phoenix
KDMN,DMN,Deming Municipal Airport,Deming,US,32.262298584,-107.7210006714,America/Denver
KDMO,DMO,Sedalia Memorial Airport,Sedalia,US,38.7074012756,-93.1759033203,America/Chicago
KDNL,DNL,Daniel Field,Augusta,US,33.4664993286,-82.0393981934,America/New_York
KDNN,DNN,Dalton Municipal Airport,Dalton,US,34.72290039,-84.87020111,America/New_York
KDNS,DNS,Denison Municipal Airport,Denison,US,41.9864006,-95.38069916,America/Chicago
KDNV,DNV,Vermilion Regional Airport,Danville,US,40.19919968,-87.59590149,America/Chicago
KDOV,DOV,Dover Air Force Base,Dover,US,39.12950134,-75.46600342,America/New_York
KDPA,DPA,Dupage Airport,Chicago/West Chicago,US,41.90779877,-88.24859619,America/Chicago
KDPG,DPG,Michael AAF (Dugway Proving Ground) Airport,Dugway Proving Ground,US,40.19940186,-112.9369965,America/Denver
KDRA,DRA,Desert Rock Airport,Mercury,US,36.6194000244,-116.032997131,America/Los_Angeles
KDRI,DRI,Beauregard Regional Airport,De Ridder,US,30.8316993713,-93.3398971558,America/Chicago
KDRM,DRE,Drummond Island Airport,Drummond Island,US,46.0093002319,-83.7438964844,America/Detroit
KDRO,DRO,Durango La Plata County Airport,Durango,US,37.1515007019,-107.753997803,America/Denver
KDRT,DRT,Del Rio International Airport,Del Rio,US,29.3742008209,-100.927001953,America/Chicago
KDSM,DSM,Des Moines International Airport,Des Moines,US,41.5340003967,-93.6631011963,America/Chicago
KDSV,DSV,Dansville Municipal Airport,Dansville,US,42.5708999634,-77.7130966187,America/New_York
KDTA,DTA,Delta Municipal Airport,Delta,US,39.3805999756,-112.508003235,America/Denver
KDTL,DTL,Detroit Lakes Airport - Wething Field,Detroit Lakes,US,46.82519913,-95.88569641,America/Chicago
KDTN,DTN,Shreveport Downtown Airport,Shreveport,US,32.5401992798,-93.7450027466,America/Chicago
KDTS,DSI,Destin Fort Walton Beach Airport,Destin,US,30.40010071,-86.47149658,America/Chicago
KDTW,DTW,Detroit Metropolitan Wayne County Airport,Detroit,US,42.2123985291,-83.3534011841,America/Detroit
KDUA,DUA,Eaker Field,Durant,US,33.94229889,-96.39450073,America/Chicago
KDUC,DUC,Halliburton Field,Duncan,US,34.47090149,-97.9598999,America/Chicago
KDUG,DUG,Bisbee Douglas International Airport,Douglas Bisbee,US,31.4689998627,-109.603996277,America/Phoenix
KDUJ,DUJ,DuBois Regional Airport,Dubois,US,41.17829895,-78.8986969,America/New_York
KDVL,DVL,Devils Lake Regional Airport,Devils Lake,US,48.11420059,-98.90879822,America/Chicago
KDVN,DVN,Davenport Municipal Airport,Davenport,US,41.61029816,-90.58830261,America/Chicago
KDVO,NOT,Gnoss Field,Novato,US,38.1436004639,-122.5559997559,America/Los_Angeles
KDVP,NSL,Slayton Municipal Airport,Slayton,US,43.9868011475,-95.7826004028,America/Chicago
KDVT,DVT,Phoenix Deer Valley Airport,Phoenix,US,33.6883010864,-112.083000183,America/Phoenix
KDWH,DWH,David Wayne Hooks Memorial Airport,Houston,US,30.0618000031,-95.5528030396,America/Chicago
KDXR,DXR,Danbury Municipal Airport,Danbury,US,41.3714981079,-73.4822006226,America/New_York
KDYL,DYL,Doylestown Airport,Doylestown,US,40.3330001831,-75.1222991943,America/New_York
KDYS,DYS,Dyess Air Force Base,Abilene,US,32.4207992554,-99.854598999,America/Chicago
KE13,CCG,Crane County Airport,Crane,US,31.4151000977,-102.362998962,America/Chicago
KE51,BGT,Bagdad Airport,Bagdad,US,34.5959014893,-113.1699981689,America/Phoenix
KEAN,EAN,Phifer Airfield,Wheatland,US,42.05550003,-104.9290009,America/Denver
KEAR,EAR,Kearney Regional Airport,Kearney,US,40.72700119,-99.00679779,America/Chicago
KEAT,EAT,Pangborn Memorial Airport,Wenatchee,US,47.3988990784,-120.2070007324,America/Los_Angeles
KEAU,EAU,Chippewa Valley Regional Airport,Eau Claire,US,44.8657989502,-91.4842987061,America/Chicago
KEBS,EBS,Webster City Municipal Airport,Webster City,US,42.43659973,-93.86889648,America/Chicago
KECG,ECG,Elizabeth City Regional Airport & Coast Guard Air Station,Elizabeth City,US,36.26060104,-76.17459869,America/New_York
KECP,ECP,Northwest Florida Beaches International Airport,Panama City Beach,US,30.3417,-85.7973,America/Chicago
KECS,ECS,Mondell Field,Newcastle,US,43.8853988647,-104.3180007935,America/Denver
KEDE,EDE,Northeastern Regional Airport,Edenton,US,36.0276985168,-76.5671005249,America/New_York
KEDN,ETS,Enterprise Municipal Airport,Enterprise,US,31.29969978,-85.89990234,America/Chicago
KEDW,EDW,Edwards Air Force Base,Edwards,US,34.90539932,-117.8840027,America/Los_Angeles
KEED,EED,Needles Airport,Needles,US,34.7663002014,-114.6230010986,America/Los_Angeles
KEEN,EEN,Dillant Hopkins Airport,Keene,US,42.898399353,-72.2707977295,America/New_York
KEFD,EFD,Ellington Airport,Houston,US,29.6072998047,-95.1587982178,America/Chicago
KEFK,EFK,Northeast Kingdom International Airport,Newport,US,44.8888015747,-72.2292022705,America/New_York
KEFW,EFW,Jefferson Municipal Airport,Jefferson,US,42.0102005,-94.34259796,America/Chicago
KEGE,EGE,Eagle County Regional Airport,Eagle,US,39.64260101,-106.9179993,America/Denver
KEGI,EGI,Duke Field(Eglin Af Aux Nr 3) Airport,Crestview,US,30.65040016,-86.52290344,America/Chicago
KEGV,EGV,Eagle River Union Airport,Eagle River,US,45.9323005676,-89.2683029175,America/Chicago
KEKA,EKA,Murray Field,Eureka,US,40.8033981323,-124.1129989624,America/Los_Angeles
KEKM,EKI,Elkhart Municipal Airport,Elkhart,US,41.7193984985,-86.0031967163,America/Indiana/Indianapolis
KEKN,EKN,Elkins-Randolph Co-Jennings Randolph Field,Elkins,US,38.88940048,-79.85710144,America/New_York
KEKO,EKO,Elko Regional Airport,Elko,US,40.8249015808,-115.7919998169,America/Los_Angeles
KEKX,EKX,Addington Field,Elizabethtown,US,37.686000824,-85.9250030518,America/New_York
KELA,ELA,Eagle Lake Airport,Eagle Lake,US,29.6005992889,-96.3218994141,America/Chicago
KELD,ELD,South Arkansas Regional At Goodwin Field,El Dorado,US,33.2210006714,-92.8133010864,America/Chicago
KELK,ELK,Elk City Regional Business Airport,Elk City,US,35.43080139,-99.39430237,America/Chicago
KELM,ELM,Elmira Corning Regional Airport,Elmira/Corning,US,42.1599006653,-76.8916015625,America/New_York
KELN,ELN,Bowers Field,Ellensburg,US,47.03300095,-120.5309982,America/Los_Angeles
KELO,LYU,Ely Municipal Airport,Ely,US,47.82450104,-91.83070374,America/Chicago
KELP,ELP,El Paso International Airport,El Paso,US,31.80719948,-106.3779984,America/Denver
KELY,ELY,Ely Airport Yelland Field,Ely,US,39.29970169,-114.8420029,America/Los_Angeles
KELZ,ELZ,Wellsville Municipal ArptTarantine Field,Wellsville,US,42.10950089,-77.98999786,America/New_York
KEMM,EMM,Kemmerer Municipal Airport,Kemmerer,US,41.8241004944,-110.5569992065,America/Denver
KEMP,EMP,Emporia Municipal Airport,Emporia,US,38.3320999146,-96.1912002563,America/Chicago
KEMT,EMT,San Gabriel Valley Airport,El Monte,US,34.086101532,-118.0350036621,America/Los_Angeles
KEND,END,Vance Air Force Base,Enid,US,36.3391990662,-97.9164962769,America/Chicago
KENL,ENL,Centralia Municipal Airport,Centralia,US,38.5150985718,-89.0911026001,America/Chicago
KENV,ENV,Wendover Airport,Wendover,US,40.7187004089,-114.03099823,America/Denver
KENW,ENW,Kenosha Regional Airport,Kenosha,US,42.59569931,-87.92780304,America/Chicago
KEOK,EOK,Keokuk Municipal Airport,Keokuk,US,40.4598999023,-91.4284973145,America/Chicago
KEOS,EOS,Neosho Hugh Robinson Airport,Neosho,US,36.810798645,-94.3917007446,America/Chicago
KEPH,EPH,Ephrata Municipal Airport,Ephrata,US,47.30759811,-119.5159988,America/Los_Angeles
KEQA,EDK,Captain Jack Thomas El Dorado Airport,El Dorado,US,37.7741012573,-96.8175964355,America/Chicago
KERI,ERI,Erie International Tom Ridge Field,Erie,US,42.0831270134,-80.1738667488,America/New_York
KERR,ERR,Errol Airport,Errol,US,44.7924995422,-71.1641998291,America/New_York
KERV,ERV,Kerrville Municipal Louis Schreiner Field,Kerrville,US,29.9766998291,-99.0857009888,America/Chicago
KESC,ESC,Delta County Airport,Escanaba,US,45.7226982117,-87.0936965942,America/Detroit
KESF,ESF,Esler Regional Airport,Alexandria,US,31.3948993683,-92.2957992554,America/Chicago
KESN,ESN,Easton Newnam Field,Easton,US,38.8041992188,-76.0690002441,America/New_York
KEST,EST,Estherville Municipal Airport,Estherville,US,43.40739822,-94.74639893,America/Chicago
KESW,ESW,Easton State Airport,Easton,US,47.2541999817,-121.1859970093,America/Los_Angeles
KETB,ETB,West Bend Municipal Airport,West Bend,US,43.4221992493,-88.1278991699,America/Chicago
KETN,ETN,Eastland Municipal Airport,Eastland,US,32.4135017395,-98.8097991943,America/Chicago
KEUF,EUF,Weedon Field,Eufaula,US,31.9512996674,-85.1288986206,America/Chicago
KEUG,EUG,Mahlon Sweet Field,Eugene,US,44.1245994568,-123.2119979858,America/Los_Angeles
KEVM,EVM,Eveleth Virginia Municipal Airport,Eveleth,US,47.42509842,-92.49849701,America/Chicago
KEVV,EVV,Evansville Regional Airport,Evansville,US,38.0369987488,-87.5324020386,America/Chicago
KEVW,EVW,Evanston-Uinta County Airport-Burns Field,Evanston,US,41.27479935,-111.0350037,America/Denver
KEWB,EWB,New Bedford Regional Airport,New Bedford,US,41.6761016846,-70.9569015503,America/New_York
KEWK,EWK,Newton City-County Airport,Newton,US,38.0582008362,-97.2744979858,America/Chicago
KEWN,EWN,Coastal Carolina Regional Airport,New Bern,US,35.0730018616,-77.0429000854,America/New_York
KEWR,EWR,Newark Liberty International Airport,Newark,US,40.6925010681,-74.1687011719,America/New_York
KEYW,EYW,Key West International Airport,Key West,US,24.5561008453,-81.7595977783,America/New_York
KFAF,FAF,Felker Army Air Field,Fort Eustis,US,37.1324996948,-76.6088027954,America/New_York
KFAM,FAM,Farmington Regional Airport,Farmington,US,37.76110077,-90.4285965,America/Chicago
KFAR,FAR,Hector International Airport,Fargo,US,46.9207000732,-96.8158035278,America/Chicago
KFAT,FAT,Fresno Yosemite International Airport,Fresno,US,36.7761993408,-119.7180023193,America/Los_Angeles
KFAY,FAY,Fayetteville Regional Grannis Field,Fayetteville,US,34.9911994934,-78.8803024292,America/New_York
KFBG,FBG,Simmons Army Air Field,Fort Bragg,US,35.13180161,-78.93669891,America/New_York
KFBL,FBL,Faribault Municipal Airport,Faribault,US,44.3246994019,-93.310798645,America/Chicago
KFBR,FBR,Fort Bridger Airport,Fort Bridger,US,41.3918991089,-110.4069976807,America/Denver
KFBY,FBY,Fairbury Municipal Airport,Fairbury,US,40.1829986572,-97.1692962646,America/Chicago
KFCH,FCH,Fresno Chandler Executive Airport,Fresno,US,36.73239899,-119.8199997,America/Los_Angeles
KFCM,FCM,Flying Cloud Airport,Minneapolis,US,44.8272018433,-93.4570999146,America/Chicago
KFCS,FCS,Butts AAF (Fort Carson) Air Field,Fort Carson,US,38.67839813,-104.7570038,America/Denver
KFCY,FCY,Forrest City Municipal Airport,Forrest City,US,34.9420013428,-90.7750015259,America/Chicago
KFDK,FDK,Frederick Municipal Airport,Frederick,US,39.4175987244,-77.3742980957,America/New_York
KFDR,FDR,Frederick Regional Airport,Frederick,US,34.35200119,-98.98390198,America/Chicago
KFDY,FDY,Findlay Airport,Findlay,US,41.0135002136,-83.6687011719,America/New_York
KFEP,FEP,Albertus Airport,Freeport,US,42.2462005615,-89.5820007324,America/Chicago
KFET,FET,Fremont Municipal Airport,Fremont,US,41.44910049,-96.52020264,America/Chicago
KFFA,FFA,First Flight Airport,Kill Devil Hills,US,36.0181999207,-75.6713027954,America/New_York
KFFL,FFL,Fairfield Municipal Airport,Fairfield,US,41.0532989502,-91.9788970947,America/Chicago
KFFM,FFM,Fergus Falls Municipal Einar Mickelson Field,Fergus Falls,US,46.28440094,-96.15670013,America/Chicago
KFFO,FFO,Wright Patterson Air Force Base,Dayton,US,39.8260993958,-84.0483016968,America/New_York
KFFT,FFT,Capital City Airport,Frankfort,US,38.18249893,-84.90470123,America/New_York
KFFZ,MSC,Falcon Field,Mesa,US,33.4608001709,-111.7279968262,America/Phoenix
KFHB,FHB,Fernandina Beach Municipal Airport,Fernandina Beach,US,30.6117992401,-81.4611968994,America/New_York
KFHR,FRD,Friday Harbor Airport,Friday Harbor,US,48.5219993591,-123.024002075,America/Los_Angeles
KFHU,FHU,Sierra Vista Municipal Libby Army Air Field,Fort Huachuca Sierra Vista,US,31.5884990692,-110.34400177,America/Phoenix
KFKL,FKL,Venango Regional Airport,Franklin,US,41.3778991699,-79.8603973389,America/New_York
KFKN,FKN,Franklin Municipal John Beverly Rose Airport,Franklin,US,36.6981010437,-76.9038009644,America/New_York
KFLD,FLD,Fond du Lac County Airport,Fond du Lac,US,43.7711982727,-88.4884033203,America/Chicago
KFLG,FLG,Flagstaff Pulliam Airport,Flagstaff,US,35.13850021,-111.6709976,America/Phoenix
KFLL,FLL,Fort Lauderdale Hollywood International Airport,Fort Lauderdale,US,26.072599411,-80.1527023315,America/New_York
KFLO,FLO,Florence Regional Airport,Florence,US,34.1853981018,-79.7238998413,America/New_York
KFLP,FLP,Marion County Regional Airport,Flippin,US,36.29090118,-92.59030151,America/Chicago
KFLV,FLV,Sherman Army Air Field,Fort Leavenworth,US,39.3683013916,-94.9147033691,America/Chicago
KFLX,FLX,Fallon Municipal Airport,Fallon,US,39.4990997314,-118.7490005493,America/Los_Angeles
KFME,FME,Tipton Airport,Fort Meade(Odenton),US,39.0853996277,-76.7593994141,America/New_York
KFMH,FMH,Cape Cod Coast Guard Air Station,Falmouth,US,41.6584014893,-70.5214004517,America/New_York
KFMN,FMN,Four Corners Regional Airport,Farmington,US,36.7411994934,-108.2300033569,America/Denver
KFMY,FMY,Page Field,Fort Myers,US,26.58659935,-81.8632965088,America/New_York
KFNL,FNL,Northern Colorado Regional Airport,Fort Collins/Loveland,US,40.4518013,-105.011001587,America/Denver
KFNT,FNT,Bishop International Airport,Flint,US,42.9654006958,-83.743598938,America/Detroit
KFOD,FOD,Fort Dodge Regional Airport,Fort Dodge,US,42.55149841,-94.19259644,America/Chicago
KFOE,FOE,Topeka Regional Airport,Topeka,US,38.9509010315,-95.6635971069,America/Chicago
KFOK,FOK,Francis S Gabreski Airport,Westhampton Beach,US,40.8437004089,-72.6317977905,America/New_York
KFOM,FIL,Fillmore Municipal Airport,Fillmore,US,38.95830154,-112.362999,America/Denver
KFPR,FPR,Treasure Coast International Airport,Fort Pierce,US,27.49510002,-80.36830139,America/New_York
KFRG,FRG,Republic Airport,Farmingdale,US,40.7288017273,-73.4133987427,America/New_York
KFRH,FRH,French Lick Municipal Airport,French Lick,US,38.5061988831,-86.6369018555,America/Indiana/Indianapolis
KFRI,FRI,Marshall Army Air Field,Fort Riley(Junction City),US,39.05530167,-96.76450348,America/Chicago
KFRM,FRM,Fairmont Municipal Airport,Fairmont,US,43.643901825,-94.4156036377,America/Chicago
KFRR,FRR,Front Royal Warren County Airport,Front Royal,US,38.9174995422,-78.2535018921,America/New_York
KFSD,FSD,Joe Foss Field Airport,Sioux Falls,US,43.5820007324,-96.741897583,America/Chicago
KFSI,FSI,Henry Post Army Air Field (Fort Sill),Fort Sill,US,34.64979935,-98.40219879,America/Chicago
KFSK,FSK,Fort Scott Municipal Airport,Fort Scott,US,37.7984008789,-94.7694015503,America/Chicago
KFSM,FSM,Fort Smith Regional Airport,Fort Smith,US,35.3366012573,-94.367401123,America/Chicago
KFST,FST,Fort Stockton Pecos County Airport,Fort Stockton,US,30.9157009125,-102.9160003662,America/Chicago
KFSU,FSU,Fort Sumner Municipal Airport,Fort Sumner,US,34.4833984375,-104.2170028687,America/Denver
KFSW,FMS,Fort Madison Municipal Airport,Fort Madison,US,40.6593017578,-91.3267974854,America/Chicago
KFTK,FTK,Godman Army Air Field,Fort Knox,US,37.9071006775,-85.9720993042,America/New_York
KFTW,FTW,Fort Worth Meacham International Airport,Fort Worth,US,32.8198013306,-97.3623962402,America/Chicago
KFTY,FTY,Fulton County Airport Brown Field,Atlanta,US,33.7790985107,-84.5214004517,America/New_York
KFUL,FUL,Fullerton Municipal Airport,Fullerton,US,33.8720016479,-117.980003357,America/Los_Angeles
KFVE,WFK,Northern Aroostook Regional Airport,Frenchville,US,47.2854995728,-68.3127975464,America/New_York
KFWA,FWA,Fort Wayne International Airport,Fort Wayne,US,40.97850037,-85.19509888,America/Indiana/Indianapolis
KFXE,FXE,Fort Lauderdale Executive Airport,Fort Lauderdale,US,26.1972999573,-80.1707000732,America/New_York
KFXY,FXY,Forest City Municipal Airport,Forest City,US,43.23469925,-93.62409973,America/Chicago
KFYM,FYM,Fayetteville Municipal Airport,Fayetteville,US,35.0597000122,-86.5640029907,America/Chicago
KFYV,FYV,Drake Field,Fayetteville,US,36.0051002502,-94.1700973511,America/Chicago
KGAB,GAB,Gabbs Airport,Gabbs,US,38.9240989685,-117.958999634,America/Los_Angeles
KGAD,GAD,Northeast Alabama Regional Airport,Gadsden,US,33.9725990295,-86.0889968872,America/Chicago
KGAG,GAG,Gage Airport,Gage,US,36.295501709,-99.7763977051,America/Chicago
KGAI,GAI,Montgomery County Airpark,Gaithersburg,US,39.1683006287,-77.1660003662,America/New_York
KGBD,GBD,Great Bend Municipal Airport,Great Bend,US,38.3442993164,-98.8591995239,America/Chicago
KGBG,GBG,Galesburg Municipal Airport,Galesburg,US,40.9379997253,-90.431098938,America/Chicago
KGBR,GBR,Walter J. Koladza Airport,Great Barrington,US,42.18420029,-73.40319824,America/New_York
KGCC,GCC,Northeast Wyoming Regional Airport,Gillette,US,44.3488998413,-105.5390014648,America/Denver
KGCD,JDA,Grant Co Regional/Ogilvie Field,John Day,US,44.40420151,-118.9629974,America/Los_Angeles
KGCK,GCK,Garden City Regional Airport,Garden City,US,37.9275016785,-100.7239990234,America/Chicago
KGCN,GCN,Grand Canyon National Park Airport,Grand Canyon,US,35.9524002075,-112.1470031738,America/Phoenix
KGCY,GCY,Greeneville Greene County Municipal Airport,Greeneville,US,36.19300079,-82.81510162,America/New_York
KGDM,GDM,Gardner Municipal Airport,Gardner,US,42.5499992371,-72.0160980225,America/New_York
KGDV,GDV,Dawson Community Airport,Glendive,US,47.13869858,-104.8069992,America/Denver
KGDW,GDW,Gladwin Zettel Memorial Airport,Gladwin,US,43.9706001282,-84.4749984741,America/Detroit
KGDY,GDY,Grundy Municipal Airport,Grundy,US,37.2323989868,-82.125,America/New_York
KGED,GED,Delaware Coastal Airport,Georgetown,US,38.68920135,-75.35890198,America/New_York
KGEG,GEG,Spokane International Airport,Spokane,US,47.6198997498,-117.533996582,America/Los_Angeles
KGEY,GEY,South Big Horn County Airport,Greybull,US,44.51679993,-108.0830002,America/Denver
KGFD,GFD,Pope Field,Greenfield,US,39.790278,-85.736111,America/Indiana/Indianapolis
KGFK,GFK,Grand Forks International Airport,Grand Forks,US,47.9492988586,-97.1761016846,America/Chicago
KGFL,GFL,Floyd Bennett Memorial Airport,Glens Falls,US,43.3412017822,-73.6102981567,America/New_York
KGGE,GGE,Georgetown County Airport,Georgetown,US,33.3116989136,-79.3196029663,America/New_York
KGGG,GGG,East Texas Regional Airport,Longview,US,32.3839988708,-94.7115020752,America/Chicago
KGGW,GGW,Wokal Field Glasgow International Airport,Glasgow,US,48.2125015259,-106.6149978638,America/Denver
KGHM,GHM,Centerville Municipal Airport,Centerville,US,35.8373985291,-87.4453964233,America/Chicago
KGIC,IDH,Idaho County Airport,Grangeville,US,45.94260025,-116.1230011,America/Los_Angeles
KGIF,GIF,Winter Haven's Gilbert Airport,Winter Haven,US,28.06290054,-81.75330353,America/New_York
KGJT,GJT,Grand Junction Regional Airport,Grand Junction,US,39.1223983765,-108.527000427,America/Denver
KGKJ,MEJ,Port Meadville Airport,Meadville,US,41.62649918,-80.21469879,America/New_York
KGKT,GKT,Gatlinburg Pigeon Forge Airport,Sevierville,US,35.85779953,-83.5287017822,America/New_York
KGLD,GLD,Renner Field-Goodland Municipal Airport,Goodland,US,39.37060165,-101.6989975,America/Denver
KGLE,GLE,Gainesville Municipal Airport,Gainesville,US,33.6514015198,-97.1969985962,America/Chicago
KGLH,GLH,Greenville Mid-Delta Airport,Greenville,US,33.4828987122,-90.9856033325,America/Chicago
KGLR,GLR,Gaylord Regional Airport,Gaylord,US,45.0135002136,-84.7035980225,America/Detroit
KGLS,GLS,Scholes International At Galveston Airport,Galveston,US,29.2653007507,-94.8603973389,America/Chicago
KGLW,GLW,Glasgow Municipal Airport,Glasgow,US,37.03179932,-85.9536972,America/Chicago
KGMU,GMU,Greenville Downtown Airport,Greenville,US,34.8479003906,-82.3499984741,America/New_York
KGNG,GNG,Gooding Municipal Airport,Gooding,US,42.91719818,-114.7649994,America/Boise
KGNT,GNT,Grants Milan Municipal Airport,Grants,US,35.167301178,-107.9020004272,America/Denver
KGNV,GNV,Gainesville Regional Airport,Gainesville,US,29.6900997162,-82.2717971802,America/New_York
KGOK,GOK,Guthrie-Edmond Regional Airport,Guthrie,US,35.84980011,-97.41560364,America/Chicago
KGON,GON,Groton New London Airport,Groton (New London),US,41.3301010132,-72.0450973511,America/New_York
KGPI,FCA,Glacier Park International Airport,Kalispell,US,48.3105010986,-114.2559967041,America/Denver
KGPT,GPT,Gulfport Biloxi International Airport,Gulfport,US,30.4073009491,-89.070098877,America/Chicago
KGPZ,GPZ,Grand Rapids Itasca Co-Gordon Newstrom field,Grand Rapids,US,47.21110153,-93.50980377,America/Chicago
KGQQ,GQQ,Galion Municipal Airport,Galion,US,40.7533988953,-82.7238006592,America/New_York
KGRB,GRB,Austin Straubel International Airport,Green Bay,US,44.4850997925,-88.1296005249,America/Chicago
KGRD,GRD,Greenwood County Airport,Greenwood,US,34.2486991882,-82.1591033936,America/New_York
KGRE,GRE,Greenville Airport,Greenville,US,38.8362007141,-89.37840271,America/Chicago
KGRF,GRF,Gray Army Air Field,Fort Lewis/Tacoma,US,47.07920074,-122.5810013,America/Los_Angeles
KGRI,GRI,Central Nebraska Regional Airport,Grand Island,US,40.9674987793,-98.3096008301,America/Chicago
KGRK,GRK,Robert Gray  Army Air Field Airport,Fort Cavazos/Killeen,US,31.067199707,-97.8289031982,America/Chicago
KGRN,GRN,Gordon Municipal Airport,Gordon,US,42.8059997559,-102.1750030518,America/Denver
KGRR,GRR,Gerald R. Ford International Airport,Grand Rapids,US,42.88079834,-85.52279663,America/Detroit
KGSB,GSB,Seymour Johnson Air Force Base,Goldsboro,US,35.33940125,-77.96060181,America/New_York
KGSH,GSH,Goshen Municipal Airport,Goshen,US,41.5264015198,-85.7929000854,America/Indiana/Indianapolis
KGSO,GSO,Piedmont Triad International Airport,Greensboro,US,36.0978012085,-79.9373016357,America/New_York
KGSP,GSP,Greenville Spartanburg International Airport,Greenville,US,34.8956985474,-82.2189025879,America/New_York
KGTB,GTB,Wheeler Sack Army Air Field,Fort Drum,US,44.05559921,-75.71949768,America/New_York
KGTF,GTF,Great Falls International Airport,Great Falls,US,47.48199844,-111.3710022,America/Denver
KGTG,GTG,Grantsburg Municipal Airport,Grantsburg,US,45.7980995178,-92.6643981934,America/Chicago
KGTR,GTR,Golden Triangle Regional Airport,Columbus/W Point/Starkville,US,33.4502983093,-88.5914001465,America/Chicago
KGUC,GUC,Gunnison Crested Butte Regional Airport,Gunnison,US,38.53390121,-106.9329987,America/Denver
KGUP,GUP,Gallup Municipal Airport,Gallup,US,35.511100769,-108.789001465,America/Denver
KGUS,GUS,Grissom ARB Airport,Peru,US,40.6481018066,-86.1520996094,America/Indiana/Indianapolis
KGUY,GUY,Guymon Municipal Airport,Guymon,US,36.6851005554,-101.5080032349,America/Chicago
KGVE,GVE,Gordonsville Municipal Airport,Gordonsville,US,38.156358,-78.165413,America/New_York
KGVL,GVL,Lee Gilmer Memorial Airport,Gainesville,US,34.27259827,-83.8302002,America/New_York
KGVT,GVT,Majors Airport,Greenville,US,33.0677986145,-96.0652999878,America/Chicago
KGWO,GWO,Greenwood Leflore Airport,Greenwood,US,33.4943008423,-90.0847015381,America/Chicago
KGWS,GWS,Glenwood Springs Municipal Airport,Glenwood Springs,US,39.5083007813,-107.3109970093,America/Denver
KGXY,GXY,Greeley Weld County Airport,Greeley,US,40.4374008179,-104.6330032349,America/Denver
KGYH,GDC,Donaldson Center Airport,Greenville,US,34.7583007813,-82.3764038086,America/New_York
KGYI,PNX,North Texas Rgnl/Perrin Field,Sherman/Denison,US,33.714099884,-96.6736984253,America/Chicago
KGYR,GYR,Phoenix Goodyear Airport,Goodyear,US,33.4225006104,-112.3759994507,America/Phoenix
KGYY,GYY,Gary Chicago International Airport,Gary,US,41.6162986755,-87.4128036499,America/Chicago
KHAB,HAB,Marion County Rankin Fite Airport,Hamilton,US,34.11759949,-87.99819946,America/Chicago
KHAF,HAF,Half Moon Bay Airport,Half Moon Bay,US,37.5134010315,-122.5009994507,America/Los_Angeles
KHAI,HAI,Three Rivers Municipal Dr Haines Airport,Three Rivers,US,41.9598007202,-85.5933990479,America/Detroit
KHAO,HAO,Butler Co Regional Airport,Hamilton,US,39.3638000488,-84.5220031738,America/New_York
KHBG,HBG,Hattiesburg Bobby L Chain Municipal Airport,Hattiesburg,US,31.26479912,-89.25279999,America/Chicago
KHBR,HBR,Hobart Regional Airport,Hobart,US,34.99129868,-99.05139923,America/Chicago
KHDE,HDE,Brewster Field,Holdrege,US,40.45209885,-99.33650208,America/Chicago
KHDN,HDN,Yampa Valley Airport,Hayden,US,40.48120117,-107.2180023,America/Denver
KHEE,HEE,Thompson Robbins Airport,Helena/West Helena,US,34.576499939,-90.6759033203,America/Chicago
KHEF,MNZ,Manassas Regional Harry P. Davis field,Manassas,US,38.72140121,-77.51540375,America/New_York
KHEZ,HEZ,Hardy Anders Field Natchez Adams County Airport,Natchez,US,31.6137008667,-91.2973022461,America/Chicago
KHFD,HFD,Hartford Brainard Airport,Hartford,US,41.7366981506,-72.6493988037,America/New_York
KHFF,HFF,Mackall Army Air Field,Camp Mackall,US,35.03649902,-79.49749756,America/New_York
KHGR,HGR,Hagerstown Regional Richard A Henson Field,Hagerstown,US,39.707901,-77.72949982,America/New_York
KHHR,HHR,Jack Northrop Field Hawthorne Municipal Airport,Hawthorne,US,33.9227981567,-118.3349990845,America/Los_Angeles
KHHW,HUJ,Stan Stamper Municipal Airport,Hugo,US,34.03480148,-95.54190063,America/Chicago
KHIB,HIB,Range Regional Airport,Hibbing,US,47.38660049,-92.83899689,America/Chicago
KHIE,HIE,Mount Washington Regional Airport,Whitefield,US,44.3675994873,-71.5445022583,America/New_York
KHIF,HIF,Hill Air Force Base,Ogden,US,41.1239013672,-111.9729995728,America/Denver
KHII,HII,Lake Havasu City Airport,Lake Havasu City,US,34.57109833,-114.3580017,America/Phoenix
KHIO,HIO,Portland Hillsboro Airport,Portland,US,45.54040146,-122.9499969,America/Los_Angeles
KHKA,HKA,Blytheville Municipal Airport,Blytheville,US,35.9403991699,-89.8308029175,America/Chicago
KHKS,HKS,Hawkins Field,Jackson,US,32.33449936,-90.22219849,America/Chicago
KHKY,HKY,Hickory Regional Airport,Hickory,US,35.74110031,-81.38950348,America/New_York
KHLB,HLB,Batesville Airport,Batesville,US,39.3445014954,-85.2583007813,America/Indiana/Indianapolis
KHLC,HLC,Hill City Municipal Airport,Hill City,US,39.37879944,-99.83149719,America/Chicago
KHLG,HLG,Wheeling Ohio County Airport,Wheeling,US,40.1749992371,-80.6463012695,America/New_York
KHLM,HLM,Park Township Airport,Holland,US,42.7958984375,-86.1620025635,America/Detroit
KHLN,HLN,Helena Regional Airport,Helena,US,46.6068000793,-111.983001709,America/Denver
KHLR,HLR,Yoakum–DeFrenn Army Heliport,Fort Cavazos(Killeen),US,31.1387004852,-97.7145004272,America/Chicago
KHMN,HMN,Holloman Air Force Base,Alamogordo,US,32.8525009155,-106.1070022583,America/Denver
KHMT,HMT,Hemet Ryan Airport,Hemet,US,33.7340011597,-117.0230026245,America/Los_Angeles
KHNB,HNB,Huntingburg Airport,Huntingburg,US,38.2490005493,-86.9536972046,America/Indiana/Vincennes
KHND,HSH,Henderson Executive Airport,Las Vegas,US,35.9728012085,-115.1340026855,America/Los_Angeles
KHOB,HOB,Lea County Regional Airport,Hobbs,US,32.6875,-103.2170029,America/Denver
KHON,HON,Huron Regional Airport,Huron,US,44.3852005005,-98.2285003662,America/Chicago
KHOP,HOP,Campbell AAF (Fort Campbell) Air Field,Fort Campbell/Hopkinsville,US,36.668598175,-87.4962005615,America/Chicago
KHOT,HOT,Memorial Field,Hot Springs,US,34.4780006409,-93.0961990356,America/Chicago
KHOU,HOU,William P Hobby Airport,Houston,US,29.64539909,-95.27890015,America/Chicago
KHPN,HPN,Westchester County Airport,White Plains,US,41.0670013428,-73.7076034546,America/New_York
KHPT,HPT,Hampton Municipal Airport,Hampton,US,42.7237014771,-93.2263031006,America/Chicago
KHPY,HPY,Baytown Airport,Baytown,US,29.7861003876,-94.9526977539,America/Chicago
KHQM,HQM,Bowerman Airport,Hoquiam,US,46.9711990356,-123.93699646,America/Los_Angeles
KHRI,HES,Hermiston Municipal Airport,Hermiston,US,45.8282012939,-119.2590026855,America/Los_Angeles
KHRL,HRL,Valley International Airport,Harlingen,US,26.2285003662,-97.6544036865,America/Chicago
KHRO,HRO,Boone County Airport,Harrison,US,36.2615013123,-93.1547012329,America/Chicago
KHSB,HSB,Harrisburg Raleigh Airport,Harrisburg,US,37.81129837,-88.5503006,America/Chicago
KHSE,HNC,Billy Mitchell Airport,Hatteras,US,35.23279953,-75.6177978516,America/New_York
KHSI,HSI,Hastings Municipal Airport,Hastings,US,40.6053009033,-98.4279022217,America/Chicago
KHSP,HSP,Ingalls Field,Hot Springs,US,37.95140076,-79.83390045,America/New_York
KHST,HST,Homestead ARB Airport,Homestead,US,25.48859978,-80.38359833,America/New_York
KHSV,HSV,Huntsville International Carl T Jones Field,Huntsville,US,34.6371994019,-86.775100708,America/Chicago
KHTH,HTH,Hawthorne Industrial Airport,Hawthorne,US,38.5443992615,-118.6340026855,America/Los_Angeles
KHTL,HTL,Roscommon County - Blodgett Memorial Airport,Houghton Lake,US,44.35979843,-84.6710968,America/Detroit
KHTS,HTS,Tri-State/Milton J. Ferguson Field,Huntington,US,38.36669922,-82.55799866,America/New_York
KHTW,HTW,Lawrence County Airpark,Chesapeake/Huntington Wva,US,38.4193000793,-82.4943008423,America/New_York
KHUA,HUA,Redstone Army Air Field,Redstone Arsnl Huntsville,US,34.67869949,-86.68479919,America/Chicago
KHUF,HUF,Terre Haute International Hulman Field,Terre Haute,US,39.451499939,-87.3076019287,America/Indiana/Indianapolis
KHUL,HUL,Houlton International Airport,Houlton,US,46.1231002808,-67.792098999,America/Moncton
KHUM,HUM,Houma Terrebonne Airport,Houma,US,29.5664997101,-90.6604003906,America/Chicago
KHUT,HUT,Hutchinson Municipal Airport,Hutchinson,US,38.0654983521,-97.8606033325,America/Chicago
KHVE,HVE,Hanksville Airport,Hanksville,US,38.4179992676,-110.7040023804,America/Denver
KHVN,HVN,Tweed New Haven Airport,New Haven,US,41.26369858,-72.88680267,America/New_York
KHVR,HVR,Havre City County Airport,Havre,US,48.54299927,-109.762001,America/Denver
KHVS,HVS,Hartsville Regional Airport,Hartsville,US,34.4030990601,-80.1192016602,America/New_York
KHWD,HWD,Hayward Executive Airport,Hayward,US,37.659198761,-122.1220016479,America/Los_Angeles
KHWO,HWO,North Perry Airport,Hollywood,US,26.0011997223,-80.2406997681,America/New_York
KHWV,WSH,Brookhaven Airport,Shirley,US,40.8218994141,-72.8694000244,America/New_York
KHXD,HHH,Hilton Head Airport,Hilton Head Island,US,32.2243995667,-80.6975021362,America/New_York
KHYA,HYA,Cape Cod Gateway Airport,Hyannis,US,41.66930008,-70.28040314,America/New_York
KHYR,HYR,Sawyer County Airport,Hayward,US,46.0251998901,-91.4442977905,America/Chicago
KHYS,HYS,Hays Regional Airport,Hays,US,38.84220123,-99.27320099,America/Chicago
KHZL,HZL,Hazleton Municipal Airport,Hazleton,US,40.9868011475,-75.9949035645,America/New_York
KHZY,JFN,Northeast Ohio Regional Airport,Ashtabula,US,41.7779998779,-80.6955032349,America/New_York
KIAB,IAB,Mc Connell Air Force Base,Wichita,US,37.62189865,-97.26820374,America/Chicago
KIAD,IAD,Washington Dulles International Airport,Dulles,US,38.94449997,-77.45580292,America/New_York
KIAG,IAG,Niagara Falls International Airport,Niagara Falls,US,43.1072998047,-78.9461975098,America/New_York
KIAH,IAH,George Bush Intercontinental Houston Airport,Houston,US,29.9843997955,-95.3414001465,America/Chicago
KICL,ICL,Schenck Field,Clarinda,US,40.72180176,-95.02639771,America/Chicago
KICT,ICT,Wichita Mid Continent Airport,Wichita,US,37.6498985291,-97.4330978394,America/Chicago
KIDA,IDA,Idaho Falls Regional Airport,Idaho Falls,US,43.5145988464,-112.0709991455,America/Boise
KIDG,IDG,Ida Grove Municipal Airport,Ida Grove,US,42.3325996399,-95.4449005127,America/Chicago
KIDI,IDI,Indiana County/Jimmy Stewart Fld/ Airport,Indiana,US,40.63219833,-79.10549927,America/New_York
KIDP,IDP,Independence Municipal Airport,Independence,US,37.1584014893,-95.7783966064,America/Chicago
KIEN,XPR,Pine Ridge Airport,Pine Ridge,US,43.0224990845,-102.511001587,America/Denver
KIFA,IFA,Iowa Falls Municipal Airport,Iowa Falls,US,42.4707984924,-93.2699966431,America/Chicago
KIFP,IFP,Laughlin Bullhead International Airport,Bullhead City,US,35.15739822,-114.5599976,America/Phoenix
KIGM,IGM,Kingman Airport,Kingman,US,35.2594985962,-113.93800354,America/Phoenix
KIJX,IJX,Jacksonville Municipal Airport,Jacksonville,US,39.7746009827,-90.2382965088,America/Chicago
KIKK,IKK,Greater Kankakee Airport,Kankakee,US,41.0713996887,-87.8462982178,America/Chicago
KILE,ILE,Skylark Field,Killeen,US,31.0858001709,-97.6865005493,America/Chicago
KILG,ILG,New Castle Airport,Wilmington,US,39.67869949,-75.60649872,America/New_York
KILM,ILM,Wilmington International Airport,Wilmington,US,34.2705993652,-77.9026031494,America/New_York
KILN,ILN,Wilmington Air Park,Wilmington,US,39.427898407,-83.792098999,America/New_York
KIML,IML,Imperial Municipal Airport,Imperial,US,40.50930023,-101.6210022,America/Denver
KIMM,IMM,Immokalee Regional Airport,Immokalee,US,26.43320084,-81.40100098,America/New_York
KIMS,MDN,Madison Municipal Airport,Madison,US,38.75889969,-85.46549988,America/Indiana/Indianapolis
KIMT,IMT,Ford Airport,Iron Mountain Kingsford,US,45.8184013367,-88.1145019531,America/Chicago
KIND,IND,Indianapolis International Airport,Indianapolis,US,39.717300415,-86.2944030762,America/Indiana/Indianapolis
KINK,INK,Winkler County Airport,Wink,US,31.7796001434,-103.2009963989,America/Chicago
KINL,INL,Falls International Airport,International Falls,US,48.5662002563,-93.4030990601,America/Chicago
KINS,INS,Creech Air Force Base,Indian Springs,US,36.5872001648,-115.672996521,America/Los_Angeles
KINT,INT,Smith Reynolds Airport,Winston Salem,US,36.1337013245,-80.2220001221,America/New_York
KINW,INW,Winslow Lindbergh Regional Airport,Winslow,US,35.021900177,-110.7229995728,America/Phoenix
KIOW,IOW,Iowa City Municipal Airport,Iowa City,US,41.6391983032,-91.5465011597,America/Chicago
KIPL,IPL,Imperial County Airport,Imperial,US,32.8342018127,-115.57900238,America/Los_Angeles
KIPT,IPT,Williamsport Regional Airport,Williamsport,US,41.2417984009,-76.9210968018,America/New_York
KIRK,IRK,Kirksville Regional Airport,Kirksville,US,40.09349823,-92.5448989868,America/Chicago
KIRS,IRS,Kirsch Municipal Airport,Sturgis,US,41.81330109,-85.43900299,America/Detroit
KISM,ISM,Kissimmee Gateway Airport,Orlando,US,28.2898006439,-81.4371032715,America/New_York
KISN,ISN,Sloulin Field International Airport,Williston,US,48.177898407,-103.641998291,America/Chicago
KISO,ISO,Kinston Regional Jetport At Stallings Field,Kinston,US,35.331401825,-77.6088027954,America/New_York
KISP,ISP,Long Island Mac Arthur Airport,Islip,US,40.79520035,-73.10019684,America/New_York
KISQ,ISQ,Schoolcraft County Airport,Manistique,US,45.97460175,-86.17179871,America/Detroit
KISW,ISW,Alexander Field South Wood County Airport,Wisconsin Rapids,US,44.3602981567,-89.8389968872,America/Chicago
KITH,ITH,Ithaca Tompkins Regional Airport,Ithaca,US,42.4910011292,-76.4583969116,America/New_York
KIWA,AZA,Phoenix-Mesa-Gateway Airport,Phoenix,US,33.30780029,-111.6549988,America/Phoenix
KIWD,IWD,Gogebic Iron County Airport,Ironwood,US,46.5275001526,-90.131401062,America/Menominee
KIWI,ISS,Wiscasset Airport,Wiscasset,US,43.9613990784,-69.712600708,America/New_York
KIWS,IWS,West Houston Airport,Houston,US,29.8181991577,-95.6725997925,America/Chicago
KIXD,JCI,New Century Aircenter Airport,Olathe,US,38.8308982849,-94.890296936,America/Chicago
KIYK,IYK,Inyokern Airport,Inyokern,US,35.65879822,-117.8300018,America/Los_Angeles
KIZA,SQA,Santa Ynez Airport,Santa Ynez,US,34.60680008,-120.0759964,America/Los_Angeles
KIZG,FRY,Eastern Slopes Regional Airport,Fryeburg,US,43.9911003113,-70.9478988647,America/New_York
KJAC,JAC,Jackson Hole Airport,Jackson,US,43.6072998047,-110.7379989624,America/Denver
KJAN,JAN,Jackson Evers International Airport,Jackson,US,32.3111991882,-90.0758972168,America/Chicago
KJAS,JAS,Jasper County-Bell Field,Jasper,US,30.88570023,-94.03489685,America/Chicago
KJAX,JAX,Jacksonville International Airport,Jacksonville,US,30.4941005707,-81.6878967285,America/New_York
KJBR,JBR,Jonesboro Municipal Airport,Jonesboro,US,35.8316993713,-90.6464004517,America/Chicago
KJCT,JCT,Kimble County Airport,Junction,US,30.5112991333,-99.7634963989,America/Chicago
KJDN,JDN,Jordan Airport,Jordan,US,47.3288002014,-106.9530029297,America/Denver
KJEF,JEF,Jefferson City Memorial Airport,Jefferson City,US,38.5912017822,-92.1560974121,America/Chicago
KJFK,JFK,John F Kennedy International Airport,New York,US,40.63980103,-73.77890015,America/New_York
KJHW,JHW,Chautauqua County-Jamestown Airport,Jamestown,US,42.15340042,-79.25800323,America/New_York
KJKA,GUF,Jack Edwards Airport,Gulf Shores,US,30.29050064,-87.67179871,America/Chicago
KJLN,JLN,Joplin Regional Airport,Joplin,US,37.1517982483,-94.498298645,America/Chicago
KJMS,JMS,Jamestown Regional Airport,Jamestown,US,46.92969894,-98.67819977,America/Chicago
KJOT,JOT,Joliet Regional Airport,Joliet,US,41.51779938,-88.17549896,America/Chicago
KJPX,HTO,Town of East Hampton Airport,East Hampton,US,40.95959854,-72.25180054,America/New_York
KJQF,USA,Concord Regional Airport,Concord,US,35.3877983093,-80.7090988159,America/New_York
KJSO,JKV,Cherokee County Airport,Jacksonville,US,31.8693008423,-95.2173995972,America/Chicago
KJST,JST,John Murtha Johnstown Cambria County Airport,Johnstown,US,40.3161010742,-78.8339004517,America/New_York
KJVL,JVL,Southern Wisconsin Regional Airport,Janesville,US,42.620300293,-89.0416030884,America/Chicago
KJXN,JXN,Jackson County Reynolds Field,Jackson,US,42.2597999573,-84.4593963623,America/Detroit
KKIC,KIC,Mesa Del Rey Airport,King City,US,36.2280006409,-121.1220016479,America/Los_Angeles
KKLS,KLS,Southwest Washington Regional Airport,Kelso,US,46.1180000305,-122.898002625,America/Los_Angeles
KKNB,KNB,Kanab Municipal Airport,Kanab,US,37.011100769,-112.53099823,America/Denver
KL08,BXS,Borrego Valley Airport,Borrego Springs,US,33.2589988708,-116.320999146,America/Los_Angeles
KLAA,LAA,Lamar Municipal Airport,Lamar,US,38.0696983337,-102.68800354,America/Denver
KLAF,LAF,Purdue University Airport,Lafayette,US,40.4123001099,-86.9368972778,America/Indiana/Indianapolis
KLAL,LAL,Lakeland Linder Regional Airport,Lakeland,US,27.988899231,-82.0186004639,America/New_York
KLAM,LAM,Los Alamos Airport,Los Alamos,US,35.8797988892,-106.2689971924,America/Denver
KLAN,LAN,Capital Region International Airport,Lansing,US,42.7787017822,-84.5874023438,America/Detroit
KLAR,LAR,Laramie Regional Airport,Laramie,US,41.3120994568,-105.6750030518,America/Denver
KLAS,LAS,Harry Reid International Airport,Las Vegas,US,36.08010101,-115.1520004,America/Los_Angeles
KLAW,LAW,Lawton Fort Sill Regional Airport,Lawton,US,34.5676994324,-98.4166030884,America/Chicago
KLAX,LAX,Los Angeles International Airport,Los Angeles,US,33.94250107,-118.4079971,America/Los_Angeles
KLBB,LBB,Lubbock Preston Smith International Airport,Lubbock,US,33.6636009216,-101.8229980469,America/Chicago
KLBE,LBE,Arnold Palmer Regional Airport,Latrobe,US,40.27590179,-79.40480042,America/New_York
KLBF,LBF,North Platte Regional Airport Lee Bird Field,North Platte,US,41.12620163,-100.6839981,America/Chicago
KLBL,LBL,Liberal Mid-America Regional Airport,Liberal,US,37.0442009,-100.9599991,America/Chicago
KLBT,LBT,Lumberton Municipal Airport,Lumberton,US,34.6099014282,-79.0594024658,America/New_York
KLBX,LJN,Texas Gulf Coast Regional Airport,Angleton/Lake Jackson,US,29.1086006165,-95.462097168,America/Chicago
KLCH,LCH,Lake Charles Regional Airport,Lake Charles,US,30.1261005402,-93.2232971191,America/Chicago
KLCI,LCI,Laconia Municipal Airport,Laconia,US,43.5727005005,-71.4188995361,America/New_York
KLCK,LCK,Rickenbacker International Airport,Columbus,US,39.8138008118,-82.9278030396,America/New_York
KLCQ,LCQ,Lake City Gateway Airport,Lake City,US,30.1819992065,-82.5768966675,America/New_York
KLDJ,LDJ,Linden Airport,Linden,US,40.617401123,-74.2445983887,America/New_York
KLDM,LDM,Mason County Airport,Ludington,US,43.96250153,-86.40789795,America/Detroit
KLEB,LEB,Lebanon Municipal Airport,Lebanon,US,43.6260986328,-72.3041992188,America/New_York
KLEE,LEE,Leesburg International Airport,Leesburg,US,28.82309914,-81.80870056,America/New_York
KLEM,LEM,Lemmon Municipal Airport,Lemmon,US,45.9187011719,-102.1060028076,America/Denver
KLEW,LEW,Auburn Lewiston Municipal Airport,Auburn/Lewiston,US,44.048500061,-70.2835006714,America/New_York
KLEX,LEX,Blue Grass Airport,Lexington,US,38.0364990234,-84.6059036255,America/New_York
KLFI,LFI,Langley Air Force Base,Hampton,US,37.082901001,-76.360496521,America/New_York
KLFK,LFK,Angelina County Airport,Lufkin,US,31.2339992523,-94.75,America/Chicago
KLFT,LFT,Lafayette Regional Airport,Lafayette,US,30.20529938,-91.98760223,America/Chicago
KLGA,LGA,La Guardia Airport,New York,US,40.77719879,-73.87259674,America/New_York
KLGB,LGB,Long Beach /Daugherty Field/ Airport,Long Beach,US,33.81769943,-118.1520004,America/Los_Angeles
KLGC,LGC,Lagrange Callaway Airport,Lagrange,US,33.0088996887,-85.0726013184,America/New_York
KLGD,LGD,La Grande Union County Airport,La Grande,US,45.2901992798,-118.0070037842,America/Los_Angeles
KLGF,LGF,Laguna AAF (Yuma Proving Ground) Airfield,Yuma Proving Ground(Yuma),US,32.86000061,-114.3970032,America/Phoenix
KLGU,LGU,Logan Cache Airport,Logan,US,41.7911987305,-111.8519973755,America/Denver
KLHV,LHV,William T. Piper Memorial Airport,Lock Haven,US,41.13560104,-77.42230225,America/New_York
KLHW,LIY,Wright Aaf (Fort Stewart)/Midcoast Regional Airport,Fort Stewart(Hinesville),US,31.88909912,-81.56230164,America/New_York
KLHZ,LFN,Triangle North Executive Airport,Louisburg,US,36.0233001709,-78.3302993774,America/New_York
KLIC,LIC,Limon Municipal Airport,Limon,US,39.2747993469,-103.6660003662,America/Denver
KLIT,LIT,Adams Field,Little Rock,US,34.7294006348,-92.2242965698,America/Chicago
KLKP,LKP,Lake Placid Airport,Lake Placid,US,44.2644996643,-73.9618988037,America/New_York
KLKU,LOW,Louisa County-Freeman field,Louisa,US,38.00979996,-77.9701004,America/New_York
KLKV,LKV,Lake County Airport,Lakeview,US,42.1610984802,-120.3990020752,America/Los_Angeles
KLLJ,CHL,Challis Airport,Challis,US,44.5229988098,-114.2180023193,America/Boise
KLMS,LMS,Louisville Winston County Airport,Louisville,US,33.1461982727,-89.0625,America/Chicago
KLMT,LMT,Crater Lake/Klamath Regional Airport,Klamath Falls,US,42.1561012268,-121.733001709,America/Los_Angeles
KLNA,LNA,Palm Beach County Park Airport,West Palm Beach,US,26.59300041,-80.08509827,America/New_York
KLND,LND,Hunt Field,Lander,US,42.8152008057,-108.7300033569,America/Denver
KLNK,LNK,Lincoln Airport,Lincoln,US,40.8510017395,-96.7592010498,America/Chicago
KLNN,LNN,Lake County Executive Airport,Willoughby,US,41.6839981079,-81.3897018433,America/New_York
KLNP,LNP,Lonesome Pine Airport,Wise,US,36.9874992371,-82.5299987793,America/New_York
KLNR,LNR,Tri-County Regional Airport,Lone Rock,US,43.2117004395,-90.181602478,America/Chicago
KLNS,LNS,Lancaster Airport,Lancaster,US,40.1217002869,-76.2960968018,America/New_York
KLOL,LOL,Derby Field,Lovelock,US,40.0663986206,-118.5650024414,America/Los_Angeles
KLOM,BBX,Wings Field,Philadelphia,US,40.1375007629,-75.2650985718,America/New_York
KLOT,LOT,Lewis University Airport,Chicago/Romeoville,US,41.6072998,-88.09619904,America/Chicago
KLOU,LOU,Bowman Field,Louisville,US,38.2280006409,-85.6636962891,America/Kentucky/Louisville
KLOZ,LOZ,London Corbin Airport Magee Field,London,US,37.0821990967,-84.0848999023,America/New_York
KLPC,LPC,Lompoc Airport,Lompoc,US,34.665599823,-120.4680023193,America/Los_Angeles
KLQK,LQK,Pickens County Airport,Pickens,US,34.8100013733,-82.7029037476,America/New_York
KLRD,LRD,Laredo International Airport,Laredo,US,27.543800354,-99.4616012573,America/Chicago
KLRF,LRF,Little Rock Air Force Base,Jacksonville,US,34.9169006348,-92.1496963501,America/Chicago
KLRJ,LRJ,Le Mars Municipal Airport,Le Mars,US,42.77799988,-96.1937027,America/Chicago
KLRU,LRU,Las Cruces International Airport,Las Cruces,US,32.2893981934,-106.9219970703,America/Denver
KLSB,LSB,Lordsburg Municipal Airport,Lordsburg,US,32.3334999084,-108.6920013428,America/Denver
KLSE,LSE,La Crosse Municipal Airport,La Crosse,US,43.87900162,-91.25669861,America/Chicago
KLSF,LSF,Lawson Army Air Field (Fort Benning),Fort Benning(Columbus),US,32.3372993469,-84.9913024902,America/Chicago
KLSK,LSK,Lusk Municipal Airport,Lusk,US,42.7537994385,-104.4049987793,America/Denver
KLSN,LSN,Los Banos Municipal Airport,Los Banos,US,37.06290054,-120.8690033,America/Los_Angeles
KLSV,LSV,Nellis Air Force Base,Las Vegas,US,36.2361984253,-115.033996582,America/Los_Angeles
KLTS,LTS,Altus Air Force Base,Altus,US,34.667098999,-99.2667007446,America/Chicago
KLUF,LUF,Luke Air Force Base,Glendale,US,33.5349998474,-112.3830032349,America/Phoenix
KLUK,LUK,Cincinnati Municipal Airport Lunken Field,Cincinnati,US,39.10329819,-84.41860199,America/New_York
KLUL,LUL,Hesler Noble Field,Laurel,US,31.6725997925,-89.172203064,America/Chicago
KLVK,LVK,Livermore Municipal Airport,Livermore,US,37.6934013367,-121.8199996948,America/Los_Angeles
KLVL,LVL,Brunswick County Airport,Lawrenceville,US,36.7728004456,-77.7942962646,America/New_York
KLVM,LVM,Mission Field,Livingston,US,45.6994018555,-110.4479980469,America/Denver
KLVS,LVS,Las Vegas Municipal Airport,Las Vegas,US,35.6542015076,-105.141998291,America/Denver
KLWB,LWB,Greenbrier Valley Airport,Lewisburg,US,37.8582992554,-80.3994979858,America/New_York
KLWC,LWC,Lawrence Municipal Airport,Lawrence,US,39.01119995,-95.21659851,America/Chicago
KLWL,LWL,Wells Municipal Harriet Field,Wells,US,41.117099762,-114.9219970703,America/Los_Angeles
KLWM,LWM,Lawrence Municipal Airport,Lawrence,US,42.7172012329,-71.1233978271,America/New_York
KLWS,LWS,Lewiston Nez Perce County Airport,Lewiston,US,46.3745002747,-117.0149993896,America/Los_Angeles
KLWT,LWT,Lewistown Municipal Airport,Lewistown,US,47.0493011475,-109.4670028687,America/Denver
KLWV,LWV,Lawrenceville Vincennes International Airport,Lawrenceville,US,38.7643013,-87.6054992676,America/Chicago
KLXN,LXN,Jim Kelly Field,Lexington,US,40.7910003662,-99.7772979736,America/Chicago
KLXV,LXV,Lake County Airport,Leadville,US,39.2202987671,-106.3170013428,America/Denver
KLYH,LYH,Lynchburg Regional Preston Glenn Field,Lynchburg,US,37.3266983032,-79.2004013062,America/New_York
KLYO,LYO,Lyons Rice County Municipal Airport,Lyons,US,38.34280014,-98.22689819,America/Chicago
KLZU,LZU,Gwinnett County Briscoe Field,Lawrenceville,US,33.97809982,-83.96240234,America/New_York
KMAC,MAC,Macon Downtown Airport,Macon,US,32.82210159,-83.56199646,America/New_York
KMAE,MAE,Madera Municipal Airport,Madera,US,36.9886016846,-120.1119995117,America/Los_Angeles
KMAF,MAF,Midland International Air and Space Port Airport,Midland,US,31.9424991608,-102.202003479,America/Chicago
KMAW,MAW,Malden Regional Airport,Malden,US,36.6006012,-89.99220276,America/Chicago
KMBG,MBG,Mobridge Municipal Airport,Mobridge,US,45.54650116,-100.4079971,America/Chicago
KMBL,MBL,Manistee Co Blacker Airport,Manistee,US,44.2723999,-86.24690247,America/Detroit
KMBO,DXE,Bruce Campbell Field,Madison,US,32.4387016296,-90.1031036377,America/Chicago
KMBS,MBS,MBS International Airport,Saginaw,US,43.5329017639,-84.0795974731,America/Detroit
KMBY,MBY,Omar N Bradley Airport,Moberly,US,39.4639015198,-92.4270019531,America/Chicago
KMCB,MCB,Mc Comb/Pike County/John E Lewis Field,Mc Comb,US,31.17849922,-90.47190094,America/Chicago
KMCC,MCC,Mc Clellan Airfield,Sacramento,US,38.66759872,-121.401001,America/Los_Angeles
KMCD,MCD,Mackinac Island Airport,Mackinac Island,US,45.86489868,-84.63729858,America/Detroit
KMCE,MCE,Merced Regional Macready Field,Merced,US,37.28469849,-120.5139999,America/Los_Angeles
KMCF,MCF,MacDill Air Force Base,Tampa,US,27.84930038,-82.52120209,America/New_York
KMCI,MCI,Kansas City International Airport,Kansas City,US,39.2975997925,-94.7138977051,America/Chicago
KMCK,MCK,Mc Cook Ben Nelson Regional Airport,Mc Cook,US,40.20629883,-100.5920029,America/Chicago
KMCN,MCN,Middle Georgia Regional Airport,Macon,US,32.6927986145,-83.6492004395,America/New_York
KMCO,MCO,Orlando International Airport,Orlando,US,28.4293994904,-81.3089981079,America/New_York
KMCW,MCW,Mason City Municipal Airport,Mason City,US,43.1577987671,-93.3312988281,America/Chicago
KMDD,MDD,Midland Airpark,Midland,US,32.0364990234,-102.1009979248,America/Chicago
KMDH,MDH,Southern Illinois Airport,Carbondale/Murphysboro,US,37.7780990601,-89.2519989014,America/Chicago
KMDS,XMD,Madison Municipal Airport,Madison,US,44.01599884,-97.08589935,America/Chicago
KMDT,MDT,Harrisburg International Airport,Harrisburg,US,40.1935005188,-76.7633972168,America/New_York
KMDW,MDW,Chicago Midway International Airport,Chicago,US,41.7859992981,-87.7524032593,America/Chicago
KMDZ,MDF,Taylor County Airport,Medford,US,45.10100174,-90.30329895,America/Chicago
KMEB,MXE,Laurinburg Maxton Airport,Maxton,US,34.79190063,-79.36579895,America/New_York
KMEI,MEI,Key Field,Meridian,US,32.3325996399,-88.7518997192,America/Chicago
KMEM,MEM,Memphis International Airport,Memphis,US,35.0424003601,-89.9766998291,America/Chicago
KMER,MER,Castle Airport,Merced,US,37.38050079,-120.5680008,America/Los_Angeles
KMEV,MEV,Minden Tahoe Airport,Minden,US,39.00030136,-119.7509995,America/Los_Angeles
KMFD,MFD,Mansfield Lahm Regional Airport,Mansfield,US,40.8213996887,-82.5166015625,America/New_York
KMFE,MFE,Mc Allen Miller International Airport,Mc Allen,US,26.17580032,-98.23860168,America/Chicago
KMFI,MFI,Marshfield Municipal Airport,Marshfield,US,44.6369018555,-90.1893005371,America/Chicago
KMFR,MFR,Rogue Valley International Medford Airport,Medford,US,42.3741989136,-122.8730010986,America/Los_Angeles
KMFV,MFV,Accomack County Airport,Melfa,US,37.646900177,-75.761100769,America/New_York
KMGC,MGC,Michigan City Municipal Airport,Michigan City,US,41.7033004761,-86.8211975098,America/Chicago
KMGE,MGE,Dobbins Air Reserve Base Airport,Marietta,US,33.91540146,-84.51629639,America/New_York
KMGJ,MGJ,Orange County Airport,Montgomery,US,41.50999832,-74.26460266,America/New_York
KMGM,MGM,Montgomery Regional (Dannelly Field) Airport,Montgomery,US,32.30059814,-86.39399719,America/Chicago
KMGR,MGR,Moultrie Municipal Airport,Moultrie,US,31.0848999023,-83.8032989502,America/New_York
KMGW,MGW,Morgantown Municipal Walter L. Bill Hart Field,Morgantown,US,39.64289856,-79.91629791,America/New_York
KMGY,MGY,Dayton Wright Brothers Airport,Dayton,US,39.5890007019,-84.224899292,America/New_York
KMHE,MHE,Mitchell Municipal Airport,Mitchell,US,43.7747993469,-98.0385971069,America/Chicago
KMHK,MHK,Manhattan Regional Airport,Manhattan,US,39.1409988403,-96.6707992554,America/Chicago
KMHL,MHL,Marshall Memorial Municipal Airport,Marshall,US,39.0957984924,-93.2029037476,America/Chicago
KMHR,MHR,Sacramento Mather Airport,Sacramento,US,38.55390167,-121.2979965,America/Los_Angeles
KMHS,MHS,Dunsmuir Municipal-Mott Airport,Dunsmuir,US,41.26291944,-122.2720375,America/Los_Angeles
KMHT,MHT,Manchester Boston Regional Airport,Manchester,US,42.932598114,-71.4356994629,America/New_York
KMHV,MHV,Mojave Airport,Mojave,US,35.05939865,-118.1520004,America/Los_Angeles
KMIA,MIA,Miami International Airport,Miami,US,25.7931995392,-80.2906036377,America/New_York
KMIB,MIB,Minot Air Force Base,Minot,US,48.41559982,-101.3580017,America/Chicago
KMIC,MIC,Crystal Airport,Minneapolis,US,45.0620002747,-93.3538970947,America/Chicago
KMIE,MIE,Delaware County Johnson Field,Muncie,US,40.2422981262,-85.3958969116,America/Indiana/Indianapolis
KMIO,MIO,Miami Municipal Airport,Miami,US,36.909198761,-94.8874969482,America/Chicago
KMIT,MIT,Shafter Minter Field,Shafter,US,35.50740051,-119.1920013,America/Los_Angeles
KMIV,MIV,Millville Municipal Airport,Millville,US,39.3678016663,-75.0721969604,America/New_York
KMIW,MIW,Marshalltown Municipal Airport,Marshalltown,US,42.112701416,-92.9178009033,America/Chicago
KMJQ,MJQ,Jackson Municipal Airport,Jackson,US,43.6500015259,-94.9865036011,America/Chicago
KMJX,MJX,Ocean County Airport,Toms River,US,39.92750168,-74.29239655,America/New_York
KMKC,MKC,Charles B. Wheeler Downtown Airport,Kansas City,US,39.1231994629,-94.5927963257,America/Chicago
KMKE,MKE,General Mitchell International Airport,Milwaukee,US,42.9472007751,-87.8965988159,America/Chicago
KMKG,MKG,Muskegon County Airport,Muskegon,US,43.16949844,-86.23819733,America/Detroit
KMKL,MKL,Mc Kellar Sipes Regional Airport,Jackson,US,35.59989929,-88.91560364,America/Chicago
KMKO,MKO,Davis Field,Muskogee,US,35.65650177,-95.36669922,America/Chicago
KMKT,MKT,Mankato Regional Airport,Mankato,US,44.22159958,-93.91870117,America/Chicago
KMKY,MRK,Marco Island Airport,Marco Island,US,25.9950008392,-81.6725006104,America/New_York
KMLB,MLB,Melbourne Orlando International Airport,Melbourne,US,28.1028003693,-80.6453018188,America/New_York
KMLC,MLC,Mc Alester Regional Airport,Mc Alester,US,34.88240051,-95.78350067,America/Chicago
KMLD,MLD,Malad City Airport,Malad City,US,42.1665992737,-112.2969970703,America/Boise
KMLE,MIQ,Millard Airport,Omaha,US,41.1959991455,-96.1119995117,America/Chicago
KMLF,MLF,Milford Municipal-Ben and Judy Briscoe Field,Milford,US,38.42660141,-113.012001,America/Denver
KMLI,MLI,Quad City International Airport,Moline,US,41.4485015869,-90.5074996948,America/Chicago
KMLJ,MLJ,Baldwin County Airport,Milledgeville,US,33.15420151,-83.24069977,America/New_York
KMLS,MLS,Frank Wiley Field,Miles City,US,46.4280014038,-105.8860015869,America/Denver
KMLT,MLT,Millinocket Municipal Airport,Millinocket,US,45.6478004456,-68.6856002808,America/New_York
KMLU,MLU,Monroe Regional Airport,Monroe,US,32.5108985901,-92.0376968384,America/Chicago
KMMH,MMH,Mammoth Yosemite Airport,Mammoth Lakes,US,37.62409973,-118.8379974,America/Los_Angeles
KMMI,MMI,McMinn County Airport,Athens,US,35.39730072,-84.56259918,America/New_York
KMML,MML,Southwest Minnesota Regional-Marshall-Ryan Field,Marshall,US,44.45050049,-95.82189941,America/Chicago
KMMS,MMS,Selfs Airport,Marks,US,34.2314987183,-90.2895965576,America/Chicago
KMMT,MMT,Mc Entire JNGB Airport,Eastover,US,33.92079926,-80.80130005,America/New_York
KMMU,MMU,Morristown Municipal Airport,Morristown,US,40.7994003296,-74.4149017334,America/New_York
KMNM,MNM,Menominee Regional Airport,Menominee,US,45.126701355,-87.6383972168,America/Chicago
KMNN,MNN,Marion Municipal Airport,Marion,US,40.6161994934,-83.0634994507,America/New_York
KMOB,MOB,Mobile Regional Airport,Mobile,US,30.6912002563,-88.2427978516,America/Chicago
KMOD,MOD,Modesto City Co-Harry Sham Field,Modesto,US,37.62580109,-120.9540024,America/Los_Angeles
KMOP,MOP,Mount Pleasant Municipal Airport,Mount Pleasant,US,43.6217002869,-84.7375030518,America/Detroit
KMOR,MOR,Moore Murrell Airport,Morristown,US,36.1794013977,-83.37550354,America/New_York
KMOT,MOT,Minot International Airport,Minot,US,48.2593994141,-101.2799987793,America/Chicago
KMOX,MOX,Morris Municipal - Charlie Schmidt Airport,Morris,US,45.56600189,-95.96720123,America/Chicago
KMPI,RMY,Mariposa Yosemite Airport,Mariposa,US,37.5108985901,-120.040000916,America/Los_Angeles
KMPJ,MPJ,Petit Jean Park Airport,Morrilton,US,35.1389007568,-92.9092025757,America/Chicago
KMPO,MPO,Pocono Mountains Municipal Airport,Mount Pocono,US,41.13750076,-75.37889862,America/New_York
KMPR,MPR,Mc Pherson Airport,Mc Pherson,US,38.35240173,-97.69129944,America/Chicago
KMPV,MPV,Edward F Knapp State Airport,Barre/Montpelier,US,44.20349884,-72.56230164,America/New_York
KMPZ,MPZ,Mount Pleasant Municipal Airport,Mount Pleasant,US,40.94660187,-91.51110077,America/Chicago
KMQB,MQB,Macomb Municipal Airport,Macomb,US,40.5200996399,-90.6523971558,America/Chicago
KMQI,MEO,Dare County Regional Airport,Manteo,US,35.91899872,-75.69550323,America/New_York
KMQS,CTH,Chester County G O Carlson Airport,Coatesville,US,39.97900009,-75.8655014,America/New_York
KMQW,MQW,Telfair Wheeler Airport,Mc Rae,US,32.0957984924,-82.8799972534,America/New_York
KMQY,MQY,Smyrna Airport,Smyrna,US,36.0089988708,-86.5201034546,America/Chicago
KMRB,MRB,Eastern Wv Regional Shepherd Field,Martinsburg,US,39.40190125,-77.98459625,America/New_York
KMRC,MRC,Maury County Airport,Columbia/Mount Pleasant,US,35.5541000366,-87.1789016724,America/Chicago
KMRF,MRF,Marfa Municipal Airport,Marfa,US,30.371099472,-104.0179977417,America/Chicago
KMRN,MRN,Foothills Regional Airport,Morganton,US,35.8202018738,-81.6113967896,America/New_York
KMRY,MRY,Monterey Peninsula Airport,Monterey,US,36.5870018005,-121.8430023193,America/Los_Angeles
KMSL,MSL,Northwest Alabama Regional Airport,Muscle Shoals,US,34.74530029,-87.61019897,America/Chicago
KMSN,MSN,Dane County Regional Truax Field,Madison,US,43.1399002075,-89.3375015259,America/Chicago
KMSO,MSO,Missoula International Airport,Missoula,US,46.91630173,-114.0910034,America/Denver
KMSP,MSP,Minneapolis-St Paul International/Wold-Chamberlain Airport,Minneapolis,US,44.8819999695,-93.2218017578,America/Chicago
KMSS,MSS,Massena International Richards Field,Massena,US,44.935798645,-74.8455963135,America/New_York
KMSV,MSV,Sullivan County International Airport,Monticello,US,41.70159912,-74.79499817,America/New_York
KMSY,MSY,Louis Armstrong New Orleans International Airport,New Orleans,US,29.9934005737,-90.2580032349,America/Chicago
KMTC,MTC,Selfridge Angb Airport,Mount Clemens,US,42.6082992554,-82.8355026245,America/Detroit
KMTH,MTH,The Florida Keys Marathon Airport,Marathon,US,24.72610092,-81.05139923,America/New_York
KMTJ,MTJ,Montrose Regional Airport,Montrose,US,38.5097999573,-107.893997192,America/Denver
KMTN,MTN,Martin State Airport,Baltimore,US,39.32569885,-76.4138031,America/New_York
KMTO,MTO,Coles County Memorial Airport,Mattoon/Charleston,US,39.47790146,-88.27919769,America/Chicago
KMTP,MTP,Montauk Airport,Montauk,US,41.076499939,-71.9207992554,America/New_York
KMTW,MTW,Manitowoc County Airport,Manitowoc,US,44.1287994385,-87.6806030273,America/Chicago
KMUI,MUI,Muir Army Air Field (Fort Indiantown Gap) Airport,Fort Indiantown Gap(Annville),US,40.43479919,-76.56939697,America/New_York
KMUL,MUL,Spence Airport,Moultrie,US,31.1376991272,-83.7041015625,America/New_York
KMUO,MUO,Mountain Home Air Force Base,Mountain Home,US,43.043598175,-115.8720016479,America/Boise
KMUT,MUT,Muscatine Municipal Airport,Muscatine,US,41.3678016663,-91.1482009888,America/Chicago
KMVC,MVC,Monroe County Airport,Monroeville,US,31.4580001831,-87.3509979248,America/Chicago
KMVE,MVE,Montevideo Chippewa County Airport,Montevideo,US,44.9691009521,-95.7102966309,America/Chicago
KMVL,MVL,Morrisville Stowe State Airport,Morrisville,US,44.5345993042,-72.6139984131,America/New_York
KMVN,MVN,Mount Vernon Airport,Mount Vernon,US,38.3233985901,-88.8588027954,America/Chicago
KMVY,MVY,Martha's Vineyard Airport,Martha's Vineyard,US,41.3931007385,-70.6143035889,America/New_York
KMWA,MWA,Veterans Airport of Southern Illinois,Marion,US,37.75500107,-89.01110077,America/Chicago
KMWC,MWC,Lawrence J Timmerman Airport,Milwaukee,US,43.1104011536,-88.0344009399,America/Chicago
KMWH,MWH,Grant Co International Airport,Moses Lake,US,47.20769882,-119.3199997,America/Los_Angeles
KMWL,MWL,Mineral Wells Airport,Mineral Wells,US,32.7816009521,-98.0602035522,America/Chicago
KMWM,MWM,Windom Municipal Airport,Windom,US,43.9133987427,-95.1093978882,America/Chicago
KMWO,MWO,Middletown Regional-Hook Field Municipal Airport,Middletown,US,39.53099823,-84.39530182,America/New_York
KMXA,MXA,Manila Municipal Airport,Manila,US,35.8944015503,-90.1546020508,America/Chicago
KMXF,MXF,Maxwell Air Force Base,Montgomery,US,32.382900238,-86.3657989502,America/Chicago
KMXO,MXO,Monticello Regional Airport,Monticello,US,42.22040176,-91.16329956,America/Chicago
KMYF,MYF,Montgomery Field,San Diego,US,32.815700531,-117.1399993896,America/Los_Angeles
KMYL,MYL,Mc Call Municipal Airport,Mc Call,US,44.88970184,-116.1009979,America/Boise
KMYR,MYR,Myrtle Beach International Airport,Myrtle Beach,US,33.6796989441,-78.9282989502,America/New_York
KMYV,MYV,Yuba County Airport,Marysville,US,39.09780121,-121.5699997,America/Los_Angeles
KMZJ,MZJ,Pinal Airpark,Marana,US,32.5106010437,-111.3280029297,America/Phoenix
KMZZ,MZZ,Marion Municipal Airport,Marion,US,40.4898986816,-85.6797027588,America/Indiana/Indianapolis
KNBG,NBG,New Orleans Nas Jrb/Alvin Callender Field/ Airport,New Orleans,US,29.82530022,-90.03500366,America/Chicago
KNBJ,NHX,Barin Nolf Airport,Foley,US,30.3890991211,-87.6352996826,America/Chicago
KNDY,DGN,Dahlgren Naval Surface Warfare Center Airport,Dahlgren,US,38.33250046,-77.03720093,America/New_York
KNEL,NEL,Lakehurst NAES /Maxfield Field,Lakehurst,US,40.03329849,-74.353302,America/New_York
KNEN,NEN,Whitehouse Nolf Airport,Jacksonville,US,30.3539009094,-81.8719024658,America/New_York
KNEW,NEW,Lakefront Airport,New Orleans,US,30.0424003601,-90.0282974243,America/Chicago
KNFL,NFL,Fallon Naval Air Station /Van Voorhis Field,Fallon,US,39.41659927,-118.7009964,America/Los_Angeles
KNFW,FWH,Fort Worth Nas Jrb/Carswell field,Fort Worth,US,32.76919937,-97.4414978,America/Chicago
KNGP,NGP,Corpus Christi Naval Air Station/Truax Field,Corpus Christi,US,27.69260025,-97.29109955,America/Chicago
KNGU,NGU,Norfolk Ns (Chambers Fld) Airport,Norfolk,US,36.93759918,-76.28929901,America/New_York
KNGW,NGW,Cabaniss Field Nolf Airport,Corpus Christi,US,27.7003002167,-97.4344024658,America/Chicago
KNHK,NHK,Patuxent River Naval Air Station/Trapnell Field Aiport,Patuxent River,US,38.2859993,-76.41179657,America/New_York
KNIP,NIP,Jacksonville Naval Air Station,Jacksonville,US,30.23579979,-81.68060303,America/New_York
KNJK,NJK,El Centro Naf Airport,El Centro,US,32.8292007446,-115.6719970703,America/Los_Angeles
KNKX,NKX,Miramar Marine Corps Air Station,San Diego,US,32.86840057,-117.1429977,America/Los_Angeles
KNLC,NLC,Lemoore Naval Air Station (Reeves Field) Airport,Lemoore,US,36.33300018,-119.9520035,America/Los_Angeles
KNPA,NPA,Pensacola Naval Air Station/Forrest Sherman field,Pensacola,US,30.35269928,-87.31860352,America/Chicago
KNQA,NQA,Millington Regional Jetport Airport,Millington,US,35.3567008972,-89.870300293,America/Chicago
KNQI,NQI,Kingsville Naval Air Station,Kingsville,US,27.5072002411,-97.8097000122,America/Chicago
KNQX,NQX,Key West Nas /Boca Chica Field/ Airport,Key West,US,24.57579994,-81.68890381,America/New_York
KNRB,NRB,Mayport Ns (Adm David L. Mcdonald Field) Airport,Mayport,US,30.39109993,-81.42469788,America/New_York
KNRS,NRS,Imperial Beach Nolf (Ream Fld) Airport,Imperial Beach,US,32.56669998,-117.1169968,America/Los_Angeles
KNSE,NSE,Whiting Field Naval Air Station North Airport,Milton,US,30.7241993,-87.02189636,America/Chicago
KNTD,NTD,Point Mugu Naval Air Station (Naval Base Ventura Co),Point Mugu,US,34.120300293,-119.121002197,America/Los_Angeles
KNTU,NTU,Oceana Nas /Apollo Soucek Field/ Station,Virginia Beach,US,36.8207016,-76.03350067,America/New_York
KNUN,NUN,Saufley Field Nolf Airport,Pensacola,US,30.4696998596,-87.3380966187,America/Chicago
KNUQ,NUQ,Moffett Federal Airfield,Mountain View,US,37.4160995483,-122.0490036011,America/Los_Angeles
KNUW,NUW,Whidbey Island Naval Air Station /Ault Field/ Airport,Oak Harbor,US,48.35179901,-122.6559982,America/Los_Angeles
KNVD,NVD,Nevada Municipal Airport,Nevada,US,37.8521003723,-94.304901123,America/Chicago
KNYG,NYG,Quantico MCAF /Turner field,Quantico,US,38.50170135,-77.30529785,America/New_York
KNYL,YUM,Yuma MCAS/Yuma International Airport,Yuma,US,32.65660095,-114.6060028,America/Phoenix
KNZY,NZY,North Island Naval Air Station-Halsey Field,San Diego,US,32.69919968,-117.2149963,America/Los_Angeles
KO02,NVN,Nervino Airport,Beckwourth,US,39.8185005188,-120.352996826,America/Los_Angeles
KO27,ODC,Oakdale Airport,Oakdale,US,37.75630188,-120.8000031,America/Los_Angeles
KO43,EYR,Yerington Municipal Airport,Yerington,US,39.0041007996,-119.157997131,America/Los_Angeles
KOAJ,OAJ,Albert J Ellis Airport,Jacksonville,US,34.8292007446,-77.6120986938,America/New_York
KOAK,OAK,Metropolitan Oakland International Airport,Oakland,US,37.7212982178,-122.2210006714,America/Los_Angeles
KOAR,OAR,Marina Municipal Airport,Marina,US,36.68190002,-121.762001,America/Los_Angeles
KOBE,OBE,Okeechobee County Airport,Okeechobee,US,27.2628002167,-80.8498001099,America/New_York
KOCF,OCF,Ocala International Jim Taylor Field,Ocala,US,29.17259979,-82.22419739,America/New_York
KOCH,OCH,A L Mangham Jr. Regional Airport,Nacogdoches,US,31.57799911,-94.70950317,America/Chicago
KOCW,OCW,Warren Field,Washington,US,35.5704994202,-77.0497970581,America/New_York
KOEO,OEO,L O Simenstad Municipal Airport,Osceola,US,45.3100013733,-92.6919021606,America/Chicago
KOFF,OFF,Offutt Air Force Base,Omaha,US,41.1183013916,-95.9124984741,America/Chicago
KOFK,OFK,Karl Stefan Memorial Airport,Norfolk,US,41.9855003357,-97.4350967407,America/Chicago
KOGA,OGA,Searle Field,Ogallala,US,41.11949921,-101.7699966,America/Denver
KOGB,OGB,Orangeburg Municipal Airport,Orangeburg,US,33.4567985535,-80.8594970703,America/New_York
KOGD,OGD,Ogden Hinckley Airport,Ogden,US,41.1958999634,-112.0120010376,America/Denver
KOGS,OGS,Ogdensburg International Airport,Ogdensburg,US,44.6819000244,-75.4654998779,America/New_York
KOIC,OIC,Lt Warren Eaton Airport,Norwich,US,42.5666007996,-75.5241012573,America/New_York
KOJC,OJC,Johnson County Executive Airport,Olathe,US,38.84759903,-94.73760223,America/Chicago
KOKB,OCN,Oceanside Municipal Airport,Oceanside,US,33.217300415,-117.3539962769,America/Los_Angeles
KOKC,OKC,Will Rogers World Airport,Oklahoma City,US,35.3931007385,-97.6007003784,America/Chicago
KOKH,ODW,Delaurentis Airport,Oak Harbor,US,48.251499176,-122.674003601,America/Los_Angeles
KOKK,OKK,Kokomo Municipal Airport,Kokomo,US,40.5281982422,-86.0589981079,America/Indiana/Indianapolis
KOKM,OKM,Okmulgee Regional Airport,Okmulgee,US,35.6680984497,-95.9486999512,America/Chicago
KOKS,OKS,Garden County Airport,Oshkosh,US,41.4010009766,-102.3550033569,America/Denver
KOKV,WGO,Winchester Regional Airport,Winchester,US,39.14350128,-78.14440155,America/New_York
KOLD,OLD,Dewitt FieldOld Town Municipal Airport,Old Town,US,44.95280075,-68.67430115,America/New_York
KOLE,OLE,Cattaraugus County-Olean Airport,Olean,US,42.24119949,-78.37139893,America/New_York
KOLF,OLF,L M Clayton Airport,Wolf Point,US,48.0945014954,-105.5749969482,America/Denver
KOLM,OLM,Olympia Regional Airport,Olympia,US,46.9693985,-122.9029999,America/Los_Angeles
KOLS,OLS,Nogales International Airport,Nogales,US,31.4176998138,-110.8479995728,America/Phoenix
KOLU,OLU,Columbus Municipal Airport,Columbus,US,41.44800186,-97.34259796,America/Chicago
KOLV,OLV,Olive Branch Airport,Olive Branch,US,34.9786987305,-89.7869033813,America/Chicago
KOLY,OLY,Olney Noble Airport,Olney-Noble,US,38.7218017578,-88.176399231,America/Chicago
KOMA,OMA,Eppley Airfield,Omaha,US,41.3031997681,-95.8940963745,America/Chicago
KOMK,OMK,Omak Airport,Omak,US,48.4644012451,-119.5179977417,America/Los_Angeles
KONA,ONA,Winona Municipal-Max Conrad Field,Winona,US,44.07720184,-91.70829773,America/Chicago
KONL,ONL,The O'Neill Municipal John L Baker Field,O'Neill,US,42.46989822,-98.68810272,America/Chicago
KONM,ONM,Socorro Municipal Airport,Socorro,US,34.0224990845,-106.9029998779,America/Denver
KONO,ONO,Ontario Municipal Airport,Ontario,US,44.0205001831,-117.013999939,America/Boise
KONP,ONP,Newport Municipal Airport,Newport,US,44.5803985596,-124.0579986572,America/Los_Angeles
KONT,ONT,Ontario International Airport,Ontario,US,34.0559997559,-117.6009979248,America/Los_Angeles
KONY,ONY,Olney Municipal Airport,Olney,US,33.3508987427,-98.8191986084,America/Chicago
KOOA,OOA,Oskaloosa Municipal Airport,Oskaloosa,US,41.2262001,-92.49389648,America/Chicago
KOPF,OPF,Miami-Opa Locka Executive Airport,Miami,US,25.90699959,-80.27839661,America/New_York
KOPL,OPL,St Landry Parish Ahart Field,Opelousas,US,30.5583992004,-92.0994033813,America/Chicago
KOQU,NCO,Quonset State Airport,North Kingstown,US,41.5970993042,-71.4121017456,America/New_York
KORD,ORD,Chicago O'Hare International Airport,Chicago,US,41.97859955,-87.90480042,America/Chicago
KORF,ORF,Norfolk International Airport,Norfolk,US,36.8945999146,-76.2012023926,America/New_York
KORH,ORH,Worcester Regional Airport,Worcester,US,42.2672996521,-71.8757019043,America/New_York
KORL,ORL,Orlando Executive Airport,Orlando,US,28.5454998016,-81.332901001,America/New_York
KORS,ESD,Orcas Island Airport,Eastsound,US,48.7081985474,-122.910003662,America/Los_Angeles
KOSA,MPS,Mount Pleasant Regional Airport,Mount Pleasant,US,33.09550095,-94.96150208,America/Chicago
KOSC,OSC,Oscoda Wurtsmith Airport,Oscoda,US,44.45159912,-83.39409637,America/Detroit
KOSH,OSH,Wittman Regional Airport,Oshkosh,US,43.9844017029,-88.5569992065,America/Chicago
KOSU,OSU,Ohio State University Airport,Columbus,US,40.0797996521,-83.0729980469,America/New_York
KOSX,OSX,Kosciusko Attala County Airport,Kosciusko,US,33.0903015137,-89.5419998169,America/Chicago
KOTG,OTG,Worthington Municipal Airport,Worthington,US,43.6551017761,-95.5792007446,America/Chicago
KOTH,OTH,Southwest Oregon Regional Airport,North Bend,US,43.417098999,-124.2460021973,America/Los_Angeles
KOTM,OTM,Ottumwa Regional Airport,Ottumwa,US,41.10660172,-92.44789886,America/Chicago
KOUN,OUN,University of Oklahoma Westheimer Airport,Norman,US,35.2456016541,-97.4720993042,America/Chicago
KOVE,OVE,Oroville Municipal Airport,Oroville,US,39.4878005981,-121.6220016479,America/Los_Angeles
KOWA,OWA,Owatonna Degner Regional Airport,Owatonna,US,44.12340164,-93.26059723,America/Chicago
KOWB,OWB,Owensboro Daviess County Airport,Owensboro,US,37.74010086,-87.16680145,America/Chicago
KOWD,OWD,Norwood Memorial Airport,Norwood,US,42.1904983521,-71.1728973389,America/New_York
KOWK,OWK,Central Maine Arpt of Norridgewock Airport,Norridgewock,US,44.71549988,-69.86650085,America/New_York
KOXB,OCE,Ocean City Municipal Airport,Ocean City,US,38.3103981018,-75.1240005493,America/New_York
KOXC,OXC,Waterbury Oxford Airport,Oxford,US,41.4785995483,-73.1352005005,America/New_York
KOXD,OXD,Miami University Airport,Oxford,US,39.50230026,-84.78440094,America/New_York
KOXR,OXR,Oxnard Airport,Oxnard,US,34.2008018494,-119.2070007324,America/Los_Angeles
KOYM,STQ,St Marys Municipal Airport,St Marys,US,41.4124984741,-78.5026016235,America/New_York
KOZA,OZA,Ozona Municipal Airport,Ozona,US,30.7353000641,-101.2030029297,America/Chicago
KOZR,OZR,Cairns AAF (Fort Rucker) Air Field,Fort Rucker/Ozark,US,31.27569962,-85.71340179,America/Chicago
KP04,BSQ,Bisbee Municipal Airport,Bisbee,US,31.3640003204,-109.883003235,America/Hermosillo
KP14,HBK,Holbrook Municipal Airport,Holbrook,US,34.940700531,-110.138000488,America/Phoenix
KP33,CWX,Cochise County Airport,Willcox,US,32.24539948,-109.8949966,America/Phoenix
KPAE,PAE,Snohomish County (Paine Field) Airport,Everett,US,47.90629959,-122.2819977,America/Los_Angeles
KPAH,PAH,Barkley Regional Airport,Paducah,US,37.060798645,-88.7738037109,America/Chicago
KPAM,PAM,Tyndall Air Force Base,Panama City,US,30.0695991516,-85.5754013062,America/Chicago
KPAN,PJB,Payson Airport,Payson,US,34.2568016052,-111.3389968872,America/Phoenix
KPAO,PAO,Palo Alto Airport of Santa Clara County,Palo Alto,US,37.461101532,-122.1149978638,America/Los_Angeles
KPBF,PBF,Grider Field,Pine Bluff,US,34.1730995178,-91.9356002808,America/Chicago
KPBG,PBG,Plattsburgh International Airport,Plattsburgh,US,44.6509017944,-73.4681015015,America/New_York
KPBI,PBI,Palm Beach International Airport,West Palm Beach,US,26.6832008362,-80.0955963135,America/New_York
KPBX,PVL,Pike County-Hatcher Field,Pikeville,US,37.5617981,-82.56639862,America/New_York
KPDC,PCD,Prairie Du Chien Municipal Airport,Prairie Du Chien,US,43.0192985535,-91.1237030029,America/Chicago
KPDK,PDK,DeKalb Peachtree Airport,Atlanta,US,33.8755989075,-84.3020019531,America/New_York
KPDT,PDT,Eastern Oregon Regional At Pendleton Airport,Pendleton,US,45.695098877,-118.841003418,America/Los_Angeles
KPDX,PDX,Portland International Airport,Portland,US,45.58869934,-122.5979996,America/Los_Angeles
KPEQ,PEQ,Pecos Municipal Airport,Pecos,US,31.3824005127,-103.5110015869,America/Chicago
KPFC,PFC,Pacific City State Airport,Pacific City,US,45.199798584,-123.961997986,America/Los_Angeles
KPFN,PFN,Panama City-Bay Co International Airport,Panama City,US,30.2120990753,-85.682800293,America/Chicago
KPGA,PGA,Page Municipal Airport,Page,US,36.92610168,-111.447998,America/Phoenix
KPGD,PGD,Punta Gorda Airport,Punta Gorda,US,26.92020035,-81.9905014,America/New_York
KPGR,PGR,Kirk Field,Paragould,US,36.06290054,-90.50779724,America/Chicago
KPGV,PGV,Pitt Greenville Airport,Greenville,US,35.6352005,-77.38529968,America/New_York
KPHD,PHD,Harry Clever Field,New Philadelphia,US,40.4709014893,-81.4197006226,America/New_York
KPHF,PHF,Newport News Williamsburg International Airport,Newport News,US,37.13190079,-76.49299622,America/New_York
KPHH,ADR,Robert F Swinnie Airport,Andrews,US,33.4516983032,-79.5261993408,America/New_York
KPHK,PHK,Palm Beach Co Glades Airport,Pahokee,US,26.78499985,-80.69339752,America/New_York
KPHL,PHL,Philadelphia International Airport,Philadelphia,US,39.8718986511,-75.2410964966,America/New_York
KPHN,PHN,St Clair County International Airport,Port Huron,US,42.9109993,-82.52890015,America/Detroit
KPHP,PHP,Philip Airport,Philip,US,44.0485992432,-101.5989990234,America/Denver
KPHT,PHT,Henry County Airport,Paris,US,36.3381996155,-88.3828964233,America/Chicago
KPHX,PHX,Phoenix Sky Harbor International Airport,Phoenix,US,33.434299469,-112.0120010376,America/Phoenix
KPIA,PIA,Greater Peoria Regional Airport,Peoria,US,40.6641998291,-89.6932983398,America/Chicago
KPIB,PIB,Hattiesburg Laurel Regional Airport,Hattiesburg/Laurel,US,31.4671001434,-89.337097168,America/Chicago
KPIE,PIE,St Petersburg Clearwater International Airport,St Petersburg-Clearwater,US,27.91020012,-82.68740082,America/New_York
KPIH,PIH,Pocatello Regional Airport,Pocatello,US,42.9098014832,-112.5960006714,America/Boise
KPIM,PIM,Harris County Airport,Pine Mountain,US,32.8406982422,-84.8824005127,America/New_York
KPIR,PIR,Pierre Regional Airport,Pierre,US,44.38270187,-100.2860031,America/Chicago
KPIT,PIT,Pittsburgh International Airport,Pittsburgh,US,40.49150085,-80.23290253,America/New_York
KPKB,PKB,Mid Ohio Valley Regional Airport,Parkersburg,US,39.3451004028,-81.439201355,America/New_York
KPKD,PKD,Park Rapids Municipal Konshok Field,Park Rapids,US,46.90060043,-95.07309723,America/Chicago
KPKF,PKF,Park Falls Municipal Airport,Park Falls,US,45.9550018311,-90.4244003296,America/Chicago
KPLK,PLK,M. Graham Clark-Taney County Airport,Point Lookout,US,36.62590027,-93.22889709,America/Chicago
KPLN,PLN,Pellston Regional Airport of Emmet County Airport,Pellston,US,45.57089996,-84.79669952,America/Detroit
KPLR,PLR,St Clair County Airport,Pell City,US,33.5587997437,-86.2490997314,America/Chicago
KPMB,PMB,Pembina Municipal Airport,Pembina,US,48.9425010681,-97.2407989502,America/Chicago
KPMD,PMD,Palmdale Regional/USAF Plant 42 Airport,Palmdale,US,34.62939835,-118.0849991,America/Los_Angeles
KPMH,PMH,Greater Portsmouth Regional Airport,Portsmouth,US,38.8404998779,-82.8472976685,America/New_York
KPMP,PPM,Pompano Beach Airpark,Pompano Beach,US,26.2471008301,-80.1110992432,America/New_York
KPNA,PWY,Ralph Wenz Field,Pinedale,US,42.79550171,-109.8069992,America/Denver
KPNC,PNC,Ponca City Regional Airport,Ponca City,US,36.73199844,-97.09980011,America/Chicago
KPNE,PNE,Northeast Philadelphia Airport,Philadelphia,US,40.08190155,-75.01059723,America/New_York
KPNN,PNN,Princeton Municipal Airport,Princeton,US,45.2006988525,-67.5643997192,America/New_York
KPNS,PNS,Pensacola Regional Airport,Pensacola,US,30.473400116,-87.1865997314,America/Chicago
KPOB,POB,Pope Air Force Base,Fayetteville,US,35.1708984375,-79.014503479,America/New_York
KPOC,POC,Brackett Field,La Verne,US,34.0915985107,-117.7819976807,America/Los_Angeles
KPOE,POE,Polk Army Air Field,Fort Polk,US,31.0447998,-93.1917038,America/Chicago
KPOF,POF,Poplar Bluff Regional Business Airport,Poplar Bluff,US,36.7738990784,-90.3248977661,America/Chicago
KPOH,POH,Pocahontas Municipal Airport,Pocahontas,US,42.74280167,-94.64730072,America/Chicago
KPOU,POU,Hudson Valley Regional Airport,Poughkeepsie,US,41.6265983582,-73.8842010498,America/New_York
KPOY,POY,Powell Municipal Airport,Powell,US,44.8671989441,-108.7929992676,America/Denver
KPPA,PPA,Perry Lefors Field,Pampa,US,35.6129989624,-100.9960021973,America/Chicago
KPPF,PPF,Tri City Airport,Parsons,US,37.32989883,-95.5062027,America/Chicago
KPPO,LPO,La Porte Municipal Airport,La Porte,US,41.5724983215,-86.7344970703,America/Chicago
KPQI,PQI,Presque Isle International Airport,Presque Isle,US,46.68899918,-68.0447998,America/New_York
KPQL,PGL,Trent Lott International Airport,Pascagoula,US,30.4627990723,-88.5291976929,America/Chicago
KPRB,PRB,Paso Robles Municipal Airport,Paso Robles,US,35.67290115,-120.6269989,America/Los_Angeles
KPRC,PRC,Ernest A. Love Field,Prescott,US,34.65449905,-112.4199982,America/Phoenix
KPRO,PRO,Perry Municipal Airport,Perry,US,41.82799911,-94.15989685,America/Chicago
KPRX,PRX,Cox Field,Paris,US,33.6366004944,-95.4507980347,America/Chicago
KPSB,PSB,Mid State Airport,Philipsburg,US,40.8843994141,-78.0873031616,America/New_York
KPSC,PSC,Tri Cities Airport,Pasco,US,46.2647018433,-119.1190032959,America/Los_Angeles
KPSF,PSF,Pittsfield Municipal Airport,Pittsfield,US,42.4267997742,-73.2929000854,America/New_York
KPSK,PSK,New River Valley Airport,Dublin,US,37.137298584,-80.6784973145,America/New_York
KPSM,PSM,Portsmouth International at Pease Airport,Portsmouth,US,43.0778999329,-70.8233032227,America/New_York
KPSN,PSN,Palestine Municipal Airport,Palestine,US,31.7796993256,-95.7062988281,America/Chicago
KPSO,PGO,Stevens Field,Pagosa Springs,US,37.28630066,-107.0559998,America/Denver
KPSP,PSP,Palm Springs International Airport,Palm Springs,US,33.82970047,-116.5070037842,America/Los_Angeles
KPSX,PSX,Palacios Municipal Airport,Palacios,US,28.7275009155,-96.2509994507,America/Chicago
KPTB,PTB,Dinwiddie County Airport,Petersburg,US,37.1837997437,-77.5074005127,America/New_York
KPTK,PTK,Oakland County International Airport,Pontiac,US,42.6655006409,-83.4200973511,America/Detroit
KPTN,PTN,Harry P Williams Memorial Airport,Patterson,US,29.7094993591,-91.3389968872,America/Chicago
KPTS,PTS,Atkinson Municipal Airport,Pittsburg,US,37.4495010376,-94.7311019897,America/Chicago
KPTT,PTT,Pratt Industrial Airport,Pratt,US,37.70159912,-98.74690247,America/Chicago
KPTV,PTV,Porterville Municipal Airport,Porterville,US,36.0295982361,-119.06300354,America/Los_Angeles
KPTW,PTW,Heritage Field,Pottstown,US,40.2396011353,-75.5567016602,America/New_York
KPUB,PUB,Pueblo Memorial Airport,Pueblo,US,38.289100647,-104.4970016479,America/Denver
KPUC,PUC,Carbon County Regional/Buck Davis Field,Price,US,39.61389923,-110.7509995,America/Denver
KPUW,PUW,Pullman Moscow Regional Airport,Pullman/Moscow,US,46.7439002991,-117.1100006104,America/Los_Angeles
KPVC,PVC,Provincetown Municipal Airport,Provincetown,US,42.0718994141,-70.2213973999,America/New_York
KPVD,PVD,Rhode Island TF Green International Airport,Providence,US,41.7326011658,-71.4204025269,America/New_York
KPVF,PVF,Placerville Airport,Placerville,US,38.7242012024,-120.7529983521,America/Los_Angeles
KPVU,PVU,Provo Municipal Airport,Provo,US,40.2192001343,-111.7229995728,America/Denver
KPVW,PVW,Hale County Airport,Plainview,US,34.1680984497,-101.7170028687,America/Chicago
KPWA,PWA,Wiley Post Airport,Oklahoma City,US,35.53419876,-97.64710236,America/Chicago
KPWD,PWD,Sher Wood Airport,Plentywood,US,48.7902984619,-104.533996582,America/Denver
KPWK,PWK,Chicago Executive Airport,Chicago/Prospect Heights/Wheeling,US,42.114222,-87.901494,America/Chicago
KPWM,PWM,Portland International Jetport Airport,Portland,US,43.64619827,-70.30930328,America/New_York
KPWT,PWT,Bremerton National Airport,Bremerton,US,47.4902000427,-122.7649993896,America/Los_Angeles
KPYM,PYM,Plymouth Municipal Airport,Plymouth,US,41.9090003967,-70.7287979126,America/New_York
KRAC,RAC,John H Batten Airport,Racine,US,42.7606010437,-87.8152008057,America/Chicago
KRAL,RAL,Riverside Municipal Airport,Riverside,US,33.95190048,-117.4449997,America/Los_Angeles
KRAP,RAP,Rapid City Regional Airport,Rapid City,US,44.04529953,-103.0569992065,America/Denver
KRBD,RBD,Dallas Executive Airport,Dallas,US,32.6809005737,-96.8682022095,America/Chicago
KRBG,RBG,Roseburg Regional Airport,Roseburg,US,43.2388000488,-123.3560028076,America/Los_Angeles
KRBL,RBL,Red Bluff Municipal Airport,Red Bluff,US,40.1506996155,-122.2519989014,America/Los_Angeles
KRBW,RBW,Lowcountry Regional Airport,Walterboro,US,32.9210014343,-80.6406021118,America/New_York
KRCA,RCA,Ellsworth Air Force Base,Rapid City,US,44.14500046,-103.1039963,America/Denver
KRCK,RCK,H H Coffield Regional Airport,Rockdale,US,30.6315994263,-96.9897003174,America/Chicago
KRCR,RCR,Fulton County Airport,Rochester,US,41.0656013489,-86.1817016602,America/Indiana/Indianapolis
KRCT,RCT,Nartron Field,Reed City,US,43.9000015259,-85.5167007446,America/Detroit
KRDD,RDD,Redding Municipal Airport,Redding,US,40.50899887,-122.2929993,America/Los_Angeles
KRDG,RDG,Reading Regional Carl A Spaatz Field,Reading,US,40.3785018921,-75.9652023315,America/New_York
KRDM,RDM,Roberts Field,Redmond,US,44.2541008,-121.1500015,America/Los_Angeles
KRDR,RDR,Grand Forks Air Force Base,Grand Forks,US,47.961101532,-97.4011993408,America/Chicago
KRDU,RDU,Raleigh Durham International Airport,Raleigh/Durham,US,35.8776016235,-78.7874984741,America/New_York
KREO,REO,Rome State Airport,Rome,US,42.5777015686,-117.8850021362,America/Boise
KRFD,RFD,Chicago Rockford International Airport,Chicago/Rockford,US,42.195400238,-89.0971984863,America/Chicago
KRFG,RFG,Rooke Field,Refugio,US,28.2936000824,-97.3229980469,America/Chicago
KRHI,RHI,Rhinelander Oneida County Airport,Rhinelander,US,45.6311988831,-89.4674987793,America/Chicago
KRHV,RHV,Reid Hillview of Santa Clara County Airport,San Jose,US,37.332901001,-121.8190002441,America/Los_Angeles
KRIC,RIC,Richmond International Airport,Richmond,US,37.5051994324,-77.3197021484,America/New_York
KRID,RID,Richmond Municipal Airport,Richmond,US,39.7571983337,-84.8427963257,America/Indiana/Indianapolis
KRIF,RIF,Richfield Municipal Airport,Richfield,US,38.7364006042,-112.0989990234,America/Denver
KRIL,RIL,Garfield County Regional Airport,Rifle,US,39.52629852,-107.7269974,America/Denver
KRIR,RIR,Flabob Airport,Riverside/Rubidoux/,US,33.9897003174,-117.4110031128,America/Los_Angeles
KRIV,RIV,March ARB Airport,Riverside,US,33.88069916,-117.2590027,America/Los_Angeles
KRIW,RIW,Central Wyoming Regional Airport,Riverton,US,43.064201355,-108.4599990845,America/Denver
KRKD,RKD,Knox County Regional Airport,Rockland,US,44.06010056,-69.09919739,America/New_York
KRKP,RKP,Aransas County Airport,Rockport,US,28.0867996216,-97.0446014404,America/Chicago
KRKR,RKR,Robert S Kerr Airport,Poteau,US,35.0215988159,-94.6212997437,America/Chicago
KRKS,RKS,Southwest Wyoming Regional Airport,Rock Springs,US,41.59420013,-109.0650024,America/Denver
KRKW,RKW,Rockwood Municipal Airport,Rockwood,US,35.9222984314,-84.6896972656,America/Chicago
KRLD,RLD,Richland Airport,Richland,US,46.3055992126,-119.3040008545,America/Los_Angeles
KRME,RME,Griffiss International Airport,Rome,US,43.23379898,-75.40699768,America/New_York
KRMG,RMG,Richard B Russell Airport,Rome,US,34.3506011963,-85.1579971313,America/New_York
KRNC,RNC,Warren County Memorial Airport,Mc Minnville,US,35.69869995,-85.84380341,America/Chicago
KRND,RND,Randolph Air Force Base,Universal City,US,29.52969933,-98.27890015,America/Chicago
KRNH,RNH,New Richmond Regional Airport,New Richmond,US,45.14830017,-92.5381012,America/Chicago
KRNO,RNO,Reno Tahoe International Airport,Reno,US,39.4990997314,-119.7679977417,America/Los_Angeles
KRNT,RNT,Renton Municipal Airport,Renton,US,47.4930992126,-122.216003418,America/Los_Angeles
KROA,ROA,Roanoke Regional Woodrum Field,Roanoke,US,37.3255004883,-79.975402832,America/New_York
KROC,ROC,Greater Rochester International Airport,Rochester,US,43.1189002991,-77.6724014282,America/New_York
KROG,ROG,Rogers Executive Airport,Rogers,US,36.37229919,-94.10690308,America/Chicago
KROW,ROW,Roswell International Air Center Airport,Roswell,US,33.3016014099,-104.53099823,America/Denver
KROX,ROX,Roseau Municipal Rudy Billberg Field,Roseau,US,48.85599899,-95.6969986,America/Chicago
KRPD,RIE,Rice Lake Regional Carl's Field,Rice Lake,US,45.41899872,-91.77349854,America/Chicago
KRPX,RPX,Roundup Airport,Roundup,US,46.4749984741,-108.5429992676,America/Denver
KRQB,WBR,Roben Hood Airport,Big Rapids,US,43.7225990295,-85.5040969849,America/Detroit
KRQO,RQO,El Reno Regional Airport,El Reno,US,35.47269821,-98.00579834,America/Chicago
KRRL,RRL,Merrill Municipal Airport,Merrill,US,45.1988983154,-89.7128982544,America/Chicago
KRRT,RRT,Warroad International Memorial Field,Warroad,US,48.94139862,-95.3483963,America/Chicago
KRSL,RSL,Russell Municipal Airport,Russell,US,38.8721008301,-98.8117980957,America/Chicago
KRSN,RSN,Ruston Regional Airport,Ruston,US,32.5144004822,-92.5916976929,America/Chicago
KRST,RST,Rochester International Airport,Rochester,US,43.9082984924,-92.5,America/Chicago
KRSW,RSW,Southwest Florida International Airport,Fort Myers,US,26.5361995697,-81.7552032471,America/New_York
KRTN,RTN,Raton Municipal-Crews Field,Raton,US,36.74150085,-104.5019989,America/Denver
KRUQ,SRW,Mid-Carolina Regional Airport,Salisbury,US,35.64590073,-80.52030182,America/New_York
KRUT,RUT,Rutland - Southern Vermont Regional Airport,Rutland,US,43.52939987,-72.94960022,America/New_York
KRVL,RED,Mifflin County Airport,Reedsville,US,40.6773986816,-77.6268005371,America/New_York
KRVS,RVS,Tulsa Riverside Airport,Tulsa,US,36.0396003723,-95.9845962524,America/Chicago
KRWF,RWF,Redwood Falls Municipal Airport,Redwood Falls,US,44.54719925,-95.08229828,America/Chicago
KRWI,RWI,Rocky Mount Wilson Regional Airport,Rocky Mount,US,35.856300354,-77.8918991089,America/New_York
KRWL,RWL,Rawlins Municipal Harvey Field,Rawlins,US,41.80559921,-107.1999969,America/Denver
KRXE,RXE,Rexburg Madison County Airport,Rexburg,US,43.8339004517,-111.805000305,America/Boise
KRZL,RNZ,Jasper County Airport,Rensselaer,US,40.9478988647,-87.1826019287,America/Chicago
KRZZ,RZZ,Halifax County Airport,Roanoke Rapids,US,36.4394989014,-77.7092971802,America/New_York
KS03,AHM,Ashland Municipal Sumner Parker Field,Ashland,US,42.1902999878,-122.661003113,America/Los_Angeles
KS05,BDY,Bandon State Airport,Bandon,US,43.08649826,-124.4079971,America/Los_Angeles
KS21,SUO,Sunriver Airport,Sunriver,US,43.8763008118,-121.45300293,America/Los_Angeles
KS98,VSK,Vista Field,Kennewick,US,46.2186012268,-119.209999084,America/Los_Angeles
KSAA,SAA,Shively Field,Saratoga,US,41.4449005127,-106.8239974976,America/Denver
KSAC,SAC,Sacramento Executive Airport,Sacramento,US,38.5125007629,-121.4929962158,America/Los_Angeles
KSAD,SAD,Safford Regional Airport,Safford,US,32.85480118,-109.6350021,America/Phoenix
KSAF,SAF,Santa Fe Municipal Airport,Santa Fe,US,35.617099762,-106.088996887,America/Denver
KSAN,SAN,San Diego International Airport,San Diego,US,32.7336006165,-117.1900024414,America/Los_Angeles
KSAR,SAR,Sparta Community Hunter Field,Sparta,US,38.1488990784,-89.6986999512,America/Chicago
KSAS,SAS,Salton Sea Airport,Salton City,US,33.2414016724,-115.952003479,America/Los_Angeles
KSAT,SAT,San Antonio International Airport,San Antonio,US,29.533700943,-98.4698028564,America/Chicago
KSAV,SAV,Savannah Hilton Head International Airport,Savannah,US,32.12760162,-81.20210266,America/New_York
KSAW,MQT,Sawyer International Airport,Marquette,US,46.3535995483,-87.395401001,America/Detroit
KSBA,SBA,Santa Barbara Municipal Airport,Santa Barbara,US,34.42620087,-119.8399963,America/Los_Angeles
KSBD,SBD,San Bernardino International Airport,San Bernardino,US,34.0954017639,-117.2350006104,America/Los_Angeles
KSBM,SBM,Sheboygan County Memorial Airport,Sheboygan,US,43.76959991,-87.85140228,America/Chicago
KSBN,SBN,South Bend Regional Airport,South Bend,US,41.7086982727,-86.3172988892,America/Indiana/Indianapolis
KSBP,SBP,San Luis County Regional Airport,San Luis Obispo,US,35.2368011475,-120.641998291,America/Los_Angeles
KSBS,SBS,Steamboat Springs Bob Adams Field,Steamboat Springs,US,40.5163002,-106.8659973,America/Denver
KSBX,SBX,Shelby Airport,Shelby,US,48.5406990051,-111.8710021973,America/Denver
KSBY,SBY,Salisbury Ocean City Wicomico Regional Airport,Salisbury,US,38.3404998779,-75.5102996826,America/New_York
KSCB,SCB,Scribner State Airport,Scribner,US,41.6102981567,-96.6298980713,America/Chicago
KSCH,SCH,Schenectady County Airport,Schenectady,US,42.8525009155,-73.9289016724,America/New_York
KSCK,SCK,Stockton Metropolitan Airport,Stockton,US,37.8941993713,-121.2379989624,America/Los_Angeles
KSDF,SDF,Louisville Muhammad Ali International Airport,Louisville,US,38.1744003296,-85.736000061,America/Kentucky/Louisville
KSDL,SCF,Scottsdale Airport,Scottsdale,US,33.6228981018,-111.9110031128,America/Phoenix
KSDM,SDM,Brown Field Municipal Airport,San Diego,US,32.5722999573,-116.9800033569,America/Los_Angeles
KSDY,SDY,Sidney Richland Municipal Airport,Sidney,US,47.70690155,-104.1930008,America/Denver
KSEA,SEA,Seattle Tacoma International Airport,Seattle,US,47.4490013123,-122.3089981079,America/Los_Angeles
KSEE,SEE,Gillespie Field,San Diego/El Cajon,US,32.8261985779,-116.9720001221,America/Los_Angeles
KSEF,SEF,Sebring Regional Airport,Sebring,US,27.45639992,-81.3423996,America/New_York
KSEG,SEG,Penn Valley Airport,Selinsgrove,US,40.8205986023,-76.863899231,America/New_York
KSEM,SEM,Craig Field,Selma,US,32.3438987732,-86.9878005981,America/Chicago
KSEP,SEP,Stephenville Clark Regional Airport,Stephenville,US,32.2153015137,-98.177696228,America/Chicago
KSER,SER,Freeman Municipal Airport,Seymour,US,38.9235992432,-85.9074020386,America/Indiana/Indianapolis
KSEZ,SDX,Sedona Airport,Sedona,US,34.8485984802,-111.7880020142,America/Phoenix
KSFB,SFB,Orlando Sanford International Airport,Orlando,US,28.7775993347,-81.2375030518,America/New_York
KSFF,SFF,Felts Field,Spokane,US,47.682800293,-117.3229980469,America/Los_Angeles
KSFM,SFM,Sanford Regional Airport,Sanford,US,43.393901825,-70.7080001831,America/New_York
KSFO,SFO,San Francisco International Airport,San Francisco,US,37.6189994812,-122.375,America/Los_Angeles
KSFZ,SFZ,North Central State Airport,Pawtucket,US,41.9207992554,-71.4914016724,America/New_York
KSGF,SGF,Springfield Branson National Airport,Springfield,US,37.24570084,-93.38860321,America/Chicago
KSGH,SGH,Springfield Beckley Municipal Airport,Springfield,US,39.8403015137,-83.8402023315,America/New_York
KSGJ,UST,Northeast Florida Regional Airport,St Augustine,US,29.9591999054,-81.3397979736,America/New_York
KSGR,SGR,Sugar Land Regional Airport,Houston,US,29.6222991943,-95.65650177,America/Chicago
KSGT,SGT,Stuttgart Municipal Airport,Stuttgart,US,34.5994987488,-91.5749969482,America/Chicago
KSGU,SGU,St George Municipal Airport,St George,US,37.0363888889,-113.510305556,America/Denver
KSHD,SHD,Shenandoah Valley Regional Airport,Staunton/Waynesboro/Harrisonburg,US,38.2638015747,-78.8964004517,America/New_York
KSHN,SHN,Sanderson Field,Shelton,US,47.2336006165,-123.1480026245,America/Los_Angeles
KSHR,SHR,Sheridan County Airport,Sheridan,US,44.7691993713,-106.9800033569,America/Denver
KSHV,SHV,Shreveport Regional Airport,Shreveport,US,32.4466018677,-93.8255996704,America/Chicago
KSIK,SIK,Sikeston Memorial Municipal Airport,Sikeston,US,36.8988990784,-89.5617980957,America/Chicago
KSIV,SIV,Sullivan County Airport,Sullivan,US,39.1147003174,-87.4483032227,America/Indiana/Indianapolis
KSIY,SIY,Siskiyou County Airport,Montague,US,41.7813987732,-122.4680023193,America/Los_Angeles
KSJC,SJC,Norman Y. Mineta San Jose International Airport,San Jose,US,37.3625984192,-121.9290008545,America/Los_Angeles
KSJN,SJN,St Johns Industrial Air Park,St Johns,US,34.51860046,-109.3789978,America/Phoenix
KSJT,SJT,San Angelo Regional Mathis Field,San Angelo,US,31.3577003479,-100.4960021973,America/Chicago
KSKA,SKA,Fairchild Air Force Base,Spokane,US,47.6151008606,-117.65599823,America/Los_Angeles
KSKF,SKF,Lackland Air Force Base (Kelly Field Annex) Airport,San Antonio,US,29.38419914,-98.58110046,America/Chicago
KSKX,TSM,Taos Regional Airport,Taos,US,36.45819855,-105.6719971,America/Denver
KSLB,SLB,Storm Lake Municipal Airport,Storm Lake,US,42.5973014832,-95.2406997681,America/Chicago
KSLC,SLC,Salt Lake City International Airport,Salt Lake City,US,40.7883987427,-111.9779968262,America/Denver
KSLE,SLE,McNary Field,Salem,US,44.90950012,-123.0029984,America/Los_Angeles
KSLG,SLG,Smith Field,Siloam Springs,US,36.19189835,-94.48999786,America/Chicago
KSLK,SLK,Adirondack Regional Airport,Saranac Lake,US,44.3852996826,-74.206199646,America/New_York
KSLN,SLN,Salina Municipal Airport,Salina,US,38.7910003662,-97.6521987915,America/Chicago
KSLO,SLO,Salem Leckrone Airport,Salem,US,38.6428985596,-88.9642028809,America/Chicago
KSLR,SLR,Sulphur Springs Municipal Airport,Sulphur Springs,US,33.1598014832,-95.6211013794,America/Chicago
KSMD,SMD,Smith Field,Fort Wayne,US,41.14339828,-85.15280151,America/Indiana/Indianapolis
KSME,SME,Lake Cumberland Regional Airport,Somerset,US,37.0533981323,-84.6158981323,America/New_York
KSMF,SMF,Sacramento International Airport,Sacramento,US,38.695400238,-121.591003418,America/Los_Angeles
KSMN,SMN,Lemhi County Airport,Salmon,US,45.1237983704,-113.8809967041,America/Boise
KSMO,SMO,Santa Monica Municipal Airport,Santa Monica,US,34.0158004761,-118.4509963989,America/Los_Angeles
KSMS,SUM,Sumter Airport,Sumter,US,33.9949989319,-80.3612976074,America/New_York
KSMX,SMX,Santa Maria Pub/Capt G Allan Hancock Field,Santa Maria,US,34.89889908,-120.4570007,America/Los_Angeles
KSNA,SNA,John Wayne Airport-Orange County Airport,Santa Ana,US,33.67570114,-117.8679962,America/Los_Angeles
KSNK,SNK,Winston Field,Snyder,US,32.6934013367,-100.9499969482,America/Chicago
KSNL,SNL,Shawnee Regional Airport,Shawnee,US,35.3578987122,-96.9428024292,America/Chicago
KSNS,SNS,Salinas Municipal Airport,Salinas,US,36.6627998352,-121.6060028076,America/Los_Angeles
KSNY,SNY,Sidney Municipal-Lloyd W Carr Field,Sidney,US,41.10129929,-102.9850006,America/Denver
KSOP,SOP,Moore County Airport,Pinehurst/Southern Pines,US,35.23740005,-79.3911972,America/New_York
KSOW,SOW,Show Low Regional Airport,Show Low,US,34.265499115,-110.005996704,America/Phoenix
KSPA,SPA,Spartanburg Downtown Memorial Airport,Spartanburg,US,34.9156990051,-81.9564971924,America/New_York
KSPF,SPF,Black Hills Clyde Ice Field,Spearfish,US,44.4803009033,-103.7829971313,America/Denver
KSPG,SPG,Albert Whitted Airport,St Petersburg,US,27.7651004791,-82.6269989014,America/New_York
KSPI,SPI,Abraham Lincoln Capital Airport,Springfield,US,39.84410095,-89.67790222,America/Chicago
KSPS,SPS,Sheppard Air Force Base-Wichita Falls Municipal Airport,Wichita Falls,US,33.98880005,-98.49189758,America/Chicago
KSPW,SPW,Spencer Municipal Airport,Spencer,US,43.1655006409,-95.202796936,America/Chicago
KSQI,SQI,Whiteside Co Arpt-Jos H Bittorf field,Sterling/Rockfalls,US,41.74280167,-89.67630005,America/Chicago
KSQL,SQL,San Carlos Airport,San Carlos,US,37.5119018555,-122.25,America/Los_Angeles
KSRC,SRC,Searcy Municipal Airport,Searcy,US,35.21060181,-91.73750305,America/Chicago
KSRQ,SRQ,Sarasota Bradenton International Airport,Sarasota/Bradenton,US,27.3953990936,-82.554397583,America/New_York
KSRR,RUI,Sierra Blanca Regional Airport,Ruidoso,US,33.4627990723,-105.5350036621,America/Denver
KSSC,SSC,Shaw Air Force Base,Sumter,US,33.97269821,-80.47059631,America/New_York
KSSF,SSF,Stinson Municipal Airport,San Antonio,US,29.3369998932,-98.4710998535,America/Chicago
KSSI,SSI,St. Simons Island Airport at McKinnon Field,Brunswick,US,31.15180016,-81.39129639,America/New_York
KSTC,STC,St Cloud Regional Airport,St Cloud,US,45.5466003418,-94.0598983765,America/Chicago
KSTE,STE,Stevens Point Municipal Airport,Stevens Point,US,44.5452003479,-89.5302963257,America/Chicago
KSTJ,STJ,Rosecrans Memorial Airport,St Joseph,US,39.771900177,-94.9096984863,America/Chicago
KSTK,STK,Sterling Municipal Airport,Sterling,US,40.61529922,-103.2649994,America/Denver
KSTL,STL,Lambert St Louis International Airport,St Louis,US,38.7486991882,-90.3700027466,America/Chicago
KSTP,STP,St Paul Downtown Holman Field,St Paul,US,44.9345016479,-93.0599975586,America/Chicago
KSTS,STS,Charles M. Schulz Sonoma County Airport,Santa Rosa,US,38.50899887,-122.8130035,America/Los_Angeles
KSUA,SUA,Witham Field,Stuart,US,27.18169975,-80.22109985,America/New_York
KSUD,SUD,Stroud Municipal Airport,Stroud,US,35.7896003723,-96.6557006836,America/Chicago
KSUE,SUE,Door County Cherryland Airport,Sturgeon Bay,US,44.84370041,-87.42150116,America/Chicago
KSUN,SUN,Friedman Memorial Airport,Hailey,US,43.50439835,-114.2959976,America/Boise
KSUS,SUS,Spirit of St Louis Airport,St Louis,US,38.6621017456,-90.6520004272,America/Chicago
KSUU,SUU,Travis Air Force Base,Fairfield,US,38.2626991272,-121.9270019531,America/Los_Angeles
KSUW,SUW,Richard I Bong Airport,Superior,US,46.6897010803,-92.0947036743,America/Chicago
KSUX,SUX,Sioux Gateway Col. Bud Day Field,Sioux City,US,42.40259933,-96.38439941,America/Chicago
KSVC,SVC,Grant County Airport,Silver City,US,32.6365013123,-108.15599823,America/Denver
KSVE,SVE,Susanville Municipal Airport,Susanville,US,40.3757019043,-120.5729980469,America/Los_Angeles
KSVH,SVH,Statesville Regional Airport,Statesville,US,35.7653007507,-80.9539031982,America/New_York
KSVN,SVN,Hunter Army Air Field,Savannah,US,32.00999832,-81.14569855,America/New_York
KSWF,SWF,Stewart International Airport,Newburgh,US,41.5041007996,-74.1047973633,America/New_York
KSWO,SWO,Stillwater Regional Airport,Stillwater,US,36.1612014771,-97.0857009888,America/Chicago
KSWW,SWW,Avenger Field,Sweetwater,US,32.4673995972,-100.4670028687,America/Chicago
KSYI,SYI,Bomar Field Shelbyville Municipal Airport,Shelbyville,US,35.56010056,-86.44249725,America/Chicago
KSYN,SYN,Stanton Airfield,Stanton,US,44.4754981995,-93.0162963867,America/Chicago
KSYR,SYR,Syracuse Hancock International Airport,Syracuse,US,43.1111984253,-76.106300354,America/New_York
KSYV,SYV,Sylvester Airport,Sylvester,US,31.5585002899,-83.8956985474,America/New_York
KSZL,SZL,Whiteman Air Force Base,Knob Noster,US,38.7303009033,-93.5478973389,America/Chicago
KSZN,SZN,Santa Cruz Island Airport,Santa Barbara,US,34.0606002808,-119.915000916,America/Los_Angeles
KSZP,SZP,Santa Paula Airport,Santa Paula,US,34.34719849,-119.060997,America/Los_Angeles
KTAD,TAD,Perry Stokes Airport,Trinidad,US,37.2593994141,-104.341003418,America/Denver
KTBN,TBN,Waynesville-St. Robert Regional Forney field,Fort Leonard Wood,US,37.74160004,-92.14070129,America/Chicago
KTBR,TBR,Statesboro Bulloch County Airport,Statesboro,US,32.4827003479,-81.7369003296,America/New_York
KTCC,TCC,Tucumcari Municipal Airport,Tucumcari,US,35.182800293,-103.6029968262,America/Denver
KTCL,TCL,Tuscaloosa Regional Airport,Tuscaloosa,US,33.2206001282,-87.6113967896,America/Chicago
KTCM,TCM,McChord Air Force Base,Tacoma,US,47.1376991272,-122.4759979248,America/Los_Angeles
KTCS,TCS,Truth Or Consequences Municipal Airport,Truth Or Consequences,US,33.2369003296,-107.2720031738,America/Denver
KTDO,TDO,Ed Carlson Memorial Field South Lewis County Airport,Toledo,US,46.4771995544,-122.8059997559,America/Los_Angeles
KTDW,TDW,Tradewind Airport,Amarillo,US,35.1698989868,-101.8259963989,America/Chicago
KTDZ,TDZ,Toledo Executive Airport,Toledo,US,41.56489944,-83.4822998,America/New_York
KTEB,TEB,Teterboro Airport,Teterboro,US,40.8501014709,-74.060798645,America/New_York
KTEX,TEX,Telluride Regional Airport,Telluride,US,37.9538002,-107.9079971,America/Denver
KTHA,THA,Tullahoma Regional Arpt/Wm Northern Field,Tullahoma,US,35.38010025,-86.24639893,America/Chicago
KTHM,THM,Thompson Falls Airport,Thompson Falls,US,47.5735015869,-115.28099823,America/Denver
KTHV,THV,York Airport,York,US,39.91699982,-76.8730011,America/New_York
KTIK,TIK,Tinker Air Force Base,Oklahoma City,US,35.4146995544,-97.3865966797,America/Chicago
KTIW,TIW,Tacoma Narrows Airport,Tacoma,US,47.26789856,-122.5780029,America/Los_Angeles
KTIX,TIX,Space Coast Regional Airport,Titusville,US,28.514799118,-80.7992019653,America/New_York
KTKX,KNT,Kennett Memorial Airport,Kennett,US,36.2258987427,-90.0365982056,America/Chicago
KTLH,TLH,Tallahassee Regional Airport,Tallahassee,US,30.3964996338,-84.3503036499,America/New_York
KTLR,TLR,Mefford Field,Tulare,US,36.15629959,-119.3259964,America/Los_Angeles
KTMA,TMA,Henry Tift Myers Airport,Tifton,US,31.4290008545,-83.4885025024,America/New_York
KTMB,TMB,Miami Executive Airport,Miami,US,25.6475637,-80.4332246,America/New_York
KTMK,OTK,Tillamook Airport,Tillamook,US,45.4182014465,-123.814002991,America/Los_Angeles
KTMT,ASQ,Austin Airport,Austin,US,39.4679985046,-117.194999695,America/Los_Angeles
KTNP,TNP,Twentynine Palms Airport,Twentynine Palms,US,34.13159943,-115.9459991,America/Los_Angeles
KTNT,TNT,Dade Collier Training and Transition Airport,Miami,US,25.8617992401,-80.8970031738,America/New_York
KTNU,TNU,Newton Municipal Airport,Newton,US,41.6744003296,-93.021697998,America/Chicago
KTNX,XSD,Tonopah Test Range Airport,Tonopah,US,37.7988014221,-116.78099823,America/Los_Angeles
KTOA,TOA,Zamperini Field,Torrance,US,33.8033981323,-118.3399963379,America/Los_Angeles
KTOC,TOC,Toccoa Rg Letourneau Field,Toccoa,US,34.59379959,-83.29579926,America/New_York
KTOI,TOI,Troy Municipal Airport,Troy,US,31.8603992462,-86.0121002197,America/Chicago
KTOL,TOL,Toledo Express Airport,Toledo,US,41.58679962,-83.80780029,America/New_York
KTOP,TOP,Philip Billard Municipal Airport,Topeka,US,39.0686988831,-95.6224975586,America/Chicago
KTOR,TOR,Torrington Municipal Airport,Torrington,US,42.0644989,-104.1529999,America/Denver
KTPA,TPA,Tampa International Airport,Tampa,US,27.9755001068,-82.533203125,America/New_York
KTPF,TPF,Peter O Knight Airport,Tampa,US,27.915599823,-82.4493026733,America/New_York
KTPH,TPH,Tonopah Airport,Tonopah,US,38.06019974,-117.086998,America/Los_Angeles
KTPL,TPL,Draughon Miller Central Texas Regional Airport,Temple,US,31.1525001526,-97.4077987671,America/Chicago
KTRI,TRI,Tri Cities Regional Tn Va Airport,Bristol/Johnson/Kingsport,US,36.4752006531,-82.4074020386,America/New_York
KTRK,TKF,Truckee Tahoe Airport,Truckee,US,39.3199996948,-120.1399993896,America/Los_Angeles
KTRL,TRL,Terrell Municipal Airport,Terrell,US,32.7092018127,-96.2674026489,America/Chicago
KTRM,TRM,Jacqueline Cochran Regional Airport,Palm Springs,US,33.626701355,-116.1600036621,America/Los_Angeles
KTRX,TRX,Trenton Municipal Airport,Trenton,US,40.08349991,-93.59059906,America/Chicago
KTSP,TSP,Tehachapi Municipal Airport,Tehachapi,US,35.1349983215,-118.4390029907,America/Los_Angeles
KTTD,TTD,Portland Troutdale Airport,Portland,US,45.5494003296,-122.4010009766,America/Los_Angeles
KTTN,TTN,Trenton Mercer Airport,Trenton,US,40.2766990662,-74.8134994507,America/New_York
KTTS,QQS,NASA Shuttle Landing Facility,Merritt Island,US,28.615,-80.6945,America/New_York
KTUL,TUL,Tulsa International Airport,Tulsa,US,36.1983985901,-95.8880996704,America/Chicago
KTUP,TUP,Tupelo Regional Airport,Tupelo,US,34.2681007385,-88.7698974609,America/Chicago
KTUS,TUS,Tucson International Airport,Tucson,US,32.1161003113,-110.9410018921,America/Phoenix
KTVC,TVC,Cherry Capital Airport,Traverse City,US,44.7414016724,-85.5821990967,America/Detroit
KTVF,TVF,Thief River Falls Regional Airport,Thief River Falls,US,48.06570053,-96.18499756,America/Chicago
KTVI,TVI,Thomasville Regional Airport,Thomasville,US,30.901599884,-83.8813018799,America/New_York
KTVL,TVL,Lake Tahoe Airport,South Lake Tahoe,US,38.893901825,-119.9950027466,America/Los_Angeles
KTWF,TWF,Joslin Field Magic Valley Regional Airport,Twin Falls,US,42.48180008,-114.487999,America/Boise
KTXK,TXK,Texarkana Regional Webb Field,Texarkana,US,33.4537010193,-93.9909973145,America/Chicago
KTYL,TYZ,Taylor Airport,Taylor,US,34.45280075,-110.1149979,America/Phoenix
KTYR,TYR,Tyler Pounds Regional Airport,Tyler,US,32.3540992737,-95.4023971558,America/Chicago
KTYS,TYS,McGhee Tyson Airport,Knoxville,US,35.81100082,-83.9940033,America/New_York
KU07,BFG,Bullfrog Basin Airport,Glen Canyon Natl Rec Area,US,37.54579926,-110.7129974,America/Denver
KU34,RVR,Green River Municipal Airport,Green River,US,38.9613990784,-110.226997375,America/Denver
KU70,ICS,Cascade Airport,Cascade,US,44.4938011169,-116.01599884,America/Boise
KUBS,UBS,Columbus Lowndes County Airport,Columbus,US,33.4654006958,-88.3803024292,America/Chicago
KUCY,UCY,Everett-Stewart Regional Airport,Union City,US,36.38180161,-88.98539734,America/Chicago
KUDD,UDD,Bermuda Dunes Airport,Palm Springs,US,33.7484016418,-116.2750015259,America/Los_Angeles
KUES,UES,Waukesha County Airport,Waukesha,US,43.0410003662,-88.2370986938,America/Chicago
KUGN,UGN,Waukegan Regional Airport,Chicago/Waukegan,US,42.4221992493,-87.8678970337,America/Chicago
KUIL,UIL,Quillayute Airport,Quillayute,US,47.9365997314,-124.56300354,America/Los_Angeles
KUIN,UIN,Quincy Regional Baldwin Field,Quincy,US,39.94269943,-91.19460297,America/Chicago
KUKF,IKB,Wilkes County Airport,North Wilkesboro,US,36.2228012085,-81.0982971191,America/New_York
KUKI,UKI,Ukiah Municipal Airport,Ukiah,US,39.1259994507,-123.2009963989,America/Los_Angeles
KUKT,UKT,Quakertown Airport,Quakertown,US,40.4351997375,-75.3818969727,America/New_York
KULM,ULM,New Ulm Municipal Airport,New Ulm,US,44.3195991516,-94.5022964478,America/Chicago
KUNI,ATO,Ohio University Snyder Field,Athens/Albany,US,39.2109985352,-82.2313995361,America/New_York
KUNU,UNU,Dodge County Airport,Juneau,US,43.42660141,-88.70320129,America/Chicago
KUNV,SCE,State College Regional Airport,State College,US,40.8493003845,-77.8487014771,America/New_York
KUOS,UOS,Franklin County Airport,Sewanee,US,35.2051010132,-85.8981018066,America/Chicago
KUOX,UOX,University Oxford Airport,Oxford,US,34.3843002319,-89.5367965698,America/Chicago
KUTA,UTM,Tunica Municipal Airport,Tunica,US,34.6809997559,-90.3467025757,America/Chicago
KUTS,HTV,Huntsville Municipal Airport,Huntsville,US,30.7469005585,-95.5871963501,America/Chicago
KUUU,NPT,Newport State Airport,Newport,US,41.5323982239,-71.28150177,America/New_York
KUVA,UVA,Garner Field,Uvalde,US,29.2112998962,-99.743598938,America/Chicago
KUZA,RKH,Rock Hill York Co Bryant field,Rock Hill,US,34.9878006,-81.05719757,America/New_York
KVAD,VAD,Moody Air Force Base,Valdosta,US,30.9678001404,-83.1930007935,America/New_York
KVAY,LLY,South Jersey Regional Airport,Mount Holly,US,39.9429016113,-74.845703125,America/New_York
KVBG,VBG,Vandenberg Air Force Base,Lompoc,US,34.7373008728,-120.5839996338,America/Los_Angeles
KVCT,VCT,Victoria Regional Airport,Victoria,US,28.8526000977,-96.9185028076,America/Chicago
KVCV,VCV,Southern California Logistics Airport,Victorville,US,34.5974998474,-117.3830032349,America/Los_Angeles
KVDI,VDI,Vidalia Regional Airport,Vidalia,US,32.1926994324,-82.3712005615,America/New_York
KVEL,VEL,Vernal Regional Airport,Vernal,US,40.4408989,-109.5100021,America/Denver
KVGT,VGT,North Las Vegas Airport,Las Vegas,US,36.2107009888,-115.1940002441,America/Los_Angeles
KVHN,VHN,Culberson County Airport,Van Horn,US,31.057800293,-104.783996582,America/Chicago
KVIH,VIH,Rolla National Airport,Rolla/Vichy,US,38.1273994446,-91.7695007324,America/Chicago
KVIS,VIS,Visalia Municipal Airport,Visalia,US,36.3186988831,-119.3929977417,America/Los_Angeles
KVJI,VJI,Virginia Highlands Airport,Abingdon,US,36.6870994568,-82.0333023071,America/New_York
KVKS,VKS,Vicksburg Municipal Airport,Vicksburg,US,32.2392997742,-90.9283981323,America/Chicago
KVKX,VKX,Potomac Airfield,Friendly,US,38.74760056,-76.9571991,America/New_York
KVLA,VLA,Vandalia Municipal Airport,Vandalia,US,38.9915008545,-89.1661987305,America/Chicago
KVLD,VLD,Valdosta Regional Airport,Valdosta,US,30.7824993134,-83.2767028809,America/New_York
KVNC,VNC,Venice Municipal Airport,Venice,US,27.0715999603,-82.4402999878,America/New_York
KVNY,VNY,Van Nuys Airport,Van Nuys,US,34.2098007202,-118.4899978638,America/Los_Angeles
KVOK,VOK,Volk Field,Camp Douglas,US,43.938999176,-90.25340271,America/Chicago
KVPS,VPS,Eglin Air Force Base,Valparaiso,US,30.4832000732,-86.5253982544,America/Chicago
KVPZ,VPZ,Porter County Municipal Airport,Valparaiso,US,41.45399857,-87.00710297,America/Chicago
KVQQ,VQQ,Cecil Field,Jacksonville,US,30.2187004089,-81.876701355,America/New_York
KVRB,VRB,Vero Beach Municipal Airport,Vero Beach,US,27.6555995941,-80.4179000854,America/New_York
KVSF,VSF,Hartness State (Springfield) Airport,Springfield,US,43.34360123,-72.51730347,America/New_York
KVTN,VTN,Miller Field,Valentine,US,42.85779953,-100.5479965,America/Chicago
KVYS,VYS,Illinois Valley Regional-Walter A Duncan field,Peru,US,41.35189819,-89.15309906,America/Chicago
KW99,PGC,Grant County Airport,Petersburg,US,38.99494444,-79.14586111,America/New_York
KWAL,WAL,Wallops Flight Facility Airport,Wallops Island,US,37.9402008057,-75.4664001465,America/New_York
KWAY,WAY,Greene County Airport,Waynesburg,US,39.90010071,-80.13310242,America/New_York
KWBW,WBW,Wilkes Barre Wyoming Valley Airport,Wilkes-Barre,US,41.2971992493,-75.8511962891,America/New_York
KWDG,WDG,Enid Woodring Regional Airport,Enid,US,36.3791999817,-97.7910995483,America/Chicago
KWDR,WDR,Barrow County Airport,Winder,US,33.98289871,-83.66739655,America/New_York
KWHP,WHP,Whiteman Airport,Los Angeles,US,34.2593002319,-118.4130020142,America/Los_Angeles
KWJF,WJF,General WM J Fox Airfield,Lancaster,US,34.74110031,-118.2190018,America/Los_Angeles
KWLD,WLD,Strother Field,Winfield/Arkansas City,US,37.168598175,-97.0375976563,America/Chicago
KWLW,WLW,Willows Glenn County Airport,Willows,US,39.51639938,-122.2180023,America/Los_Angeles
KWMC,WMC,Winnemucca Municipal Airport,Winnemucca,US,40.8965988159,-117.8059997559,America/Los_Angeles
KWRB,WRB,Robins Air Force Base,Warner Robins,US,32.6400985718,-83.5919036865,America/New_York
KWRI,WRI,Mc Guire Air Force Base,Wrightstown,US,40.0155983,-74.59169769,America/New_York
KWRL,WRL,Worland Municipal Airport,Worland,US,43.9656982422,-107.9509963989,America/Denver
KWSD,WSD,Condron Army Air Field,White Sands,US,32.34149933,-106.4029999,America/Denver
KWST,WST,Westerly State Airport,Westerly,US,41.3496017456,-71.8033981323,America/New_York
KWVI,WVI,Watsonville Municipal Airport,Watsonville,US,36.9356994629,-121.7900009155,America/Los_Angeles
KWVL,WVL,Waterville Robert Lafleur Airport,Waterville,US,44.5331993103,-69.6754989624,America/New_York
KWWD,WWD,Cape May County Airport,Wildwood,US,39.0084991455,-74.9083023071,America/New_York
KWWR,WWR,West Woodward Airport,Woodward,US,36.438,-99.5226667,America/Chicago
KWYS,WYS,Yellowstone Airport,West Yellowstone,US,44.68840027,-111.1179962,America/Denver
KXNA,XNA,Northwest Arkansas Regional Airport,Fayetteville/Springdale/,US,36.2818984985,-94.3068008423,America/Chicago
KXWA,XWA,Williston Basin International Airport,Williston,US,48.259722,-103.750556,America/Chicago
KYIP,YIP,Willow Run Airport,Detroit,US,42.23789978,-83.53040314,America/Detroit
KYKM,YKM,Yakima Air Terminal McAllister Field,Yakima,US,46.56819916,-120.5439987,America/Los_Angeles
KYKN,YKN,Chan Gurney Municipal Airport,Yankton,US,42.9166984558,-97.3859024048,America/Chicago
KYNG,YNG,Youngstown Warren Regional Airport,Youngstown/Warren,US,41.26070023,-80.67910004,America/New_York
KZPH,ZPH,Zephyrhills Municipal Airport,Zephyrhills,US,28.2282009125,-82.1558990479,America/New_York
KZZV,ZZV,Zanesville Municipal Airport,Zanesville,US,39.9444007874,-81.8920974731,America/New_York
LAKU,KFZ,Kukes Airport,Kukes,AL,42.0336990356,20.4158992767,Europe/Tirane
LATI,TIA,Tirana International Airport Mother Teresa,Tirana,AL,41.4146995544,19.7206001282,Europe/Tirane
LBBG,BOJ,Burgas Airport,Burgas,BG,42.5695991516,27.5151996613,Europe/Sofia
LBGO,GOZ,Gorna Oryahovitsa Airport,Gorna Oryahovitsa,BG,43.1514015198,25.7129001617,Europe/Sofia
LBHS,HKV,Uzundzhovo Air Base,Haskovo,BG,41.976398468,25.589799881,Europe/Sofia
LBIA,JAM,Bezmer Air Base,Yambol,BG,42.4548988342,26.3521995544,Europe/Sofia
LBPD,PDV,Plovdiv International Airport,Plovdiv,BG,42.0677986145,24.8507995605,Europe/Sofia
LBPL,PVN,Dolna Mitropoliya Air Base,Dolna Mitropoliya,BG,43.4514007568,24.5027999878,Europe/Sofia
LBSF,SOF,Sofia Airport,Sofia,BG,42.6966934204,23.4114360809,Europe/Sofia
LBSS,SLS,Silistra Polkovnik Lambrinovo Airfield,Silistra,BG,44.0551986694,27.1788005829,Europe/Sofia
LBSZ,SZR,Stara Zagora Airport,Stara Zagora,BG,42.376701355,25.6551990509,Europe/Sofia
LBTG,TGV,Bukhovtsi Airfield,Targovishte,BG,43.3065986633,26.7008991241,Europe/Sofia
LBVD,VID,Vidin Smurdan Airfield,Vidin,BG,44.0223999023,22.8160991669,Europe/Sofia
LBWN,VAR,Varna Airport,Varna,BG,43.2321014404,27.8250999451,Europe/Sofia
LCEN,ECN,Ercan International Airport,Nicosia,CY,35.1547012329,33.4961013794,Asia/Famagusta
LCLK,LCA,Larnaca International Airport,Larnarca,CY,34.8750991821,33.6249008179,Asia/Nicosia
LCPH,PFO,Paphos International Airport,Paphos,CY,34.7179985046,32.4856987,Asia/Nicosia
LCRA,AKT,RAF Akrotiri,Unknown,CY,34.5904006958,32.9878997803,Asia/Nicosia
LDDU,DBV,Dubrovnik Airport,Dubrovnik,HR,42.5614013672,18.2681999207,Europe/Zagreb
LDLO,LSZ,Losinj Island Airport,Losinj,HR,44.5657997131,14.3930997849,Europe/Zagreb
LDOS,OSI,Osijek Airport,Osijek,HR,45.4626998901,18.8101997375,Europe/Zagreb
LDPL,PUY,Pula Airport,Pula,HR,44.8935012817,13.9222002029,Europe/Zagreb
LDRI,RJK,Rijeka Airport,Rijeka,HR,45.2168998718,14.5703001022,Europe/Zagreb
LDSB,BWK,Brac Airport,Brac Island,HR,43.2857017517,16.6797008514,Europe/Zagreb
LDSP,SPU,Split Airport,Split,HR,43.538898468,16.2980003357,Europe/Zagreb
LDZA,ZAG,Zagreb Airport,Zagreb,HR,45.7429008484,16.0687999725,Europe/Zagreb
LDZD,ZAD,Zemunik Airport,Zadar,HR,44.1082992554,15.3466997147,Europe/Zagreb
LEAB,ABC,Albacete-Los Llanos Airport,Albacete,ES,38.9485015869,-1.8635200262,Europe/Madrid
LEAL,ALC,Alicante International Airport,Alicante,ES,38.2821998596,-0.5581560135,Europe/Madrid
LEAM,LEI,Almeria International Airport,Almeria,ES,36.8438987732,-2.3701000214,Europe/Madrid
LEAS,OVD,Asturias Airport,Ranon,ES,43.5635986328,-6.0346198082,Europe/Madrid
LEBA,ODB,Cordoba Airport,Cordoba,ES,37.841999054,-4.8488798141,Europe/Madrid
LEBB,BIO,Bilbao Airport,Bilbao,ES,43.3011016846,-2.9106099606,Europe/Madrid
LEBG,RGS,Burgos Airport,Burgos,ES,42.3576011658,-3.620759964,Europe/Madrid
LEBL,BCN,Barcelona International Airport,Barcelona,ES,41.2971000671,2.0784599781,Europe/Madrid
LEBZ,BJZ,Badajoz Airport,Badajoz,ES,38.8913002014,-6.8213300705,Europe/Madrid
LECH,CDT,Castellón–Costa Azahar Airport,Castellón,ES,40.209722,0.069722,Europe/Madrid
LECO,LCG,A Coruna Airport,Culleredo,ES,43.3021011353,-8.3772602081,Europe/Madrid
LECU,ECV,Cuatro Vientos Airport,Madrid,ES,40.3707008362,-3.7851400375,Europe/Madrid
LEDA,ILD,Lleida-Alguaire Airport,Lleida,ES,41.728185,0.535023,Europe/Madrid
LEGE,GRO,Girona Airport,Girona,ES,41.9010009766,2.7605500221,Europe/Madrid
LEGR,GRX,Federico Garcia Lorca Airport,Granada,ES,37.1887016296,-3.7773599625,Europe/Madrid
LEHC,HSK,Huesca/Pirineos Airport,Monflorite/Alcala del Obispo,ES,42.0760993958,-0.3166669905,Europe/Madrid
LEIB,IBZ,Ibiza Airport,Ibiza,ES,38.8728981018,1.3731199503,Europe/Madrid
LEJR,XRY,Jerez Airport,Jerez de la Forntera,ES,36.7445983887,-6.0601100922,Europe/Madrid
LELC,MJV,San Javier Airport,San Javier,ES,37.7750015259,-0.8123890162,Europe/Madrid
LELL,QSA,Sabadell Airport,Sabadell,ES,41.5209007263,2.1050798893,Europe/Madrid
LELN,LEN,Leon Airport,Leon,ES,42.5890007019,-5.6555600166,Europe/Madrid
LELO,RJL,Logrono-Agoncillo Airport,Logrono,ES,42.4609534888,-2.3222351074,Europe/Madrid
LEMD,MAD,Madrid Barajas International Airport,Madrid,ES,40.4936,-3.56676,Europe/Madrid
LEMF,HEV,Mafe - Gibraleon Airport,Gibraleon,ES,37.3642997742,-6.9209399223,Europe/Madrid
LEMG,AGP,Malaga Airport,Malaga,ES,36.6749000549,-4.4991102219,Europe/Madrid
LEMH,MAH,Menorca Airport,Menorca Island,ES,39.8625984192,4.2186498642,Europe/Madrid
LEMI,RMU,Región de Murcia International Airport,Corvera,ES,37.803,-1.125,Europe/Madrid
LEMO,OZP,Moron Air Base,Moron,ES,37.1749000549,-5.615940094,Europe/Madrid
LEPA,PMI,Palma De Mallorca Airport,Palma De Mallorca,ES,39.551700592,2.7388100624,Europe/Madrid
LEPP,PNA,Pamplona Airport,Pamplona,ES,42.7700004578,-1.646329999,Europe/Madrid
LERL,CQM,Ciudad Real Central Airport,Ciudad Real,ES,38.856389,-3.97,Europe/Madrid
LERS,REU,Reus Air Base,Reus,ES,41.1473999023,1.1671700478,Europe/Madrid
LERT,ROZ,Rota Naval Station Airport,Rota,ES,36.645198822,-6.349460125,Europe/Madrid
LESA,SLM,Salamanca Airport,Salamanca,ES,40.9520988464,-5.5019898415,Europe/Madrid
LESO,EAS,San Sebastian Airport,Hondarribia,ES,43.3564987183,-1.7906099558,Europe/Madrid
LEST,SCQ,Santiago de Compostela Airport,Santiago de Compostela,ES,42.8963012695,-8.415140152,Europe/Madrid
LESU,LEU,Aerodrom dels Pirineus-Alt Urgell Airport,Montferrer / Castellbo,ES,42.3386001587,1.4091700315,Europe/Madrid
LETL,TEV,Teruel Airport,Teruel,ES,40.4119444444,-1.2175,Europe/Madrid
LETO,TOJ,Torrejon Airport,Madrid,ES,40.4967002869,-3.4458699226,Europe/Madrid
LEVC,VLC,Valencia Airport,Valencia,ES,39.4892997742,-0.4816249907,Europe/Madrid
LEVD,VLL,Valladolid Airport,Valladolid,ES,41.7061004639,-4.851940155,Europe/Madrid
LEVT,VIT,Vitoria/Foronda Airport,Alava,ES,42.8828010559,-2.7244699001,Europe/Madrid
LEVX,VGO,Vigo Airport,Vigo,ES,42.2318000793,-8.6267700195,Europe/Madrid
LEXJ,SDR,Santander Airport,Santander,ES,43.4271011353,-3.8200099468,Europe/Madrid
LEZG,ZAZ,Zaragoza Air Base,Zaragoza,ES,41.6661987305,-1.0415500402,Europe/Madrid
LEZL,SVQ,Sevilla Airport,Sevilla,ES,37.4179992676,-5.8931097984,Europe/Madrid
LFAB,DPE,St Aubin Airport,Dieppe,FR,49.8824996948,1.0852799416,Europe/Paris
LFAC,CQF,Calais-Dunkerque Airport,Marck,FR,50.9621009827,1.9547599554,Europe/Paris
LFAD,XCP,Compiegne Margny Airport,Compiegne,FR,49.4343986511,2.8061099052,Europe/Paris
LFAF,XLN,Laon - Chambry Airport,Laon-Chambry,FR,49.5957984924,3.6316699982,Europe/Paris
LFAG,XSJ,Peronne-Saint-Quentin Airport,Peronne/Saint-Quentin,FR,49.8684997559,3.0295801163,Europe/Paris
LFAK,XDK,Dunkerque Les Moeres Airport,Les Moeres,FR,51.040599823,2.5502800941,Europe/Brussels
LFAQ,BYF,Albert-Bray Airport,Albert/Bray,FR,49.9715003967,2.6976599693,Europe/Paris
LFAT,LTQ,Le Touquet-Cote d'Opale Airport,Le Touquet-Paris-Plage,FR,50.5173988342,1.6205899715,Europe/Paris
LFAV,XVS,Valenciennes-Denain Airport,Valenciennes/Denain,FR,50.3258018494,3.4612600803,Europe/Paris
LFAY,QAM,Amiens-Glisy Airport,Amiens/Glisy,FR,49.8730010986,2.3870699406,Europe/Paris
LFBA,AGF,Agen-La Garenne Airport,Agen/La Garenne,FR,44.1747016907,0.5905560255,Europe/Paris
LFBD,BOD,Bordeaux-Merignac (BA 106) Airport,Bordeaux/Merignac,FR,44.8283004761,-0.7155560255,Europe/Paris
LFBE,EGC,Bergerac-Roumaniere Airport,Bergerac/Roumaniere,FR,44.8252983093,0.5186110139,Europe/Paris
LFBG,CNG,Cognac-Chateaubernard (BA 709) Air Base,Cognac/Chateaubernard,FR,45.6582984924,-0.3174999952,Europe/Paris
LFBH,LRH,La Rochelle-Ile de Re Airport,La Rochelle/Ile de Re,FR,46.1791992188,-1.1952799559,Europe/Paris
LFBI,PIS,Poitiers-Biard Airport,Poitiers/Biard,FR,46.5876998901,0.3066659868,Europe/Paris
LFBK,MCU,Montlucon-Gueret Airport,Montlucon/Gueret,FR,46.2225990295,2.3639600277,Europe/Paris
LFBL,LIG,Limoges Airport,Limoges/Bellegarde,FR,45.8628005981,1.1794400215,Europe/Paris
LFBM,XMJ,Mont-de-Marsan (BA 118) Air Base,Mont-de-Marsan,FR,43.9117012024,-0.5074999928,Europe/Paris
LFBN,NIT,Niort-Souche Airport,Niort/Souche,FR,46.3112983704,-0.4015029967,Europe/Paris
LFBO,TLS,Toulouse-Blagnac Airport,Toulouse/Blagnac,FR,43.6291007996,1.3638199568,Europe/Paris
LFBP,PUF,Pau Pyrenees Airport,Pau/Pyrenees (Uzein),FR,43.3800010681,-0.41861099,Europe/Paris
LFBT,LDE,Tarbes-Lourdes-Pyrenees Airport,Tarbes/Lourdes/Pyrenees,FR,43.1786994934,-0.0064389999,Europe/Paris
LFBU,ANG,Angouleme-Brie-Champniers Airport,Angouleme/Brie/Champniers,FR,45.7291984558,0.2214560062,Europe/Paris
LFBX,PGX,Perigueux-Bassillac Airport,Perigueux/Bassillac,FR,45.1981010437,0.8155559897,Europe/Paris
LFBY,XDA,Dax Seyresse Airport,Perigueux,FR,43.689201355,-1.0688899755,Europe/Paris
LFBZ,BIQ,Biarritz-Anglet-Bayonne Airport,Biarritz/Anglet/Bayonne,FR,43.4683990479,-1.5233199596,Europe/Paris
LFCA,XCX,Chatellerault Airport,Biarritz,FR,46.7813987732,0.5519440174,Europe/Paris
LFCC,ZAO,Cahors-Lalbenque Airport,Cahors/Lalbenque,FR,44.351398468,1.4752800465,Europe/Paris
LFCE,XGT,Gueret St Laurent Airport,Cahors,FR,46.1791992188,1.9583300352,Europe/Paris
LFCH,XAC,Arcachon-La Teste-de-Buch Airport,Arcachon/La Teste-de-Buch,FR,44.5964012146,-1.1108299494,Europe/Paris
LFCI,LBI,Albi-Le Sequestre Airport,Albi/Le Sequestre,FR,43.913898468,2.1130599976,Europe/Paris
LFCK,DCM,Castres-Mazamet Airport,Castres/Mazamet,FR,43.5563011169,2.2891800404,Europe/Paris
LFCR,RDZ,Rodez-Marcillac Airport,Rodez/Marcillac,FR,44.4079017639,2.4826700687,Europe/Paris
LFCY,RYN,Royan-Medis Airport,Royan/Medis,FR,45.6281013489,-0.9725000262,Europe/Paris
LFDB,XMW,Montauban Airport,Montauban,FR,44.0256996155,1.3780399561,Europe/Paris
LFDI,XLR,Libourne-Artigues-de-Lussac Airport,Libourne/Artigues-de-Lussac,FR,44.9824981689,-0.1347219944,Europe/Paris
LFDN,RCO,Rochefort-Saint-Agnant (BA 721) Airport,Rochefort/Saint-Agnant,FR,45.8877983093,-0.9830560088,Europe/Paris
LFDS,XSL,Sarlat Domme Airport,Rochefort,FR,44.7933006287,1.2447199821,Europe/Paris
LFDT,XTB,Tarbes Laloubere Airport,Rochefort,FR,43.2160987854,0.0786110014,Europe/Paris
LFEY,IDY,Ile d'Yeu Airport,Ile d'Yeu,FR,46.7186012268,-2.3911099434,Europe/Paris
LFGA,CMR,Colmar-Houssen Airport,Colmar/Houssen,FR,48.1099014282,7.3590102196,Europe/Paris
LFGF,XBV,Beaune-Challanges Airport,Beaune/Challanges,FR,47.0059013367,4.8934202194,Europe/Paris
LFGJ,DLE,Dole-Tavaux Airport,Dole/Tavaux,FR,47.0390014648,5.4272499084,Europe/Paris
LFGW,XVN,Verdun-Le Rozelier Airport,Verdun/Le Rozelier,FR,49.1223983765,5.4690499306,Europe/Paris
LFHM,MVV,Megeve Airport,Verdun,FR,45.8208007813,6.6522197723,Europe/Paris
LFHO,OBS,Aubenas-Ardeche Meridional Airport,Aubenas/Ardeche Meridional,FR,44.5442008972,4.3721899986,Europe/Paris
LFHP,LPY,Le Puy-Loudes Airport,Le Puy/Loudes,FR,45.0806999207,3.7628901005,Europe/Paris
LFHS,XBK,Bourg-Ceyzeriat Airport,Bourg/Ceyzeriat,FR,46.2009010315,5.2920298576,Europe/Paris
LFHU,AHZ,L'alpe D'huez Airport,Bourg,FR,45.0882987976,6.0847201347,Europe/Paris
LFHV,XVF,Villefranche-Tarare Airport,Villefranche/Tarare,FR,45.919983,4.634931,Europe/Paris
LFHY,XMU,Moulins-Montbeugny Airport,Moulins/Montbeugny,FR,46.5345993042,3.423719883,Europe/Paris
LFJL,ETZ,Metz-Nancy-Lorraine Airport,Metz / Nancy,FR,48.9821014404,6.2513198853,Europe/Paris
LFJR,ANE,Angers-Loire Airport,Angers/Marce,FR,47.5602989197,-0.3122220039,Europe/Paris
LFKA,XAV,Albertville Airport,Angers,FR,45.6272010803,6.3297200203,Europe/Paris
LFKB,BIA,Bastia-Poretta Airport,Bastia/Poretta,FR,42.5527000427,9.4837303162,Europe/Paris
LFKC,CLY,Calvi-Sainte-Catherine Airport,Calvi/Sainte-Catherine,FR,42.5307998657,8.7931900024,Europe/Paris
LFKF,FSC,Figari Sud-Corse Airport,Figari Sud-Corse,FR,41.5005989075,9.0977802277,Europe/Paris
LFKJ,AJA,Ajaccio-Napoleon Bonaparte Airport,Ajaccio/Napoleon Bonaparte,FR,41.9235992432,8.8029203415,Europe/Paris
LFKO,PRP,Propriano Airport,Propriano,FR,41.6605987549,8.889749527,Europe/Paris
LFKS,SOZ,Solenzara (BA 126) Air Base,Solenzara,FR,41.9244003296,9.4060001373,Europe/Paris
LFKX,MFX,Meribel Airport,Ajaccio,FR,45.4068984985,6.5805602074,Europe/Paris
LFLA,AUF,Auxerre-Branches Airport,Auxerre/Branches,FR,47.8502006531,3.49710989,Europe/Paris
LFLB,CMF,Chambery-Savoie Airport,Chambery/Aix-les-Bains,FR,45.6380996704,5.88022995,Europe/Paris
LFLC,CFE,Clermont-Ferrand Auvergne Airport,Clermont-Ferrand/Auvergne,FR,45.7867012024,3.1691699028,Europe/Paris
LFLD,BOU,Bourges Airport,Bourges,FR,47.0581016541,2.3702800274,Europe/Paris
LFLH,XCD,Chalon-Champforgeuil Airport,Chalon/Champforgueil,FR,46.8260993958,4.8176298141,Europe/Paris
LFLI,QNJ,Annemasse Airport,Annemasse,FR,46.1920013428,6.2683901787,Europe/Paris
LFLJ,CVF,Courchevel Airport,Courcheval,FR,45.3967018127,6.6347198486,Europe/Paris
LFLL,LYS,Lyon Saint-Exupery Airport,Lyon,FR,45.726398468,5.0908298492,Europe/Paris
LFLM,QNX,Macon-Charnay Airport,Macon/Charnay,FR,46.2951011658,4.7957701683,Europe/Paris
LFLN,SYT,Saint-Yan Airport,Saint-Yan,FR,46.4124984741,4.0132598877,Europe/Paris
LFLO,RNE,Roanne-Renaison Airport,Roanne/Renaison,FR,46.0583000183,4.0013899803,Europe/Paris
LFLP,NCY,Annecy-Haute-Savoie-Mont Blanc Airport,Annecy/Meythet,FR,45.9291992188,6.098760128,Europe/Paris
LFLQ,XMK,Montelimar - Ancone Airport,Annecy,FR,44.5835990906,4.7405600548,Europe/Paris
LFLS,GNB,Grenoble-Isere Airport,Grenoble/Saint-Geoirs,FR,45.3628997803,5.3293700218,Europe/Paris
LFLU,VAF,Valence-Chabeuil Airport,Valence/Chabeuil,FR,44.9216003418,4.9699001312,Europe/Paris
LFLV,VHY,Vichy-Charmeil Airport,Vichy/Charmeil,FR,46.1697006226,3.4037399292,Europe/Paris
LFLW,AUR,Aurillac Airport,Aurillac,FR,44.8913993835,2.4219400883,Europe/Paris
LFLX,CHR,Chateauroux-Deols Marcel Dassault Airport,Chateauroux/Deols,FR,46.8622016907,1.7306699753,Europe/Paris
LFLY,LYN,Lyon-Bron Airport,Lyon/Bron,FR,45.7271995544,4.944270134,Europe/Paris
LFMA,QXB,Aix-en-Provence (BA 114) Airport,Lyon,FR,43.5055999756,5.3677802086,Europe/Paris
LFMD,CEQ,Cannes-Mandelieu Airport,Cannes/Mandelieu,FR,43.5419998169,6.9534797668,Europe/Paris
LFMH,EBU,Saint-Etienne-Boutheon Airport,Saint-Etienne/Boutheon,FR,45.540599823,4.2963900566,Europe/Paris
LFMI,QIE,Istres Le Tube/Istres Air Base (BA 125) Airport,Istres/Le Tube,FR,43.5227012634,4.9238400459,Europe/Paris
LFMK,CCF,Carcassonne Airport,Carcassonne/Salvaza,FR,43.2159996033,2.306319952,Europe/Paris
LFML,MRS,Marseille Provence Airport,Marseille,FR,43.439271922,5.2214241028,Europe/Paris
LFMN,NCE,Nice-Cote d'Azur Airport,Nice,FR,43.6584014893,7.2158699036,Europe/Paris
LFMO,XOG,Orange-Caritat (BA 115) Air Base,Orange/Caritat,FR,44.140499115,4.8667201996,Europe/Paris
LFMP,PGF,Perpignan-Rivesaltes (Llabanere) Airport,Perpignan/Rivesaltes,FR,42.740398407,2.8706700802,Europe/Paris
LFMQ,CTT,Le Castellet Airport,Le Castellet,FR,43.2524986267,5.7851901054,Europe/Paris
LFMR,BAE,Barcelonnette - Saint-Pons Airport,Le Castellet,FR,44.3883018494,6.6102800369,Europe/Paris
LFMS,XAS,Ales-Deaux Airport,Ales/Deaux,FR,44.0696983337,4.1421198845,Europe/Paris
LFMT,MPL,Montpellier-Mediterranee Airport,Montpellier/Mediterranee,FR,43.5761985779,3.9630100727,Europe/Paris
LFMU,BZR,Beziers-Vias Airport,Beziers/Vias,FR,43.3235015869,3.3538999557,Europe/Paris
LFMV,AVN,Avignon-Caumont Airport,Avignon/Caumont,FR,43.9072990417,4.9018301964,Europe/Paris
LFNA,GAT,Gap - Tallard Airport,Avignon,FR,44.4550018311,6.037779808,Europe/Paris
LFNB,MEN,Mende-Brenoux Airport,Mende/Brenoux,FR,44.5021018982,3.5328199863,Europe/Paris
LFNC,SCP,Mont-Dauphin - St-Crepin Airport,Mende,FR,44.7016983032,6.600279808,Europe/Paris
LFOB,BVA,Paris Beauvais Tille Airport,Beauvais/Tille,FR,49.4543991089,2.1127800941,Europe/Paris
LFOD,XSU,Saumur-Saint-Florent Airport,Saumur/Saint-Florent,FR,47.2568016052,-0.1151420027,Europe/Paris
LFOE,EVX,Evreux-Fauville (BA 105) Air Base,Evreux/Fauville,FR,49.0287017822,1.2198599577,Europe/Paris
LFOF,XAN,Alencon Valframbert Airport,Evreux,FR,48.4474983215,0.1091670021,Europe/Paris
LFOH,LEH,Le Havre Octeville Airport,Le Havre/Octeville,FR,49.5339012146,0.0880559981,Europe/Paris
LFOI,XAB,Abbeville-Buigny-Saint-Maclou Airport,Abbeville (Buigny/Saint-Maclou),FR,50.1435012817,1.831889987,Europe/Paris
LFOK,XCR,Chalons-Vatry Air Base,Chalons/Vatry,FR,48.7761001587,4.1844902039,Europe/Paris
LFOO,LSO,Les Sables-d'Olonne Talmont Airport,Les Sables-d'Olonne,FR,46.4768981934,-1.7227799892,Europe/Paris
LFOP,URO,Rouen Airport,Rouen/Vallee de Seine,FR,49.3842010498,1.1748000383,Europe/Paris
LFOQ,XBQ,Blois-Le Breuil Airport,Blois/Le Breuil,FR,47.6785011292,1.2088400126,Europe/Paris
LFOR,QTJ,Chartres Champhol Airport,Blois,FR,48.4589004517,1.5238900185,Europe/Paris
LFOT,TUF,Tours-Val-de-Loire Airport,Tours/Val de Loire (Loire Valley),FR,47.4322013855,0.7276059985,Europe/Paris
LFOU,CET,Cholet Le Pontreau Airport,Cholet/Le Pontreau,FR,47.0820999146,-0.8770639896,Europe/Paris
LFOV,LVA,Laval-Entrammes Airport,Laval/Entrammes,FR,48.0313987732,-0.7429860234,Europe/Paris
LFOZ,ORE,Orleans-Saint-Denis-de-l'Hotel Airport,Orleans/Saint-Denis-de-l'Hotel,FR,47.896900177,2.1633300781,Europe/Paris
LFPB,LBG,Paris-Le Bourget Airport,Paris,FR,48.9693984985,2.4413900375,Europe/Paris
LFPC,CSF,Creil Air Base,Creil,FR,49.2535018921,2.5191400051,Europe/Paris
LFPG,CDG,Charles de Gaulle International Airport,Paris,FR,49.0127983093,2.5499999523,Europe/Paris
LFPN,TNF,Toussus-le-Noble Airport,Toussus-le-Noble,FR,48.7518997192,2.1061899662,Europe/Paris
LFPO,ORY,Paris-Orly Airport,Paris,FR,48.7252998352,2.3594400883,Europe/Paris
LFPT,POX,Pontoise - Cormeilles-en-Vexin Airport,Pontoise,FR,49.0965995789,2.0408298969,Europe/Paris
LFPV,VIY,Villacoublay-Velizy (BA 107) Air Base,Villacoublay/Velizy,FR,48.7743988037,2.2015399933,Europe/Paris
LFQB,QYR,Troyes-Barberey Airport,Troyes/Barberey,FR,48.322101593,4.016699791,Europe/Paris
LFQG,NVS,Nevers-Fourchambault Airport,Nevers/Fourchambault,FR,47.0026016235,3.1133298874,Europe/Paris
LFQI,XCB,Cambrai-Epinoy (BA 103) Air Base,Cambrai/Epinoy,FR,50.2218017578,3.154239893,Europe/Paris
LFQJ,XME,Maubeuge-Elesmes Airport,Maubeuge/Elesmes,FR,50.3105010986,4.0331201553,Europe/Paris
LFQQ,LIL,Lille-Lesquin Airport,Lille/Lesquin,FR,50.5619010925,3.0894401073,Europe/Paris
LFQT,HZB,Merville-Calonne Airport,Merville/Calonne,FR,50.6184005737,2.6422400475,Europe/Paris
LFQV,XCZ,Charleville-Mezieres Airport,Charleville-Mezieres,FR,49.7839012146,4.6470799446,Europe/Paris
LFQW,XVO,Vesoul-Frotey Airport,Vesoul/Frotey,FR,47.6375999451,6.2039198875,Europe/Paris
LFRB,BES,Brest Bretagne Airport,Brest/Guipavas,FR,48.4478988647,-4.4185400009,Europe/Paris
LFRC,CER,Cherbourg-Maupertus Airport,Cherbourg/Maupertus,FR,49.650100708,-1.4702800512,Europe/Paris
LFRD,DNR,Dinard-Pleurtuit-Saint-Malo Airport,Dinard/Pleurtuit/Saint-Malo,FR,48.5876998901,-2.0799601078,Europe/Paris
LFRE,LBY,La Baule-Escoublac Airport,La Baule-Escoublac,FR,47.2893981934,-2.3463900089,Europe/Paris
LFRF,GFR,Granville Airport,Granville,FR,48.8830986023,-1.5641700029,Europe/Paris
LFRG,DOL,Deauville-Saint-Gatien Airport,Deauville,FR,49.3652992249,0.1543059945,Europe/Paris
LFRH,LRT,Lorient South Brittany (Bretagne Sud) Airport,Lorient/Lann/Bihoue,FR,47.7606010437,-3.4400000572,Europe/Paris
LFRI,EDM,La Roche-sur-Yon Airport,La Roche-sur-Yon/Les Ajoncs,FR,46.7019004822,-1.3786300421,Europe/Paris
LFRJ,LDV,Landivisiau Air Base,Landivisiau,FR,48.5303001404,-4.1516399384,Europe/Paris
LFRK,CFR,Caen-Carpiquet Airport,Caen/Carpiquet,FR,49.1733016968,-0.4499999881,Europe/Paris
LFRM,LME,Le Mans-Arnage Airport,Le Mans/Arnage,FR,47.948600769,0.2016669959,Europe/Paris
LFRN,RNS,Rennes-Saint-Jacques Airport,Rennes/Saint-Jacques,FR,48.0694999695,-1.7347899675,Europe/Paris
LFRO,LAI,Lannion-Cote de Granit Airport,Lannion,FR,48.7543983459,-3.4716598988,Europe/Paris
LFRQ,UIP,Quimper-Cornouaille Airport,Quimper/Pluguffan,FR,47.9749984741,-4.1677899361,Europe/Paris
LFRS,NTE,Nantes Atlantique Airport,Nantes,FR,47.1531982422,-1.610730052,Europe/Paris
LFRT,SBK,Saint-Brieuc-Armor Airport,Saint-Brieuc/Armor,FR,48.5377998352,-2.8544399738,Europe/Paris
LFRU,MXN,Morlaix-Ploujean Airport,Morlaix/Ploujean,FR,48.6031990051,-3.8157799244,Europe/Paris
LFRV,VNE,Vannes-Meucon Airport,Vannes/Meucon,FR,47.7233009338,-2.7185599804,Europe/Paris
LFRZ,SNR,Saint-Nazaire-Montoir Airport,Saint-Nazaire/Montoir,FR,47.3121986389,-2.1491799355,Europe/Paris
LFSA,QBQ,Besancon Thise Airport,St Nazaire,FR,47.2747001648,6.0841698647,Europe/Paris
LFSB,BSL,EuroAirport Basel-Mulhouse-Freiburg Airport,Bale/Mulhouse,FR,47.5895996094,7.5299100876,Europe/Paris
LFSD,DIJ,Dijon-Bourgogne Airport,Dijon/Longvic,FR,47.268901825,5.0900001526,Europe/Paris
LFSF,MZM,Metz-Frescaty (BA 128) Air Base,Metz/Frescaty,FR,49.0717010498,6.1316699982,Europe/Paris
LFSG,EPL,Epinal-Mirecourt Airport,Epinal/Mirecourt,FR,48.3250007629,6.0699801445,Europe/Paris
LFSL,BVE,Brive–Souillac Airport,Nespouls,FR,45.0396599,1.4857120842,Europe/Paris
LFSM,XMF,Montbeliard-Courcelles Airport,Montbeliard/Courcelles,FR,47.4869995117,6.7905402184,Europe/Paris
LFSN,ENC,Nancy-Essey Airport,Nancy/Essey,FR,48.6921005249,6.2304601669,Europe/Paris
LFSQ,BOR,Fontaine Airport,Belfort,FR,47.6556015015,7.0108299255,Europe/Paris
LFSR,RHE,Reims-Champagne (BA 112) Airport,Reims/Champagne,FR,49.3100013733,4.0500001907,Europe/Paris
LFST,SXB,Strasbourg Airport,Strasbourg,FR,48.5382995605,7.6282300949,Europe/Paris
LFSZ,VTL,Vittel Champ De Course Airport,Luxeuil,FR,48.2238998413,5.9352798462,Europe/Paris
LFTH,TLN,Toulon-Hyeres Airport,Toulon/Hyeres/Le Palyvestre,FR,43.0973014832,6.1460299492,Europe/Paris
LFTU,FRJ,Frejus Airport,Hyeres,FR,43.4146995544,6.7455601692,Europe/Paris
LFTW,FNI,Nimes-Arles-Camargue Airport,Nimes/Garons,FR,43.7574005127,4.4163498878,Europe/Paris
LFTZ,LTT,La Mole Airport,La Mole,FR,43.2053985596,6.4819998741,Europe/Paris
LFVM,MQC,Miquelon Airport,Miquelon,PM,47.095500946,-56.3802986145,America/Miquelon
LFVP,FSP,St Pierre Airport,Saint-Pierre,PM,46.7629013062,-56.1730995178,America/Miquelon
LGAD,PYR,Andravida Airport,Andravida,GR,37.9207000732,21.2926006317,Europe/Athens
LGAG,AGQ,Agrinion Airport,Agrinion,GR,38.6020011902,21.3512001038,Europe/Athens
LGAL,AXD,Dimokritos Airport,Alexandroupolis,GR,40.8558998108,25.9563007355,Europe/Athens
LGAT,HEW,Athen Helenikon Airport,Athens,GR,37.8932991028,23.7261009216,Europe/Athens
LGAV,ATH,Eleftherios Venizelos International Airport,Athens,GR,37.9364013672,23.9444999695,Europe/Athens
LGBL,VOL,Nea Anchialos Airport,Nea Anchialos,GR,39.2196006775,22.7943000793,Europe/Athens
LGHI,JKH,Chios Island National Airport,Chios Island,GR,38.3432006836,26.1406002045,Europe/Athens
LGHL,PKH,Porto Cheli Airport,Porto Cheli,GR,37.2975006104,23.1478004456,Europe/Athens
LGIK,JIK,Ikaria Airport,Ikaria Island,GR,37.6827011108,26.3470993042,Europe/Athens
LGIO,IOA,Ioannina Airport,Ioannina,GR,39.6963996887,20.8225002289,Europe/Athens
LGIR,HER,Heraklion International Nikos Kazantzakis Airport,Heraklion,GR,35.3396987915,25.1802997589,Europe/Athens
LGKA,KSO,Kastoria National Airport,Kastoria,GR,40.4463005066,21.2821998596,Europe/Athens
LGKC,KIT,Kithira Airport,Kithira Island,GR,36.2742996216,23.0170001984,Europe/Athens
LGKF,EFL,Kefallinia Airport,Kefallinia Island,GR,38.120098114,20.5004997253,Europe/Athens
LGKJ,KZS,Kastelorizo Airport,Kastelorizo Island,GR,36.1417007446,29.5764007568,Europe/Athens
LGKL,KLX,Kalamata Airport,Kalamata,GR,37.0682983398,22.0254993439,Europe/Athens
LGKO,KGS,Kos Airport,Kos Island,GR,36.7933006287,27.0916996002,Europe/Athens
LGKP,AOK,Karpathos Airport,Karpathos Island,GR,35.4213981628,27.1459999084,Europe/Athens
LGKR,CFU,Ioannis Kapodistrias International Airport,Kerkyra Island,GR,39.6018981934,19.911699295,Europe/Athens
LGKS,KSJ,Kasos Airport,Kasos Island,GR,35.4213981628,26.9099998474,Europe/Athens
LGKV,KVA,Alexander the Great International Airport,Kavala,GR,40.9132995605,24.6191997528,Europe/Athens
LGKY,JKL,Kalymnos Airport,Kalymnos Island,GR,36.9632987976,26.9405994415,Europe/Athens
LGKZ,KZI,Filippos Airport,Kozani,GR,40.2860984802,21.8407993317,Europe/Athens
LGLE,LRS,Leros Airport,Leros Island,GR,37.1848983765,26.8003005981,Europe/Athens
LGLM,LXS,Limnos Airport,Limnos Island,GR,39.917098999,25.2362995148,Europe/Athens
LGLR,LRA,Larisa Airport,Larisa,GR,39.6562825886,22.3400008678,Europe/Athens
LGMK,JMK,Mikonos Airport,Mykonos Island,GR,37.4351005554,25.3481006622,Europe/Athens
LGML,MLO,Milos Airport,Milos Island,GR,36.6968994141,24.4769001007,Europe/Athens
LGMT,MJT,Mytilene International Airport,Mytilene,GR,39.0567016602,26.5983009338,Europe/Athens
LGNX,JNX,Naxos Airport,Naxos Island,GR,37.0811004639,25.3680992126,Europe/Athens
LGPA,PAS,Paros Airport,Paros Island,GR,37.0102996826,25.1280994415,Europe/Athens
LGPL,JTY,Astypalaia Airport,Astypalaia Island,GR,36.5798988342,26.3757991791,Europe/Athens
LGPZ,PVK,Aktion National Airport,Preveza/Lefkada,GR,38.9254989624,20.7653007507,Europe/Athens
LGRP,RHO,Diagoras Airport,Rodes Island,GR,36.4053993225,28.0862007141,Europe/Athens
LGRX,GPA,Araxos Airport,Patras,GR,38.1511001587,21.4256000519,Europe/Athens
LGSA,CHQ,Chania International Airport,Souda,GR,35.5317001343,24.1497001648,Europe/Athens
LGSK,JSI,Skiathos Island National Airport,Skiathos,GR,39.1771011353,23.5037002563,Europe/Athens
LGSM,SMI,Samos Airport,Samos Island,GR,37.6899986267,26.911699295,Europe/Athens
LGSO,JSY,Syros Airport,Syros Island,GR,37.4227981567,24.9508991241,Europe/Athens
LGSP,SPJ,Sparti Airport,Sparti,GR,36.9738998413,22.5263004303,Europe/Athens
LGSR,JTR,Santorini Airport,Santorini Island,GR,36.3992004395,25.4792995453,Europe/Athens
LGST,JSH,Sitia Airport,Crete Island,GR,35.2160987854,26.1012992859,Europe/Athens
LGSY,SKU,Skiros Airport,Skiros Island,GR,38.9676017761,24.4871997833,Europe/Athens
LGTS,SKG,Thessaloniki Macedonia International Airport,Thessaloniki,GR,40.5196990967,22.9708995819,Europe/Athens
LGZA,ZTH,Dionysios Solomos Airport,Zakynthos Island,GR,37.7509002686,20.8843002319,Europe/Athens
LHBP,BUD,Budapest Ferenc Liszt International Airport,Budapest,HU,47.4369010925,19.2555999756,Europe/Budapest
LHDC,DEB,Debrecen International Airport,Debrecen,HU,47.488899231,21.6152992249,Europe/Budapest
LHMC,MCQ,Miskolc Airport,Miskolc,HU,48.1369018555,20.7914009094,Europe/Budapest
LHPP,PEV,Pecs-Pogany Airport,Pecs-Pogany,HU,45.9908981323,18.2409992218,Europe/Budapest
LHPR,QGY,Gyor-Per International Airport,Gyor,HU,47.6244010925,17.8136005402,Europe/Budapest
LHSM,SOB,Sarmellek International Airport,Sarmellek,HU,46.6864013672,17.1590995789,Europe/Budapest
LHTA,TZR,Taszar Air Base,Taszar,HU,46.3931007385,17.9174995422,Europe/Budapest
LHUD,QZD,Szeged Glider Airport,Szeged,HU,46.2468986511,20.0907993317,Europe/Budapest
LIAP,QAQ,L'Aquila / Preturo Airport,L'Aquila,IT,42.379901886,13.3092002869,Europe/Rome
LIBC,CRV,Crotone Airport,Crotone,IT,38.9972000122,17.0802001953,Europe/Rome
LIBD,BRI,Bari / Palese International Airport,Bari,IT,41.1389007568,16.7605991364,Europe/Rome
LIBF,FOG,Foggia / Gino Lisa Airport,Foggia,IT,41.4328994751,15.5349998474,Europe/Rome
LIBG,TAR,Taranto / Grottaglie Airport,Grottaglie,IT,40.5175018311,17.4032001495,Europe/Rome
LIBN,LCC,Lecce Airport,Unknown,IT,40.239200592,18.1333007813,Europe/Rome
LIBP,PSR,Pescara International Airport,Pescara,IT,42.4317016602,14.1810998917,Europe/Rome
LIBR,BDS,Brindisi / Casale Airport,Brindisi,IT,40.6576004028,17.9470005035,Europe/Rome
LICA,SUF,Lamezia Terme Airport,Lamezia Terme,IT,38.9053993225,16.2423000336,Europe/Rome
LICB,CIY,Comiso Airport Vincenzo Magliocco,Comiso,IT,36.9946010208,14.6071815491,Europe/Rome
LICC,CTA,Catania / Fontanarossa Airport,Catania,IT,37.4668006897,15.0663995743,Europe/Rome
LICD,LMP,Lampedusa Airport,Lampedusa,IT,35.4978981018,12.6181001663,Europe/Rome
LICG,PNL,Pantelleria Airport,Pantelleria,IT,36.8165016174,11.9688997269,Europe/Rome
LICJ,PMO,Palermo / Punta Raisi Airport,Palermo,IT,38.1759986877,13.0909996033,Europe/Rome
LICR,REG,Reggio Calabria Airport,Reggio Calabria,IT,38.0712013245,15.651599884,Europe/Rome
LICT,TPS,Trapani / Birgi Airport,Trapani,IT,37.9113998413,12.4879999161,Europe/Rome
LICZ,NSY,Sigonella Airport,Unknown,IT,37.4016990662,14.9224004745,Europe/Rome
LIDB,BLX,Belluno Airport,Belluno,IT,46.1674995422,12.2479000092,Europe/Rome
LIDI,CDF,Cortina Airport,Cortina D'Ampezzo,IT,46.5730018616,12.1180000305,Europe/Rome
LIDR,RAN,Ravenna Airport,Ravenna,IT,44.3642997742,12.2249002457,Europe/Rome
LIEA,AHO,Alghero / Fertilia Airport,Alghero,IT,40.6320991516,8.290769577,Europe/Rome
LIED,DCI,Decimomannu Airport,Decimomannu,IT,39.3541984558,8.9724798203,Europe/Rome
LIEE,CAG,Cagliari / Elmas Airport,Cagliari,IT,39.251499176,9.0542802811,Europe/Rome
LIEO,OLB,Olbia / Costa Smeralda Airport,Olbia,IT,40.8987007141,9.5176296234,Europe/Rome
LIER,FNU,Oristano / Fenosu Airport,Oristano,IT,39.8942985535,8.6403999329,Europe/Rome
LIET,TTB,Tortoli' / Arbatax Airport,Arbatax,IT,39.918800354,9.6829795837,Europe/Rome
LILN,QVA,Varese / Venegono Airport,Varese,IT,45.7421989441,8.8882303238,Europe/Rome
LILQ,QMM,Massa Cinquale Airport,Marina Di Massa,IT,43.986000061,10.1428003311,Europe/Rome
LIMC,MXP,Malpensa International Airport,Milan,IT,45.6305999756,8.7281103134,Europe/Rome
LIME,BGY,Bergamo / Orio Al Serio Airport,Bergamo,IT,45.6739006042,9.7041702271,Europe/Rome
LIMF,TRN,Torino / Caselle International Airport,Torino,IT,45.2008018494,7.6496300697,Europe/Rome
LIMG,ALL,Villanova D'Albenga International Airport,Albenga,IT,44.0505981445,8.1274299622,Europe/Rome
LIMJ,GOA,Genova / Sestri Cristoforo Colombo Airport,Genova,IT,44.4132995605,8.8374996185,Europe/Rome
LIML,LIN,Linate Airport,Milan,IT,45.445098877,9.2767400742,Europe/Rome
LIMP,PMF,Parma Airport,Parma,IT,44.8245010376,10.2964000702,Europe/Rome
LIMS,QPZ,Piacenza Airport,Piacenza,IT,44.9131011963,9.7233295441,Europe/Rome
LIMW,AOT,Aosta Airport,Aosta,IT,45.7384986877,7.3687200546,Europe/Rome
LIMZ,CUF,Cuneo / Levaldigi Airport,Cuneo,IT,44.547000885,7.6232199669,Europe/Rome
LIPA,AVB,Aviano Air Base,Aviano,IT,46.0318984985,12.5965003967,Europe/Rome
LIPB,BZO,Bolzano Airport,Bolzano,IT,46.4602012634,11.3263998032,Europe/Rome
LIPD,UDN,Udine / Campoformido Air Base,Udine,IT,46.0321998596,13.1868000031,Europe/Rome
LIPE,BLQ,Bologna / Borgo Panigale Airport,Bologna,IT,44.5354003906,11.2887001038,Europe/Rome
LIPH,TSF,Treviso / Sant'Angelo Airport,Treviso,IT,45.648399353,12.1943998337,Europe/Rome
LIPK,FRL,Forli Airport,Forli,IT,44.1948013306,12.0700998306,Europe/Rome
LIPO,VBS,Brescia / Montichiari Airport,Brescia,IT,45.4289016724,10.3305997849,Europe/Rome
LIPQ,TRS,Trieste / Ronchi Dei Legionari,Trieste,IT,45.8274993896,13.4722003937,Europe/Rome
LIPR,RMI,Rimini / Miramare - Federico Fellini International Airport,Rimini,IT,44.0203018188,12.611700058,Europe/Rome
LIPT,VIC,Vicenza Airport,Vicenza,IT,45.5733985901,11.5295000076,Europe/Rome
LIPU,QPA,Padova Airport,Padova,IT,45.3958015442,11.8479003906,Europe/Rome
LIPX,VRN,Verona / Villafranca Airport,Verona,IT,45.3956985474,10.8885002136,Europe/Rome
LIPY,AOI,Ancona / Falconara Airport,Ancona,IT,43.6162986755,13.3622999191,Europe/Rome
LIPZ,VCE,Venezia / Tessera -  Marco Polo Airport,Venezia,IT,45.5052986145,12.3519001007,Europe/Rome
LIQB,QZO,Arezzo Airport,Arezzo,IT,43.4558982849,11.8470001221,Europe/Rome
LIQL,LCV,Lucca / Tassignano Airport,Lucca,IT,43.8282012939,10.5781002045,Europe/Rome
LIQN,QRT,Rieti Airport,Rieti,IT,42.4272003174,12.8516998291,Europe/Rome
LIQS,SAY,Siena / Ampugnano Airport,Siena,IT,43.2563018799,11.2550001144,Europe/Rome
LIRA,CIA,Ciampino Airport,Roma,IT,41.7994003296,12.5949001312,Europe/Rome
LIRF,FCO,Leonardo Da Vinci (Fiumicino) International Airport,Rome,IT,41.8045005798,12.2508001328,Europe/Rome
LIRH,QFR,Frosinone Military Airport,Frosinone,IT,41.6464004517,13.2997999191,Europe/Rome
LIRI,QSR,Salerno / Pontecagnano Airport,Salerno,IT,40.6203994751,14.9112997055,Europe/Rome
LIRJ,EBA,Marina Di Campo Airport,Marina  Di Campo,IT,42.7602996826,10.23939991,Europe/Rome
LIRL,QLT,Latina Airport,Latina,IT,41.5424003601,12.9090003967,Europe/Rome
LIRN,NAP,Napoli / Capodichino International Airport,Napoli,IT,40.8860015869,14.2908000946,Europe/Rome
LIRP,PSA,Pisa / San Giusto - Galileo Galilei International Airport,Pisa,IT,43.6838989258,10.3927001953,Europe/Rome
LIRQ,FLR,Firenze / Peretola Airport,Firenze,IT,43.8100013733,11.2051000595,Europe/Rome
LIRS,GRS,Grosseto Airport,Grosetto,IT,42.7597007751,11.0719003677,Europe/Rome
LIRZ,PEG,Perugia / San Egidio Airport,Perugia,IT,43.0959014893,12.5131998062,Europe/Rome
LJLJ,LJU,Ljubljana Joze Pucnik Airport,Ljubljana,SI,46.2237014771,14.4575996399,Europe/Ljubljana
LJMB,MBX,Maribor Airport,Unknown,SI,46.4799003601,15.6861000061,Europe/Ljubljana
LJPZ,POW,Portoroz Airport,Portoroz,SI,45.473400116,13.6149997711,Europe/Ljubljana
LKHO,GTW,Holesov Airport,Holesov,CZ,49.3143997192,17.5688991547,Europe/Prague
LKKU,UHE,Kunovice Airport,Uherske Hradiste,CZ,49.0293998718,17.439699173,Europe/Prague
LKKV,KLV,Karlovy Vary International Airport,Karlovy Vary,CZ,50.202999115,12.9149999619,Europe/Prague
LKMR,MKA,Marianske Lazne Airport,Marianske Lazne,CZ,49.9227981567,12.7246999741,Europe/Prague
LKMT,OSR,Ostrava Leos Janacek Airport,Ostrava,CZ,49.6963005066,18.1110992432,Europe/Prague
LKOL,OLO,Olomouc Glider Airport,Olomouc,CZ,49.5877990723,17.2108001709,Europe/Prague
LKPD,PED,Pardubice Airport,Pardubice,CZ,50.0134010315,15.7385997772,Europe/Prague
LKPO,PRV,Prerov Air Base,Prerov,CZ,49.4258003235,17.4046993256,Europe/Prague
LKPR,PRG,Vaclav Havel Airport,Prague,CZ,50.1007995605,14.2600002289,Europe/Prague
LKTB,BRQ,Brno-Turany Airport,Brno,CZ,49.1512985229,16.6944007874,Europe/Prague
LKVO,VOD,Vodochody Airport,Vodochoky,CZ,50.2165985107,14.3957996368,Europe/Prague
LKZA,ZBE,Zabreh Ostrava Airport,Zabreh,CZ,49.9282989502,18.0783004761,Europe/Prague
LLBG,TLV,Ben Gurion International Airport,Tel Aviv,IL,32.0113983154,34.8866996765,Asia/Jerusalem
LLBS,BEV,Be'er Sheva (Teyman) Airport,Beersheva,IL,31.2870006561,34.7229995728,Asia/Jerusalem
LLER,ETM,Ramon Airport,Eilat,IL,29.723694,35.011417,Asia/Amman
LLET,ETH,Eilat Airport,Eilat,IL,29.5613002777,34.9600982666,Asia/Amman
LLEY,EIY,Ein Yahav Airfield,Sapir,IL,30.6217002869,35.2033004761,Asia/Amman
LLHA,HFA,Haifa International Airport,Haifa,IL,32.8093986511,35.0430984497,Asia/Jerusalem
LLIB,RPN,Ben Ya'akov Airport,Rosh Pina,IL,32.9809989929,35.5718994141,Asia/Jerusalem
LLKS,KSW,Kiryat Shmona Airport,Kiryat Shmona,IL,33.2167015076,35.5999984741,Asia/Jerusalem
LLMR,MIP,Mitzpe Ramon Airfield,Mitzpe Ramon,IL,30.6506004333,34.8069000244,Asia/Jerusalem
LLMZ,MTZ,Bar Yehuda Airfield,Masada,IL,31.3281993866,35.3885993958,Asia/Amman
LLNV,VTM,Nevatim Air Base,Beersheba,IL,31.2082996368,35.012298584,Asia/Jerusalem
LLOV,VDA,Ovda International Airport,Eilat,IL,29.9402999878,34.935798645,Asia/Jerusalem
LLSD,SDV,Sde Dov Airport,Tel Aviv,IL,32.1147003174,34.7821998596,Asia/Jerusalem
LLYT,YOT,Yotvata Airfield,Yotvata,IL,29.9062004089,35.0666999817,Asia/Jerusalem
LMML,MLA,Luqa Airport,Luqa,MT,35.857498,14.4775,Europe/Malta
LOIH,HOH,Hohenems-Dornbirn Airport,Hohenems / Dornbirn,AT,47.3849983215,9.6999998093,Europe/Vienna
LOWG,GRZ,Graz Airport,Graz,AT,46.9911003113,15.4395999908,Europe/Vienna
LOWI,INN,Innsbruck Airport,Innsbruck,AT,47.2602005005,11.3439998627,Europe/Vienna
LOWK,KLU,Klagenfurt Airport,Klagenfurt am Worthersee,AT,46.6425018311,14.3376998901,Europe/Vienna
LOWL,LNZ,Linz Airport,Linz,AT,48.2332000732,14.1875,Europe/Vienna
LOWS,SZG,Salzburg Airport,Salzburg,AT,47.7933006287,13.0043001175,Europe/Berlin
LOWW,VIE,Vienna International Airport,Vienna,AT,48.1102981567,16.5697002411,Europe/Vienna
LPAR,AVR,Alverca Airport,Alverca,PT,38.885362,-9.028311,Europe/Lisbon
LPAZ,SMA,Santa Maria Airport,Vila do Porto,PT,36.9714012146,-25.1706008911,Atlantic/Azores
LPBG,BGC,Braganca Airport,Unknown,PT,41.85779953,-6.7071299553,Europe/Lisbon
LPBJ,BYJ,Beja International Airport,Beja,PT,38.0788993835,-7.9324002266,Europe/Lisbon
LPBR,BGZ,Braga Municipal Aerodrome,Braga,PT,41.5871009827,-8.445139885,Europe/Lisbon
LPCH,CHV,Chaves Airport,Chaves,PT,41.7223243713,-7.4631500244,Europe/Lisbon
LPCO,CBP,Coimbra Airport,Unknown,PT,40.1571998596,-8.470000267,Europe/Lisbon
LPCR,CVU,Corvo Airport,Corvo,PT,39.6715011597,-31.1135997772,Atlantic/Azores
LPCS,CAT,Cascais Airport,Cascais,PT,38.7249984741,-9.3552303314,Europe/Lisbon
LPFL,FLW,Flores Airport,Santa Cruz das Flores,PT,39.4552993774,-31.1313991547,Atlantic/Azores
LPFR,FAO,Faro Airport,Faro,PT,37.0144004822,-7.9659099579,Europe/Lisbon
LPGR,GRW,Graciosa Airport,Santa Cruz da Graciosa,PT,39.0922012329,-28.029800415,Atlantic/Azores
LPHR,HOR,Horta Airport,Horta,PT,38.5199012756,-28.7159004211,Atlantic/Azores
LPLA,TER,Lajes Field,Lajes,PT,38.7617988586,-27.0907993317,Atlantic/Azores
LPMA,FNC,Madeira Airport,Funchal,PT,32.6978988647,-16.7744998932,Atlantic/Madeira
LPPD,PDL,Joao Paulo II Airport,Ponta Delgada,PT,37.7411994934,-25.6979007721,Atlantic/Azores
LPPI,PIX,Pico Airport,Pico Island,PT,38.5542984009,-28.4412994385,Atlantic/Azores
LPPM,PRM,Portimao Airport,Unknown,PT,37.1492996216,-8.5839595795,Europe/Lisbon
LPPR,OPO,Francisco de Sa Carneiro Airport,Porto,PT,41.2481002808,-8.6813898087,Europe/Lisbon
LPPS,PXO,Porto Santo Airport,Vila Baleira,PT,33.0733985901,-16.3500003815,Atlantic/Madeira
LPPT,LIS,Lisbon Portela Airport,Lisbon,PT,38.7812995911,-9.1359195709,Europe/Lisbon
LPSI,SIE,Sines Airport,Unknown,PT,37.9416923523,-8.8173007965,Europe/Lisbon
LPSJ,SJZ,Sao Jorge Airport,Velas,PT,38.6655006409,-28.1758003235,Atlantic/Azores
LPVR,VRL,Vila Real Airport,Unknown,PT,41.2742996216,-7.7204699516,Europe/Lisbon
LPVZ,VSE,Viseu Airport,Unknown,PT,40.7254981995,-7.8889899254,Europe/Lisbon
LQBK,BNX,Banja Luka International Airport,Banja Luka,BA,44.9413986206,17.2975006104,Europe/Sarajevo
LQMO,OMO,Mostar International Airport,Mostar,BA,43.2829017639,17.8458995819,Europe/Sarajevo
LQSA,SJJ,Sarajevo International Airport,Sarajevo,BA,43.8246002197,18.3314990997,Europe/Sarajevo
LQTZ,TZL,Tuzla International Airport,Tuzla,BA,44.4586982727,18.7248001099,Europe/Sarajevo
LRAR,ARW,Arad International Airport,Arad,RO,46.1766014099,21.2619991302,Europe/Bucharest
LRBC,BCM,Bacau Airport,Bacau,RO,46.521900177,26.9102993011,Europe/Bucharest
LRBM,BAY,Tautii Magheraus Airport,Baia Mare,RO,47.6584014893,23.4699993134,Europe/Bucharest
LRBS,BBU,Baneasa International Airport,Bucharest,RO,44.503200531,26.1021003723,Europe/Bucharest
LRBV,GHV,Brasov Airport,Brasov,RO,45.70622,25.52352,Europe/Bucharest
LRCK,CND,Mihail Kogalniceanu International Airport,Constanta,RO,44.3622016907,28.4883003235,Europe/Bucharest
LRCL,CLJ,Cluj-Napoca International Airport,Cluj-Napoca,RO,46.7851982117,23.6861991882,Europe/Bucharest
LRCS,CSB,Caransebes Airport,Caransebes,RO,45.4199981689,22.2532997131,Europe/Bucharest
LRCV,CRA,Craiova Airport,Craiova,RO,44.3180999756,23.8885993958,Europe/Bucharest
LRIA,IAS,Iasi Airport,Iasi,RO,47.1785011292,27.6205997467,Europe/Bucharest
LROD,OMR,Oradea International Airport,Oradea,RO,47.0252990723,21.9025001526,Europe/Bucharest
LROP,OTP,Henri Coanda International Airport,Bucharest,RO,44.5722007751,26.1021995544,Europe/Bucharest
LRSB,SBZ,Sibiu International Airport,Sibiu,RO,45.7855987549,24.091299057,Europe/Bucharest
LRSM,SUJ,Satu Mare Airport,Satu Mare,RO,47.7033004761,22.8857002258,Europe/Bucharest
LRSV,SCV,Suceava Stefan cel Mare Airport,Suceava,RO,47.6875,26.3540992737,Europe/Bucharest
LRTC,TCE,Tulcea Airport,Tulcea,RO,45.0625,28.7143001556,Europe/Bucharest
LRTM,TGM,Transilvania Targu Mures International Airport,Targu Mures,RO,46.4677009583,24.4125003815,Europe/Bucharest
LRTR,TSR,Timisoara Traian Vuia Airport,Timisoara,RO,45.8098983765,21.3379001617,Europe/Bucharest
LSGG,GVA,Geneva Cointrin International Airport,Geneva,CH,46.2380981445,6.1089501381,Europe/Paris
LSGL,QLS,Lausanne-la Blecherette Airport,Lausanne,CH,46.54529953,6.6166701317,Europe/Zurich
LSGN,QNC,Neuchatel Airport,Unknown,CH,46.9575004578,6.8647198677,Europe/Zurich
LSGS,SIR,Sion Airport,Sion,CH,46.2196006775,7.3267598152,Europe/Zurich
LSME,EML,Emmen Airport,Unknown,CH,47.0923995972,8.3051204681,Europe/Zurich
LSMI,ZIN,Interlaken Air Base,Unknown,CH,46.6766014099,7.8790798187,Europe/Zurich
LSMP,VIP,Payerne Airport,Payerne,CH,46.84674595816998,6.920598655936771,Europe/Zurich
LSZA,LUG,Lugano Airport,Lugano,CH,46.0042991638,8.9105796814,Europe/Zurich
LSZB,BRN,Bern Belp Airport,Bern,CH,46.914100647,7.4971499443,Europe/Zurich
LSZC,BXO,Buochs Airport,Buochs,CH,46.9744444444,8.3969444444,Europe/Zurich
LSZG,ZHI,Grenchen Airport,Unknown,CH,47.1815986633,7.4171900749,Europe/Zurich
LSZH,ZRH,Zurich Airport,Zurich,CH,47.4646987915,8.5491695404,Europe/Zurich
LSZL,ZJI,Locarno Airport,Unknown,CH,46.1608009338,8.8786096573,Europe/Zurich
LSZM,MLH,EuroAirport Basel-Mulhouse-Freiburg Airport,Bale/Mulhouse,CH,47.5895996094,7.5299100876,Europe/Paris
LSZR,ACH,St Gallen Altenrhein Airport,Altenrhein,CH,47.4850006104,9.5607700348,Europe/Vienna
LSZS,SMV,Samedan Airport,Unknown,CH,46.5340995789,9.8841104507,Europe/Zurich
LTAC,ESB,Esenboga International Airport,Ankara,TR,40.1281013489,32.995098114,Europe/Istanbul
LTAD,ANK,Etimesgut Air Base,Ankara,TR,39.949798584,32.6885986328,Europe/Istanbul
LTAF,ADA,Adana Airport,Adana,TR,36.9822006226,35.2803993225,Europe/Istanbul
LTAG,UAB,Incirlik Air Base,Adana,TR,37.0021018982,35.4258995056,Europe/Istanbul
LTAH,AFY,Afyon Airport,Afyonkarahisar,TR,38.726398468,30.6011009216,Europe/Istanbul
LTAI,AYT,Antalya International Airport,Antalya,TR,36.8987007141,30.8005008698,Europe/Istanbul
LTAJ,GZT,Gaziantep International Airport,Gaziantep,TR,36.9472007751,37.4786987305,Europe/Istanbul
LTAL,KFS,Kastamonu Airport,Kastamonu,TR,41.314201355,33.7957992554,Europe/Istanbul
LTAN,KYA,Konya Airport,Konya,TR,37.9790000916,32.5619010925,Europe/Istanbul
LTAP,MZH,Amasya Merzifon Airport,Amasya,TR,40.8293991089,35.5219993591,Europe/Istanbul
LTAQ,SSX,Samsun Samair Airport,Samsun,TR,41.2786445618,36.3051795959,Europe/Istanbul
LTAR,VAS,Sivas Airport,Sivas,TR,39.8138008118,36.9034996033,Europe/Istanbul
LTAS,ONQ,Zonguldak Airport,Zonguldak,TR,41.506401062,32.0886001587,Europe/Istanbul
LTAT,MLX,Malatya Erhac Airport,Malatya,TR,38.4352989197,38.0909996033,Europe/Istanbul
LTAU,ASR,Kayseri Erkilet Airport,Kayseri,TR,38.770401001,35.4953994751,Europe/Istanbul
LTAW,TJK,Tokat Airport,Tokat,TR,40.3074302673,36.3674087524,Europe/Istanbul
LTAY,DNZ,Cardak Airport,Denizli,TR,37.7855987549,29.7012996674,Europe/Istanbul
LTAZ,NAV,Nevsehir Kapadokya International Airport,Nevsehir,TR,38.771900177,34.5345001221,Europe/Istanbul
LTBA,ISL,Ataturk International Airport,Istanbul,TR,40.9768981934,28.8145999908,Europe/Istanbul
LTBD,CII,Cildir Airport,Aydin,TR,37.8149986267,27.8952999115,Europe/Istanbul
LTBF,BZI,Balikesir Merkez Airport,Balikesir,TR,39.6193008423,27.9260005951,Europe/Istanbul
LTBG,BDM,Bandirma Airport,Bandirma,TR,40.3180007935,27.9776992798,Europe/Istanbul
LTBH,CKZ,Canakkale Airport,Canakkale,TR,40.1376991272,26.4267997742,Europe/Istanbul
LTBI,ESK,Eskisehir Air Base,Eskisehir,TR,39.7840995789,30.5820999146,Europe/Istanbul
LTBJ,ADB,Adnan Menderes International Airport,Izmir,TR,38.2924003601,27.156999588,Europe/Istanbul
LTBL,IGL,Cigli Airport,Izmir,TR,38.5130004883,27.010099411,Europe/Istanbul
LTBO,USQ,Usak Airport,Usak,TR,38.6814994812,29.4717006683,Europe/Istanbul
LTBQ,KCO,Cengiz Topel Airport,Unknown,TR,40.7350006104,30.0832996368,Europe/Istanbul
LTBR,YEI,Bursa Yenisehir Airport,Bursa,TR,40.2551994324,29.5625991821,Europe/Istanbul
LTBS,DLM,Dalaman International Airport,Dalaman,TR,36.7131004333,28.7924995422,Europe/Istanbul
LTBU,TEQ,Tekirdag Corlu Airport,Corlu,TR,41.1381988525,27.9190998077,Europe/Istanbul
LTBV,BXN,Imsik Airport,Bodrum,TR,37.1400985718,27.6697006226,Europe/Istanbul
LTBY,AOE,Anadolu University Airport,Eskisehir,TR,39.8098983765,30.5193996429,Europe/Istanbul
LTBZ,KZR,Zafer Airport,Altintas,TR,39.1090247,30.1371297052,Europe/Istanbul
LTCA,EZS,Elazig Airport,Elazig,TR,38.6068992615,39.2914009094,Europe/Istanbul
LTCB,OGU,Ordu–Giresun Airport,Ordu,TR,40.966667,38.08,Europe/Istanbul
LTCC,DIY,Diyarbakir Airport,Diyarbakir,TR,37.893901825,40.2010002136,Europe/Istanbul
LTCD,ERC,Erzincan Airport,Erzincan,TR,39.7102012634,39.5270004272,Europe/Istanbul
LTCE,ERZ,Erzurum International Airport,Erzurum,TR,39.9565010071,41.1702003479,Europe/Istanbul
LTCF,KSY,Kars Airport,Kars,TR,40.5621986389,43.1150016785,Europe/Istanbul
LTCG,TZX,Trabzon International Airport,Trabzon,TR,40.995098114,39.7896995544,Europe/Istanbul
LTCH,SFQ,Sanliurfa Airport,Sanliurfa,TR,37.0942993164,38.8470993042,Europe/Istanbul
LTCI,VAN,Van Ferit Melen Airport,Van,TR,38.4682006836,43.3322982788,Europe/Istanbul
LTCJ,BAL,Batman Airport,Batman,TR,37.9290008545,41.1166000366,Europe/Istanbul
LTCK,MSR,Mus Airport,Mus,TR,38.7477989197,41.6612014771,Europe/Istanbul
LTCL,SXZ,Siirt Airport,Siirt,TR,37.9789009094,41.8404006958,Europe/Istanbul
LTCM,NOP,Sinop Airport,Sinop,TR,42.0158004761,35.0663986206,Europe/Istanbul
LTCN,KCM,Kahramanmaras Airport,Kahramanmaras,TR,37.5388259888,36.9535217285,Europe/Istanbul
LTCO,AJI,Agri Airport,Agri,TR,39.6545410156,43.0259780884,Europe/Istanbul
LTCP,ADF,Adiyaman Airport,Adiyaman,TR,37.7313995361,38.4688987732,Europe/Istanbul
LTCR,MQM,Mardin Airport,Mardin,TR,37.2233009338,40.6316986084,Europe/Istanbul
LTCS,GNY,Sanliurfa GAP Airport,Sanliurfa,TR,37.4456634521,38.8955917358,Europe/Istanbul
LTCT,IGD,Igdir Airport,Igdir,TR,39.9766273499,43.8766479492,Europe/Istanbul
LTCU,BGG,Bingöl Airport,Bingöl,TR,38.861111,40.5925,Europe/Istanbul
LTCW,YKO,Hakkari Yuksekova Airport,Yuksekova,TR,37.551667,44.233611,Europe/Istanbul
LTDA,HTY,Hatay Airport,Hatay,TR,36.36277771,36.2822227478,Europe/Istanbul
LTDB,COV,Çukurova International Airport,Tarsus,TR,36.892916,35.071971,Europe/Istanbul
LTFC,ISE,Suleyman Demirel International Airport,Isparta,TR,37.8554000854,30.3684005737,Europe/Istanbul
LTFD,EDO,Balikesir Korfez Airport,Edremit,TR,39.554599762,27.0137996674,Europe/Istanbul
LTFE,BJV,Milas Bodrum International Airport,Bodrum,TR,37.2505989075,27.6643009186,Europe/Istanbul
LTFG,GZP,Gazipasa Airport,Gazipasa,TR,36.2992172241,32.3005981445,Europe/Istanbul
LTFH,SZF,Samsun Carsamba Airport,Samsun,TR,41.2545013428,36.5671005249,Europe/Istanbul
LTFJ,SAW,Sabiha Gokcen International Airport,Istanbul,TR,40.898601532,29.3092002869,Europe/Istanbul
LTFK,GKD,Imroz Airport,Gokceada,TR,40.204498291,25.8833007812,Europe/Istanbul
LTFM,IST,Istanbul Airport,Arnavutkoy,TR,41.262222,28.727778,Europe/Istanbul
LTFO,RZV,Rize–Artvin Airport,Unknown,TR,41.169167,40.828889,Europe/Istanbul
LUBL,BZY,Balti International Airport,Strymba,MD,47.8381004333,27.7814998627,Europe/Chisinau
LUKK,RMO,Chisinau International Airport,Chisinau,MD,46.9277000427,28.9309997559,Europe/Chisinau
LWOH,OHD,Ohrid St. Paul the Apostle Airport,Ohrid,MK,41.1800003052,20.7423000336,Europe/Skopje
LWSK,SKP,Skopje Alexander the Great Airport,Skopje,MK,41.9616012573,21.6214008331,Europe/Skopje
LXGB,GIB,Gibraltar Airport,Gibraltar,GI,36.1511993408,-5.3496599197,Europe/Gibraltar
LYBE,BEG,Belgrade Nikola Tesla Airport,Belgrad,RS,44.8184013367,20.3090991974,Europe/Belgrade
LYBR,IVG,Berane Airport,Berane,ME,42.8390007019,19.8619995117,Europe/Podgorica
LYBT,BJY,Batajnica Air Base,Batajnica,RS,44.935299,20.2575,Europe/Belgrade
LYNI,INI,Nis Airport,Nis,RS,43.337299,21.853701,Europe/Belgrade
LYNS,QND,Cenej Airport,Novi Sad,RS,45.385799,19.839199,Europe/Belgrade
LYPG,TGD,Podgorica Airport,Podgorica,ME,42.3594017029,19.2518997192,Europe/Podgorica
LYTV,TIV,Tivat Airport,Tivat,ME,42.4047012329,18.7233009338,Europe/Podgorica
LYUZ,UZC,Ponikve Airport,Uzice,RS,43.898899,19.697701,Europe/Belgrade
LYVA,QWV,Divci Airport,Valjevo,RS,44.2978166667,20.0219111111,Europe/Belgrade
LYZR,ZRE,Zrenjanin Airport,Zrenjanin,RS,45.339756,20.454078,Europe/Belgrade
LZIB,BTS,M. R. Stefanik Airport,Bratislava,SK,48.1702003479,17.2126998901,Europe/Bratislava
LZKZ,KSC,Kosice Airport,Kosice,SK,48.6631011963,21.2411003113,Europe/Bratislava
LZLU,LUE,Lucenec Airport,Lucenec,SK,48.3394012451,19.7357997894,Europe/Bratislava
LZPP,PZY,Piestany Airport,Piestany,SK,48.6251983643,17.8283996582,Europe/Bratislava
LZPW,POV,Presov Air Base,Presov,SK,49.0297012329,21.3155994415,Europe/Bratislava
LZSL,SLD,Sliac Airport,Sliac,SK,48.6377983093,19.1340999603,Europe/Bratislava
LZTT,TAT,Poprad-Tatry Airport,Poprad,SK,49.073600769,20.2411003113,Europe/Bratislava
LZZI,ILZ,Zilina Airport,Zilina,SK,49.2314987183,18.6135005951,Europe/Bratislava
MBGT,GDT,JAGS McCartney International Airport,Cockburn Town,TC,21.4444999695,-71.1423034668,America/Grand_Turk
MBMC,MDS,Middle Caicos Airport,Middle Caicos,TC,21.82602,-71.8025,America/Grand_Turk
MBNC,NCA,North Caicos Airport,Unknown,TC,21.9174995422,-71.9395980835,America/Grand_Turk
MBPI,PIC,Pine Cay Airport,Pine Cay,TC,21.8999996185,-72.0999984741,America/Grand_Turk
MBPV,PLS,Providenciales Airport,Providenciales Island,TC,21.7735996246,-72.2658996582,America/Grand_Turk
MBSC,XSC,South Caicos Airport,Unknown,TC,21.5156993866,-71.528503418,America/Grand_Turk
MBSY,SLX,Salt Cay Airport,Salt Cay,TC,21.3330001831,-71.1999969482,America/Grand_Turk
MDAB,EPS,Arroyo Barril Airport,Arroyo Barril,DO,19.198600769,-69.4298019409,America/Santo_Domingo
MDBH,BRX,Maria Montez International Airport,Barahona,DO,18.251499176,-71.1203994751,America/Santo_Domingo
MDCR,CBJ,Cabo Rojo Airport,Cabo Rojo,DO,17.9290008545,-71.6447982788,America/Santo_Domingo
MDCY,AZS,Samana El Catey International Airport,Samana,DO,19.2670001984,-69.7419967651,America/Santo_Domingo
MDCZ,COZ,Constanza Dom Re Airport,Costanza,DO,18.9074993134,-70.7219009399,America/Santo_Domingo
MDJB,JBQ,La Isabela International Airport,La Isabela,DO,18.5725002289,-69.9856033325,America/Santo_Domingo
MDLR,LRM,Casa De Campo International Airport,La Romana,DO,18.4507007599,-68.9117965698,America/Santo_Domingo
MDPC,PUJ,Punta Cana International Airport,Punta Cana,DO,18.5673999786,-68.3634033203,America/Santo_Domingo
MDPP,POP,Gregorio Luperon International Airport,Puerto Plata,DO,19.757900238,-70.5699996948,America/Santo_Domingo
MDSD,SDQ,Las Americas International Airport,Santo Domingo,DO,18.4297008514,-69.6688995361,America/Santo_Domingo
MDST,STI,Cibao International Airport,Santiago,DO,19.4060993195,-70.6046981812,America/Santo_Domingo
MGCB,CBV,Coban Airport,Coban,GT,15.4689998627,-90.4067001343,America/Guatemala
MGCQ,CIQ,Chiquimula Airport,Chiquimula,GT,14.83092,-89.520938,America/Guatemala
MGCR,CMM,Carmelita Airport,Carmelita,GT,17.4612007141,-90.0537033081,America/Guatemala
MGCT,CTF,Coatepeque Airport,Coatepeque,GT,14.6941995621,-91.8824996948,America/Guatemala
MGDL,DON,Dos Lagunas Airport,Dos Lagunas,GT,17.6124000549,-89.6884002686,America/Guatemala
MGGT,GUA,La Aurora Airport,Guatemala City,GT,14.5832996368,-90.5274963379,America/Guatemala
MGHT,HUG,Huehuetenango Airport,Huehuetenango,GT,15.3274002075,-91.4624023438,America/Guatemala
MGMM,MCR,Melchor de Mencos Airport,Melchor de Mencos,GT,17.0686092377,-89.1522216797,America/Belize
MGPB,PBR,Puerto Barrios Airport,Puerto Barrios,GT,15.7308998108,-88.5838012695,America/Guatemala
MGPC,PCG,Paso Caballos Airport,Paso Caballos,GT,17.2639007568,-90.2563018799,America/Guatemala
MGPG,PKJ,Playa Grande Airport,Playa Grande,GT,15.9975004196,-90.7416992188,America/Guatemala
MGPP,PON,Poptun Airport,Poptun,GT,16.325799942,-89.4160995483,America/Guatemala
MGQC,AQB,Santa Cruz del Quiche Airport,Santa Cruz del Quiche,GT,15.0122003555,-91.1505966187,America/Guatemala
MGQZ,AAZ,Quezaltenango Airport,Quezaltenango,GT,14.8655996323,-91.5019989014,America/Guatemala
MGRB,RUV,Rubelsanto Airport,Rubelsanto,GT,15.9919996262,-90.4452972412,America/Guatemala
MGRD,LCF,Las Vegas Airport,Rio Dulce,GT,15.6688995361,-88.957901001,America/Guatemala
MGRT,RER,Retalhuleu Airport,Retalhuleu,GT,14.5209999084,-91.697303772,America/Guatemala
MGSJ,GSJ,San Jose Airport,Puerto San Jose,GT,13.9362001419,-90.8358001709,America/Guatemala
MGTK,FRS,Mundo Maya International Airport,San Benito,GT,16.9137992859,-89.8664016724,America/Guatemala
MGUX,UAX,Uaxactun Airport,Uaxactun,GT,17.3938884735,-89.6327438354,America/Guatemala
MHAH,AHS,Ahuas Airport,Ahuas,HN,15.4722003937,-84.3522033691,America/Tegucigalpa
MHBL,BHG,Brus Laguna Airport,Brus Laguna,HN,15.7630996704,-84.5436019897,America/Tegucigalpa
MHCA,CAA,Catacamas Airport,Catacamas,HN,14.9169998169,-85.9000015259,America/Tegucigalpa
MHCS,CYL,Coyoles Airport,Coyoles,HN,15.445555687,-86.67527771,America/Tegucigalpa
MHCU,CDD,Cauquira Airport,Cauquira,HN,15.3166666031,-83.5916671753,America/Tegucigalpa
MHEA,OAN,El Arrayan Airport,Olanchito,HN,15.5055561066,-86.57472229,America/Tegucigalpa
MHGS,GAC,Gracias Airport,El Molino,HN,14.5966672897,-88.5941696167,America/Tegucigalpa
MHIR,IRN,Iriona Airport,Iriona,HN,15.9391670227,-85.13722229,America/Tegucigalpa
MHJU,JUT,Jutigalpa airport,Jutigalpa,HN,14.6526002884,-86.2202987671,America/Tegucigalpa
MHLC,LCE,Goloson International Airport,La Ceiba,HN,15.7425003052,-86.8529968262,America/Tegucigalpa
MHLE,LEZ,La Esperanza Airport,La Esperanza,HN,14.2911109924,-88.1750030518,America/Tegucigalpa
MHLM,SAP,Ramon Villeda Morales International Airport,La Mesa,HN,15.4525995255,-87.9235992432,America/Tegucigalpa
MHNJ,GJA,La Laguna Airport,Guanaja,HN,16.445400238,-85.9066009521,America/Tegucigalpa
MHPC,PCH,Palacios Airport,Palacios,HN,15.9549999237,-84.9413909912,America/Tegucigalpa
MHPL,PEU,Puerto Lempira Airport,Puerto Lempira,HN,15.2622003555,-83.7811965942,America/Tegucigalpa
MHPR,XPL,Tegucigalpa Palmerola International Airport,Comayagua,HN,14.3825,-87.621111,America/Tegucigalpa
MHRO,RTB,Juan Manuel Galvez International Airport,Roatan Island,HN,16.3167991638,-86.5230026245,America/Tegucigalpa
MHRS,SDH,Santa Rosa Copan Airport,Santa Rosa de Copan,HN,14.8149003983,-88.7515029907,America/Tegucigalpa
MHRU,RUY,Copan Ruinas Airport,Ruinas de Copan,HN,14.8402996063,-89.1439971924,America/Tegucigalpa
MHTE,TEA,Tela Airport,Tela,HN,15.7758998871,-87.4757995605,America/Tegucigalpa
MHTG,TGU,Toncontin International Airport,Tegucigalpa,HN,14.0608997345,-87.2172012329,America/Tegucigalpa
MHTJ,TJI,Trujillo Airport,Trujillo,HN,15.9267997742,-85.9382019043,America/Tegucigalpa
MHUL,SCD,Sulaco Airport,Sulaco,HN,14.9071998596,-87.2633972168,America/Tegucigalpa
MHUT,UII,Utila Airport,Utila Island,HN,16.1131000519,-86.8803024292,America/Tegucigalpa
MKBS,OCJ,Boscobel Aerodrome,Ocho Rios,JM,18.4041996002,-76.96900177,America/Jamaica
MKJP,KIN,Norman Manley International Airport,Kingston,JM,17.9356994629,-76.7874984741,America/Jamaica
MKJS,MBJ,Sangster International Airport,Montego Bay,JM,18.5037002563,-77.9133987427,America/Jamaica
MKKJ,POT,Ken Jones Airport,Ken Jones,JM,18.1987991333,-76.5345001221,America/Jamaica
MKNG,NEG,Negril Airport,Negril,JM,18.3428001404,-78.3320999146,America/Jamaica
MKTP,KTP,Tinson Pen Airport,Tinson Pen,JM,17.9885997772,-76.8237991333,America/Jamaica
MLIP,MIJ,Mili Island Airport,Mili Island,MH,6.0833301544,171.733001709,Pacific/Majuro
MMAA,ACA,General Juan N Alvarez International Airport,Acapulco,MX,16.7570991516,-99.7539978027,America/Mexico_City
MMAN,NTR,Del Norte International Airport,Unknown,MX,25.8656005859,-100.2369995117,America/Monterrey
MMAS,AGU,Jesus Teran International Airport,Aguascalientes,MX,21.7056007385,-102.318000793,America/Mexico_City
MMBT,HUX,Bahias de Huatulco International Airport,Huatulco,MX,15.7753000259,-96.2626037598,America/Mexico_City
MMCA,CNA,Cananea Airport,Unknown,MX,31.0661501549,-110.097877979,America/Hermosillo
MMCB,CVJ,General Mariano Matamoros Airport,Unknown,MX,18.8348007202,-99.2612991333,America/Mexico_City
MMCC,ACN,Ciudad Acuna New International Airport,Ciudad Acuna,MX,29.3328990936,-101.0989990234,America/Matamoros
MMCE,CME,Ciudad del Carmen International Airport,Ciudad del Carmen,MX,18.6536998749,-91.7990036011,America/Merida
MMCG,NCG,Nuevo Casas Grandes Airport,Unknown,MX,30.3973999023,-107.875,America/Chihuahua
MMCL,CUL,Federal de Bachigualato International Airport,Culiacan,MX,24.7644996643,-107.474998474,America/Mazatlan
MMCM,CTM,Chetumal International Airport,Chetumal,MX,18.504699707,-88.3267974854,America/Cancun
MMCN,CEN,Ciudad Obregon International Airport,Ciudad Obregon,MX,27.3925991058,-109.8330001831,America/Hermosillo
MMCO,CJT,Comitan Airport,Unknown,MX,16.176700592,-92.0505981445,America/Mexico_City
MMCP,CPE,Ingeniero Alberto Acuna Ongay International Airport,Campeche,MX,19.8167991638,-90.5002975464,America/Merida
MMCS,CJS,Abraham Gonzalez International Airport,Ciudad Juarez,MX,31.636100769,-106.4290008545,America/Ciudad_Juarez
MMCT,CZA,Chichen Itza International Airport,Unknown,MX,20.6413002014,-88.4461975098,America/Merida
MMCU,CUU,General Roberto Fierro Villalobos International Airport,Chihuahua,MX,28.7028999329,-105.964996338,America/Chihuahua
MMCV,CVM,General Pedro Jose Mendez International Airport,Ciudad Victoria,MX,23.7033004761,-98.9564971924,America/Monterrey
MMCY,CYW,Captain Rogelio Castillo National Airport,Celaya,MX,20.545999527,-100.8870010376,America/Mexico_City
MMCZ,CZM,Cozumel International Airport,Cozumel,MX,20.5223999023,-86.9255981445,America/Cancun
MMDA,CUA,Ciudad Constitucion Airport,Ciudad Constitucion,MX,25.0538005829,-111.6149978638,America/Mazatlan
MMDM,MMC,Ciudad Mante National Airport,Ciudad Mante,MX,22.7431774139,-99.0173721313,America/Monterrey
MMDO,DGO,General Guadalupe Victoria International Airport,Durango,MX,24.1242008209,-104.527999878,America/Monterrey
MMEP,TPQ,Amado Nervo National Airport,Tepic,MX,21.419500351,-104.8430023193,America/Mazatlan
MMES,ESE,Ensenada Airport,Unknown,MX,31.79529953,-116.6029968262,America/Tijuana
MMGL,GDL,Don Miguel Hidalgo Y Costilla International Airport,Guadalajara,MX,20.5217990875,-103.3109970093,America/Mexico_City
MMGM,GYM,General Jose Maria Yanez International Airport,Guaymas,MX,27.9689998627,-110.9250030518,America/Hermosillo
MMGR,GUB,Guerrero Negro Airport,Guerrero Negro,MX,28.0261001587,-114.0240020752,America/Mazatlan
MMHC,TCN,Tehuacan Airport,Unknown,MX,18.4972000122,-97.4198989868,America/Mexico_City
MMHO,HMO,General Ignacio P. Garcia International Airport,Hermosillo,MX,29.0958995819,-111.047996521,America/Hermosillo
MMIA,CLQ,Lic. Miguel de la Madrid Airport,Colima,MX,19.2770004272,-103.577003479,America/Mexico_City
MMIM,ISJ,Isla Mujeres Airport,Unknown,MX,21.2450008392,-86.7399978638,America/Cancun
MMIO,SLW,Plan De Guadalupe International Airport,Saltillo,MX,25.5494995117,-100.9290008545,America/Monterrey
MMIT,IZT,Ixtepec Airport,Unknown,MX,16.449300766,-95.0936965942,America/Mexico_City
MMJA,JAL,El Lencero Airport,Xalapa,MX,19.4750995636,-96.7975006104,America/Mexico_City
MMJC,AZP,Atizapan De Zaragoza Airport,Unknown,MX,19.5748004913,-99.2888031006,America/Mexico_City
MMLC,LZC,Lazaro Cardenas Airport,Lazaro Cardenas,MX,18.0016994476,-102.221000671,America/Mexico_City
MMLM,LMM,Valle del Fuerte International Airport,Los Mochis,MX,25.6851997375,-109.081001282,America/Mazatlan
MMLO,BJX,Del Bajio International Airport,Silao,MX,20.9934997559,-101.481002808,America/Mexico_City
MMLP,LAP,Manuel Marquez de Leon International Airport,La Paz,MX,24.0727005005,-110.361999512,America/Mazatlan
MMLT,LTO,Loreto International Airport,Loreto,MX,25.989200592,-111.3479995728,America/Mazatlan
MMMA,MAM,General Servando Canales International Airport,Matamoros,MX,25.7698993683,-97.5252990723,America/Matamoros
MMMD,MID,Licenciado Manuel Crescencio Rejon Int Airport,Merida,MX,20.9370002747,-89.657699585,America/Merida
MMMG,MUG,Mulege Airport,Mulege,MX,26.897310257,-111.9575500488,America/Mazatlan
MMML,MXL,General Rodolfo Sanchez Taboada International Airport,Mexicali,MX,32.6305999756,-115.241996765,America/Tijuana
MMMM,MLM,General Francisco J. Mujica International Airport,Morelia,MX,19.849899292,-101.025001526,America/Mexico_City
MMMT,MTT,Minatitlan/Coatzacoalcos National Airport,Minatitlan,MX,18.1033992767,-94.5807037354,America/Mexico_City
MMMV,LOV,Monclova International Airport,Unknown,MX,26.9556999207,-101.4700012207,America/Monterrey
MMMX,MEX,Licenciado Benito Juarez International Airport,Mexico City,MX,19.4363002777,-99.0720977783,America/Mexico_City
MMMY,MTY,General Mariano Escobedo International Airport,Monterrey,MX,25.7784996033,-100.107002258,America/Monterrey
MMMZ,MZT,General Rafael Buelna International Airport,Mazatlan,MX,23.1613998413,-106.26599884,America/Mazatlan
MMNG,NOG,Nogales International Airport,Unknown,MX,31.2261009216,-110.9759979248,America/Hermosillo
MMNL,NLD,Quetzalcoatl International Airport,Nuevo Laredo,MX,27.4438991547,-99.5705032349,America/Matamoros
MMOX,OAX,Xoxocotlan International Airport,Oaxaca,MX,16.9999008179,-96.726600647,America/Mexico_City
MMPA,PAZ,El Tajin National Airport,Poza Rica,MX,20.6026992798,-97.4608001709,America/Mexico_City
MMPB,PBC,Hermanos Serdan International Airport,Puebla,MX,19.1581001282,-98.3713989258,America/Mexico_City
MMPE,PPE,Puerto Penasco International Airport,Puerto Penasco,MX,31.356202302,-113.525676727,America/Hermosillo
MMPG,PDS,Piedras Negras International Airport,Unknown,MX,28.6273994446,-100.5350036621,America/Matamoros
MMPL,PCO,Punta Colorada Airport,La Ribera,MX,23.575011,-109.535826,America/Mazatlan
MMPN,UPN,Licenciado y General Ignacio Lopez Rayon Airport,Unknown,MX,19.3966999054,-102.0390014648,America/Mexico_City
MMPQ,PQM,Palenque International Airport,Unknown,MX,17.5333995819,-91.9844970703,America/Mexico_City
MMPR,PVR,Licenciado Gustavo Diaz Ordaz International Airport,Puerto Vallarta,MX,20.6800994873,-105.2539978027,America/Bahia_Banderas
MMPS,PXM,Puerto Escondido International Airport,Puerto Escondido,MX,15.8768997192,-97.0891036987,America/Mexico_City
MMQT,QRO,Queretaro Intercontinental Airport,Queretaro,MX,20.6173000336,-100.185997009,America/Mexico_City
MMRX,REX,General Lucio Blanco International Airport,Reynosa,MX,26.0088996887,-98.2285003662,America/Matamoros
MMSC,SZT,San Cristobal De Las Casas Airport,Unknown,MX,16.6902999878,-92.5300979614,America/Mexico_City
MMSD,SJD,Los Cabos International Airport,San Jose del Cabo,MX,23.1518001556,-109.7210006714,America/Mazatlan
MMSF,SFH,San Felipe International Airport,Unknown,MX,30.9302005768,-114.8089981079,America/Tijuana
MMSL,CSL,Cabo San Lucas International Airport,Cabo San Lucas,MX,22.9477005005,-109.93699646,America/Mazatlan
MMSM,NLU,Felipe Angeles International Airport,Santa Lucia,MX,19.756667,-99.015278,America/Mexico_City
MMSP,SLP,Ponciano Arriaga International Airport,San Luis Potosi,MX,22.2542991638,-100.930999756,America/Mexico_City
MMTA,TXA,Tlaxcala Airport,Unknown,MX,19.5380001068,-98.173500061,America/Mexico_City
MMTC,TRC,Francisco Sarabia International Airport,Torreon,MX,25.5683002472,-103.411003113,America/Monterrey
MMTG,TGZ,Angel Albino Corzo International Airport,Tuxtla Gutierrez,MX,16.5636005402,-93.0224990845,America/Mexico_City
MMTJ,TIJ,General Abelardo L. Rodriguez International Airport,Tijuana,MX,32.5410995483,-116.9700012207,America/Los_Angeles
MMTL,TQO,Felipe Carrillo Puerto International Airport,Tulum,MX,20.166667,-87.666667,America/Cancun
MMTM,TAM,General Francisco Javier Mina International Airport,Tampico,MX,22.2964000702,-97.8658981323,America/Monterrey
MMTN,TSL,Tamuin Airport,Unknown,MX,22.0382995605,-98.8065032959,America/Mexico_City
MMTO,TLC,Licenciado Adolfo Lopez Mateos International Airport,Toluca,MX,19.3370990753,-99.5660018921,America/Mexico_City
MMTP,TAP,Tapachula International Airport,Tapachula,MX,14.7943000793,-92.3700027466,America/Mexico_City
MMTX,WIX,Tuxpan Airport,Unknown,MX,19.5839004517,-103.3840026855,America/Mexico_City
MMUN,CUN,Cancun International Airport,Cancun,MX,21.0365009308,-86.8770980835,America/Cancun
MMVA,VSA,Carlos Rovirosa Perez International Airport,Villahermosa,MX,17.9969997406,-92.8173980713,America/Mexico_City
MMVR,VER,General Heriberto Jara International Airport,Veracruz,MX,19.1459007263,-96.1873016357,America/Mexico_City
MMZC,ZCL,General Leobardo C. Ruiz International Airport,Zacatecas,MX,22.8971004486,-102.68699646,America/Mexico_City
MMZH,ZIH,Ixtapa Zihuatanejo International Airport,Ixtapa,MX,17.601600647,-101.460998535,America/Mexico_City
MMZM,ZMM,Zamora Airport,Unknown,MX,20.0450000763,-102.2760009766,America/Mexico_City
MMZO,ZLO,Playa De Oro International Airport,Manzanillo,MX,19.1448001862,-104.558998108,America/Mexico_City
MNBL,BEF,Bluefields Airport,Bluefileds,NI,11.9910001755,-83.7741012573,America/Managua
MNBZ,BZA,San Pedro Airport,Bonanza,NI,13.9499998093,-84.5999984741,America/Managua
MNCI,RNI,Corn Island,Corn Island,NI,12.162899971,-83.0637969971,America/Managua
MNMG,MGA,Augusto C. Sandino (Managua) International Airport,Managua,NI,12.141500473,-86.1681976318,America/Managua
MNNG,NVG,Nueva Guinea Airport,Nueva Guinea,NI,11.6666669846,-84.4499969482,America/Managua
MNPC,PUZ,Puerto Cabezas Airport,Puerto Cabezas,NI,14.0472002029,-83.3867034912,America/Managua
MNRT,RFS,Rosita Airport,La Rosita,NI,13.8896999359,-84.4088973999,America/Managua
MNSC,NCR,San Carlos,San Carlos,NI,11.1333999634,-84.7699966431,America/Managua
MNSI,SIU,Siuna,Siuna,NI,13.7272224426,-84.7777786255,America/Managua
MNWP,WSP,Waspam Airport,Waspam,NI,14.7391996384,-83.9693984985,America/Managua
MPBO,BOC,Bocas Del Toro International Airport,Isla Colon,PA,9.3408498764,-82.2508010864,America/Panama
MPCE,CTD,Alonso Valderrama Airport,Chitre,PA,7.9878401756,-80.4096984863,America/Panama
MPCH,CHX,Cap Manuel Nino International Airport,Changuinola,PA,9.4586400986,-82.5167999268,America/Panama
MPDA,DAV,Enrique Malek International Airport,David,PA,8.390999794,-82.4349975586,America/Panama
MPEJ,ONX,Enrique Adolfo Jimenez Airport,Colon,PA,9.3566398621,-79.867401123,America/Panama
MPJE,JQE,Jaque Airport,Jaque,PA,7.5177798271,-78.1572036743,America/Panama
MPLP,PLP,Captain Ramon Xatruch Airport,La Palma,PA,8.4066696167,-78.1417007446,America/Panama
MPMG,PAC,Marcos A. Gelabert International Airport,Albrook,PA,8.9733400345,-79.5556030273,America/Panama
MPOA,PUE,Puerto Obaldia Airport,Puerto Obaldia,PA,8.6862602234,-77.5243988037,America/Panama
MPPA,BLB,Howard/Panama Pacifico International Airport,Panama City,PA,8.9147901535,-79.5996017456,America/Panama
MPSA,SYP,Ruben Cantu Airport,Santiago,PA,8.0855998993,-80.9452972412,America/Panama
MPSM,RIH,Scarlett Martinez International Airport,Rio Hato,PA,8.375833,-80.127778,America/Panama
MPTO,PTY,Tocumen International Airport,Tocumen,PA,9.0713596344,-79.3834991455,America/Panama
MPVR,PVE,El Porvenir Airport,El Porvenir,PA,9.5634202957,-79.0040969849,America/Panama
MPWN,NBL,San Blas Airport,Wannukandi,PA,9.4496002197,-78.9794998169,America/Panama
MRAN,FON,Arenal Airport,La Fortuna/San Carlos,CR,10.4779996872,-84.6344985962,America/Costa_Rica
MRAO,TTQ,Aerotortuguero Airport,Roxana,CR,10.5690002441,-83.5148010254,America/Costa_Rica
MRBA,BAI,Buenos Aires Airport,Punta Arenas,CR,9.1636104584,-83.3299026489,America/Costa_Rica
MRBC,BCL,Barra del Colorado Airport,Pococi,CR,10.768699646,-83.5856018066,America/Costa_Rica
MRCC,OTR,Coto 47 Airport,Corredores,CR,8.601559639,-82.9685974121,America/Costa_Rica
MRCH,JAP,Chacarita Airport,Puntarenas,CR,9.9814100266,-84.7726974487,America/Costa_Rica
MRCR,RIK,Carrillo Airport,Nicoya,CR,9.8705101013,-85.4813995361,America/Costa_Rica
MRDK,DRK,Drake Bay Airport,Puntarenas,CR,8.7188901901,-83.6417007446,America/Costa_Rica
MRFL,FMG,Flamingo Airport,Brasilito,CR,10.4186000824,-85.782699585,America/Costa_Rica
MRGF,GLF,Golfito Airport,Golfito,CR,8.654009819,-83.1821975708,America/Costa_Rica
MRGP,GPL,Guapiles Airport,Pococi,CR,10.2172002792,-83.7969970703,America/Costa_Rica
MRIA,PBP,Islita Airport,Nandayure,CR,9.8561096191,-85.3707962036,America/Costa_Rica
MRLB,LIR,Daniel Oduber Quiros International Airport,Liberia,CR,10.5932998657,-85.5444030762,America/Costa_Rica
MRLC,LSL,Los Chiles Airport,Los Chiles,CR,11.0353002548,-84.7061004639,America/Costa_Rica
MRLM,LIO,Limon International Airport,Puerto Limon,CR,9.9579601288,-83.0220031738,America/Costa_Rica
MRMJ,CSC,Mojica Airport,Canas,CR,10.4307003021,-85.1745986938,America/Costa_Rica
MRNC,NCT,Guanacaste Airport,Nicoya/Guanacate,CR,10.1393995285,-85.4458007813,America/Costa_Rica
MRNS,NOB,Nosara Airport,Nicoya,CR,9.9764900208,-85.6529998779,America/Costa_Rica
MROC,SJO,Juan Santamaria International Airport,San Jose,CR,9.9938602448,-84.2088012695,America/Costa_Rica
MRPJ,PJM,Puerto Jimenez Airport,Puerto Jimenez,CR,8.5333299637,-83.3000030518,America/Costa_Rica
MRPM,PMZ,Palmar Sur Airport,Palmar Sur,CR,8.9510297775,-83.4685974121,America/Costa_Rica
MRPV,SYQ,Tobias Bolanos International Airport,San Jose,CR,9.9570503235,-84.1398010254,America/Costa_Rica
MRQP,XQP,Quepos Managua Airport,Quepos,CR,9.4431600571,-84.1297988892,America/Costa_Rica
MRRF,RFR,Rio Frio / Progreso Airport,Rio Frio / Progreso,CR,10.3274002075,-83.8876037598,America/Costa_Rica
MRSI,IPZ,San Isidro del General Airport,Perez Zeledon,CR,9.3526201248,-83.7130966187,America/Costa_Rica
MRSR,PLD,Playa Samara Airport,Playa Samara,CR,10.25,-85.4169998169,America/Costa_Rica
MRSV,TOO,San Vito De Java Airport,Coto Brus,CR,8.8261098862,-82.9589004517,America/Costa_Rica
MRTM,TNO,Tamarindo De Santa Cruz Airport,Santa Cruz,CR,10.3135004044,-85.8154983521,America/Costa_Rica
MRTR,TMU,Tambor Airport,Nicoya,CR,9.7385196686,-85.0138015747,America/Costa_Rica
MRUP,UPL,Upala Airport,Upala,CR,10.89220047,-85.0161972046,America/Costa_Rica
MSLP,SAL,El Salvador International Airport,Santa Clara,SV,13.4408998489,-89.0557022095,America/El_Salvador
MSSS,ILS,Ilopango International Airport,San Salvador,SV,13.6995000839,-89.1199035645,America/El_Salvador
MTCA,CYA,Les Cayes Airport,Les Cayes,HT,18.2710990906,-73.7882995605,America/Port-au-Prince
MTCH,CAP,Cap Haitien International Airport,Cap Haitien,HT,19.7329998016,-72.1947021484,America/Port-au-Prince
MTJA,JAK,Jacmel Airport,Jacmel,HT,18.2411003113,-72.5185012817,America/Port-au-Prince
MTJE,JEE,Jeremie Airport,Jeremie,HT,18.6630992889,-74.1703033447,America/Port-au-Prince
MTPP,PAP,Toussaint Louverture International Airport,Port-au-Prince,HT,18.5799999237,-72.2925033569,America/Port-au-Prince
MTPX,PAX,Port-de-Paix Airport,Port-de-Paix,HT,19.933599472,-72.8486022949,America/Port-au-Prince
MUBA,BCA,Gustavo Rizo Airport,Baracoa,CU,20.3652992249,-74.5062026978,America/Havana
MUBR,BWW,Las Brujas Airport,Cayo Santa Maria,CU,22.6212997437,-79.1472015381,America/Havana
MUBY,BYM,Carlos Manuel de Cespedes Airport,Bayamo,CU,20.3964004517,-76.6213989258,America/Havana
MUCA,AVI,Maximo Gomez Airport,Ciego de Avila,CU,22.0270996094,-78.7895965576,America/Havana
MUCC,CCC,Jardines Del Rey Airport,Cayo Coco,CU,22.4610004425,-78.3283996582,America/Havana
MUCF,CFG,Jaime Gonzalez Airport,Cienfuegos,CU,22.1499996185,-80.4141998291,America/Havana
MUCL,CYO,Vilo Acuna International Airport,Cayo Largo del Sur,CU,21.6165008545,-81.5459976196,America/Havana
MUCM,CMW,Ignacio Agramonte International Airport,Camaguey,CU,21.42029953,-77.8475036621,America/Havana
MUCO,QCO,Colon Airport,Colon,CU,22.7110996246,-80.9227981567,America/Havana
MUCU,SCU,Antonio Maceo International Airport,Santiago,CU,19.9698009491,-75.8354034424,America/Havana
MUGM,NBW,Leeward Point Field,Guantanamo Bay Naval Station,CU,19.9064998627,-75.2070999146,America/Havana
MUGT,GAO,Mariana Grajales Airport,Guantanamo,CU,20.0853004456,-75.1583023071,America/Havana
MUHA,HAV,Jose Marti International Airport,Havana,CU,22.989200592,-82.4091033936,America/Havana
MUHG,HOG,Frank Pais International Airport,Holguin,CU,20.7856006622,-76.3151016235,America/Havana
MUKW,VRO,Kawama Airport,Matanzas,CU,23.1240005493,-81.3015975952,America/Havana
MULM,LCL,La Coloma Airport,Pinar del Rio,CU,22.3360996246,-83.6418991089,America/Havana
MUMA,UMA,Punta de Maisi Airport,Maisi,CU,20.2506008148,-74.1504974365,America/Havana
MUMJ,MJG,Mayajigua Airport,Mayajigua,CU,22.2308006287,-79.0622024536,America/Havana
MUMO,MOA,Orestes Acosta Airport,Moa,CU,20.6539001465,-74.922203064,America/Havana
MUMZ,MZO,Sierra Maestra Airport,Manzanillo,CU,20.2880992889,-77.0892028809,America/Havana
MUNB,QSN,San Nicolas De Bari Airport,San Nicolas,CU,22.7560997009,-81.9208984375,America/Havana
MUNC,ICR,Nicaro Airport,Nicaro,CU,20.6886005402,-75.53150177,America/Havana
MUNG,GER,Rafael Cabrera Airport,Nueva Gerona,CU,21.8346996307,-82.7837982178,America/Havana
MUPB,UPB,Playa Baracoa Airport,Havana,CU,23.0328006744,-82.5793991089,America/Havana
MUPR,QPD,Pinar Del Rio Airport,Pinar del Rio,CU,22.4214000702,-83.6783981323,America/Havana
MUSC,SNU,Abel Santamaria Airport,Santa Clara,CU,22.4922008514,-79.9436035156,America/Havana
MUSJ,SNJ,San Julian Air Base,Pinar Del Rio,CU,22.0953006744,-84.1520004272,America/Havana
MUSN,SZJ,Siguanea Airport,Isla de la Juventud,CU,21.6424999237,-82.9551010132,America/Havana
MUSS,USS,Sancti Spiritus Airport,Sancti Spiritus,CU,21.9703998566,-79.4427032471,America/Havana
MUTD,TND,Alberto Delgado Airport,Trinidad,CU,21.7882995605,-79.9972000122,America/Havana
MUVR,VRA,Juan Gualberto Gomez International Airport,Varadero,CU,23.0344009399,-81.4353027344,America/Havana
MUVT,VTU,Hermanos Ameijeiras Airport,Las Tunas,CU,20.9876003265,-76.935798645,America/Havana
MWCB,CYB,Gerrard Smith International Airport,Cayman Brac,KY,19.6870002747,-79.8827972412,America/Cayman
MWCL,LYB,Edward Bodden Airfield,Little Cayman,KY,19.6669998169,-80.0999984741,America/Cayman
MWCR,GCM,Owen Roberts International Airport,Georgetown,KY,19.2928009033,-81.3576965332,America/Cayman
MYAB,MAY,Clarence A. Bain Airport,Mangrove Cay,BS,24.2877006531,-77.6846008301,America/Nassau
MYAF,ASD,Andros Town Airport,Unknown,BS,24.6979007721,-77.7956008911,America/Nassau
MYAK,COX,Congo Town Airport,Andros,BS,24.158700943,-77.5897979736,America/Nassau
MYAM,MHH,Marsh Harbour International Airport,Marsh Harbour,BS,26.5114002228,-77.0835037231,America/Nassau
MYAN,SAQ,San Andros Airport,Andros Island,BS,25.0538005829,-78.0490036011,America/Nassau
MYAP,AXP,Spring Point Airport,Spring Point,BS,22.4417991638,-73.9709014893,America/Nassau
MYAT,TCB,Treasure Cay Airport,Treasure Cay,BS,26.745300293,-77.3912963867,America/Nassau
MYAW,WKR,Abaco I Walker C Airport,Unknown,BS,27.2667007446,-78.3996963501,America/Nassau
MYBC,CCZ,Chub Cay Airport,Unknown,BS,25.4171009064,-77.880897522,America/Nassau
MYBG,GHC,Great Harbour Cay Airport,Unknown,BS,25.7383003235,-77.8401031494,America/Nassau
MYBS,BIM,South Bimini Airport,South Bimini,BS,25.6998996735,-79.2647018433,America/Nassau
MYCA,ATC,Arthur's Town Airport,Arthur's Town,BS,24.6294002533,-75.6737976074,America/Nassau
MYCB,TBI,New Bight Airport,Cat Island,BS,24.3152999878,-75.4523010254,America/Nassau
MYCC,CXY,Cat Cay Airport,Cat Cay,BS,25.6000003815,-79.266998291,America/Nassau
MYCI,CRI,Colonel Hill Airport,Colonel Hill,BS,22.7455997467,-74.1824035645,America/Nassau
MYCP,PWN,Pitts Town Airport,Pitts Town,BS,22.82970047,-74.3460998535,America/Nassau
MYEF,GGT,Exuma International Airport,George Town,BS,23.5625991821,-75.8779983521,America/Nassau
MYEH,ELH,North Eleuthera Airport,North Eleuthera,BS,25.474899292,-76.6835021973,America/Nassau
MYEM,GHB,Governor's Harbour Airport,Governor's Harbour,BS,25.2847003937,-76.3310012817,America/Nassau
MYEN,NMC,Normans Cay Airport,Unknown,BS,24.5942993164,-76.8201980591,America/Nassau
MYER,RSD,Rock Sound Airport,Rock Sound,BS,24.8950787333,-76.1768817902,America/Nassau
MYES,TYM,Staniel Cay Airport,Unknown,BS,24.1690998077,-76.4391021729,America/Nassau
MYGF,FPO,Grand Bahama International Airport,Freeport,BS,26.5587005615,-78.695602417,America/Nassau
MYGW,WTD,West End Airport,West End,BS,26.685300827,-78.9749984741,America/Nassau
MYIG,IGA,Inagua Airport,Matthew Town,BS,20.9750003815,-73.6669006348,America/Nassau
MYLD,LGI,Deadman's Cay Airport,Deadman's Cay,BS,23.1790008545,-75.0935974121,America/Nassau
MYLS,SML,Stella Maris Airport,Stella Maris,BS,23.5823168043,-75.2686214447,America/Nassau
MYMM,MYG,Mayaguana Airport,Mayaguana,BS,22.3794994354,-73.0134963989,America/Nassau
MYNN,NAS,Lynden Pindling International Airport,Nassau,BS,25.0389995575,-77.4662017822,America/Nassau
MYPI,PID,Nassau Paradise Island Airport,Nassau,BS,25.0830001831,-77.3000030518,America/Nassau
MYRD,DCT,Duncan Town Airport,Unknown,BS,22.1818008423,-75.7294998169,America/Nassau
MYRP,RCY,Rum Cay Airport,Unknown,BS,23.6844005585,-74.8361968994,America/Nassau
MYSM,ZSA,San Salvador Airport,San Salvador,BS,24.0632991791,-74.5240020752,America/Nassau
MZBZ,BZE,Philip S. W. Goldson International Airport,Belize City,BZ,17.539100647,-88.3081970215,America/Belize
MZPB,DGA,Pelican Beach Airstrip,Dangriga,BZ,16.98232,-88.228497,America/Belize
NCAI,AIT,Aitutaki Airport,Aitutaki,CK,-18.8309001923,-159.7640075684,Pacific/Rarotonga
NCAT,AIU,Enua Airport,Atiu Island,CK,-19.9678001404,-158.1190032959,Pacific/Rarotonga
NCMG,MGS,Mangaia Island Airport,Mangaia Island,CK,-21.895986557,-157.9066619873,Pacific/Rarotonga
NCMH,MHX,Manihiki Island Airport,Manihiki Island,CK,-10.3767004013,-161.0019989014,Pacific/Rarotonga
NCMK,MUK,Mauke Airport,Mauke Island,CK,-20.136100769,-157.3450012207,Pacific/Rarotonga
NCMR,MOI,Mitiaro Island Airport,Mitiaro Island,CK,-19.8425006866,-157.7030029297,Pacific/Rarotonga
NCPY,PYE,Tongareva Airport,Penrhyn Island,CK,-9.0143699646,-158.032409668,Pacific/Rarotonga
NCRG,RAR,Rarotonga International Airport,Avarua,CK,-21.2026996613,-159.8059997559,Pacific/Rarotonga
NFCI,ICI,Cicia Airport,Cicia,FJ,-17.7432994843,-179.341995239,Pacific/Fiji
NFFN,NAN,Nadi International Airport,Nadi,FJ,-17.755399704,177.4429931641,Pacific/Fiji
NFFO,PTF,Malolo Lailai Island Airport,Malolo Lailai Island,FJ,-17.7779006958,177.197006226,Pacific/Fiji
NFKD,KDV,Vunisea Airport,Vunisea,FJ,-19.0580997467,178.156997681,Pacific/Fiji
NFMA,MNF,Mana Island Airport,Mana Island,FJ,-17.6730995178,177.098007202,Pacific/Fiji
NFMO,MFJ,Moala Airport,Moala,FJ,-18.5666999817,179.951004028,Pacific/Fiji
NFNA,SUV,Nausori International Airport,Nausori,FJ,-18.0433006287,178.5590057373,Pacific/Fiji
NFNB,LEV,Levuka Airfield,Bureta,FJ,-17.7110996246,178.759002686,Pacific/Fiji
NFNG,NGI,Ngau Airport,Ngau,FJ,-18.1156005859,179.339996338,Pacific/Fiji
NFNH,LUC,Laucala Island Airport,Laucala Island,FJ,-16.7481002808,-179.6670074463,Pacific/Fiji
NFNK,LKB,Lakeba Island Airport,Lakeba Island,FJ,-18.1991996765,-178.817001343,Pacific/Fiji
NFNL,LBS,Labasa Airport,Unknown,FJ,-16.4666996002,179.3399963379,Pacific/Fiji
NFNM,TVU,Matei Airport,Matei,FJ,-16.6905994415,-179.876998901,Pacific/Fiji
NFNO,KXF,Koro Island Airport,Koro Island,FJ,-17.3458003998,179.42199707,Pacific/Fiji
NFNR,RTA,Rotuma Airport,Rotuma,FJ,-12.4825000763,177.0709991455,Pacific/Fiji
NFNS,SVU,Savusavu Airport,Savusavu,FJ,-16.8027992249,179.341003418,Pacific/Fiji
NFNV,VAU,Vatukoula Airport,Vatukoula,FJ,-17.5,177.8419952393,Pacific/Fiji
NFNW,KAY,Wakaya Island Airport,Wakaya Island,FJ,-17.6170005798,179.016998291,Pacific/Fiji
NFOL,ONU,Ono-I-Lau Airport,Ono-I-Lau,FJ,-20.6499996185,-178.6999969482,Pacific/Fiji
NFSW,YAS,Yasawa Island Airport,Yasawa Island,FJ,-16.7588996887,177.5449981689,Pacific/Fiji
NFTE,EUA,Kaufana Airport,Eua Island,TO,-21.3782997131,-174.957992554,Pacific/Tongatapu
NFTF,TBU,Fua'amotu International Airport,Nuku'alofa,TO,-21.2411994934,-175.1499938965,Pacific/Tongatapu
NFTL,HPA,Lifuka Island Airport,Lifuka,TO,-19.7770004272,-174.341003418,Pacific/Tongatapu
NFTO,Niu,Mata'aho Airport,Angaha,TO,-15.5707998276,-175.632995605,Pacific/Tongatapu
NFTP,NTT,Kuini Lavenia Airport,Niuatoputapu,TO,-15.9773376519,-173.791029453,Pacific/Tongatapu
NFTV,VAV,Vava'u International Airport,Vava'u Island,TO,-18.5853004456,-173.9620056152,Pacific/Tongatapu
NFVB,VBV,Vanua Balavu Airport,Vanua Balavu,FJ,-17.2689990997,-178.9759979248,Pacific/Fiji
NFVL,VTF,Vatulele Airport,Vatulele,FJ,-18.5125007629,177.6390075684,Pacific/Fiji
NGAB,ABF,Abaiang Airport,Abaiang,KI,1.798609972,173.0410003662,Pacific/Tarawa
NGBR,BEZ,Beru Airport,Beru,KI,-1.3547199965,176.0070037842,Pacific/Tarawa
NGFU,FUN,Funafuti International Airport,Funafuti,TV,-8.525,179.195999,Pacific/Funafuti
NGKT,KUC,Kuria Airport,Kuria,KI,0.218611002,173.4420013428,Pacific/Tarawa
NGMA,MNK,Maiana Airport,Maiana,KI,1.0036100149,173.0310058594,Pacific/Tarawa
NGMK,MZK,Marakei Airport,Marakei,KI,2.0586099625,173.2709960938,Pacific/Tarawa
NGMN,MTK,Makin Island Airport,Makin Island,KI,3.3744399548,172.9920043945,Pacific/Tarawa
NGNU,NIG,Nikunau Airport,Nikunau,KI,-1.314440012,176.410003662,Pacific/Tarawa
NGON,OOT,Onotoa Airport,Onotoa,KI,-1.796110034,175.5260009766,Pacific/Tarawa
NGTA,TRW,Bonriki International Airport,Tarawa,KI,1.3816399574,173.1470031738,Pacific/Tarawa
NGTB,AEA,Abemama Atoll Airport,Abemama Atoll,KI,0.4908330142,173.828994751,Pacific/Tarawa
NGTE,TBF,Tabiteuea North Airport,Unknown,KI,-1.2244700193,174.7760009766,Pacific/Tarawa
NGTM,TMN,Tamana Island Airport,Tamana Island,KI,-2.4858300686,175.9700012207,Pacific/Tarawa
NGTO,NON,Nonouti Airport,Nonouti,KI,-0.6397219896,174.4279937744,Pacific/Tarawa
NGTR,AIS,Arorae Island Airport,Arorae Island,KI,-2.6161100864,176.8029937744,Pacific/Tarawa
NGTS,TSU,Tabiteuea South Airport,Tabiteuea South,KI,-1.4744399786,175.0639953613,Pacific/Tarawa
NGTU,BBG,Butaritari Atoll Airport,Butaritari Atoll,KI,3.0858299732,172.8110046387,Pacific/Tarawa
NGUK,AAK,Buariki Airport,Buariki,KI,0.1852779984,173.6369934082,Pacific/Tarawa
NIUE,IUE,Niue International Airport,Alofi,NU,-19.0790309906,-169.9255981445,Pacific/Niue
NLWF,FUT,Pointe Vele Airport,Futuna Island,WF,-14.3114004135,-178.065994263,Pacific/Wallis
NLWW,WLS,Hihifo Airport,Wallis Island,WF,-13.2383003235,-176.199005127,Pacific/Wallis
NSAS,OFU,Ofu Village Airport,Ofu Village,AS,-14.1843996048,-169.6699981689,Pacific/Pago_Pago
NSAU,AAU,Asau Airport,Asau,WS,-13.5058002472,-172.628005981,Pacific/Apia
NSFA,APW,Faleolo International Airport,Apia,WS,-13.8299999237,-172.0079956055,Pacific/Apia
NSFI,FGI,Fagali'i Airport,Apia,WS,-13.8486995697,-171.740005493,Pacific/Apia
NSFQ,FTI,Fitiuta Airport,Fitiuta Village,AS,-14.2172002792,-169.425003052,Pacific/Pago_Pago
NSMA,MXS,Maota Airport,Maota,WS,-13.7423000336,-172.2579956055,Pacific/Apia
NSTU,PPG,Pago Pago International Airport,Pago Pago,AS,-14.3310003281,-170.710006714,Pacific/Pago_Pago
NTAA,PPT,Faa'a International Airport,Papeete,PF,-17.5536994934,-149.606994629,Pacific/Tahiti
NTAR,RUR,Rurutu Airport,Unknown,PF,-22.4340991974,-151.3609924316,Pacific/Tahiti
NTAT,TUB,Tubuai Airport,Unknown,PF,-23.3654003143,-149.5240020752,Pacific/Tahiti
NTAV,RVV,Raivavae Airport,Unknown,PF,-23.8852005005,-147.662002563,Pacific/Tahiti
NTGA,AAA,Anaa Airport,Unknown,PF,-17.3526000977,-145.5099945068,Pacific/Tahiti
NTGB,FGU,Fangatau Airport,Unknown,PF,-15.819899559,-140.8869934082,Pacific/Tahiti
NTGC,TIH,Tikehau Airport,Unknown,PF,-15.119600296,-148.2310028076,Pacific/Tahiti
NTGD,APK,Apataki Airport,Apataki,PF,-15.5735998154,-146.4149932861,Pacific/Tahiti
NTGE,REA,Reao Airport,Unknown,PF,-18.4659004211,-136.4400024414,Pacific/Tahiti
NTGF,FAV,Fakarava Airport,Unknown,PF,-16.0541000366,-145.6569976807,Pacific/Tahiti
NTGH,HHZ,Hikueru Atoll Airport,Hikueru Atoll,PF,-17.5447006226,-142.6139984131,Pacific/Tahiti
NTGI,XMH,Manihi Airport,Unknown,PF,-14.4368000031,-146.0700073242,Pacific/Tahiti
NTGJ,GMR,Totegegie Airport,Unknown,PF,-23.0799007416,-134.8899993896,Pacific/Gambier
NTGK,KKR,Kaukura Airport,Unknown,PF,-15.6632995605,-146.8849945068,Pacific/Tahiti
NTGM,MKP,Makemo Airport,Unknown,PF,-16.5839004517,-143.6580047607,Pacific/Tahiti
NTGN,NAU,Napuka Island Airport,Napuka Island,PF,-14.1767997742,-141.266998291,Pacific/Tahiti
NTGO,TKV,Tatakoto Airport,Tatakoto,PF,-17.3553009033,-138.4450073242,Pacific/Tahiti
NTGP,PKP,Puka Puka Airport,Unknown,PF,-14.8094997406,-138.81300354,Pacific/Tahiti
NTGQ,PUK,Pukarua Airport,Pukarua,PF,-18.2956008911,-137.016998291,Pacific/Tahiti
NTGT,TKP,Takapoto Airport,Unknown,PF,-14.7095003128,-145.2460021973,Pacific/Tahiti
NTGU,AXR,Arutua Airport,Unknown,PF,-15.2482995987,-146.6170043945,Pacific/Tahiti
NTGV,MVT,Mataiva Airport,Unknown,PF,-14.8681001663,-148.7169952393,Pacific/Tahiti
NTGW,NUK,Nukutavake Airport,Nukutavake,PF,-19.2849998474,-138.7720031738,Pacific/Tahiti
NTGY,ZTA,Tureia Airport,Unknown,PF,-20.7896995544,-138.5700073242,Pacific/Tahiti
NTHE,AHE,Ahe Airport,Ahe Atoll,PF,-14.4280996323,-146.2570037842,Pacific/Tahiti
NTKA,KHZ,Kauehi Airport,Kauehi,PF,-15.7807998657,-145.1239929199,Pacific/Tahiti
NTKF,FAC,Faaite Airport,Unknown,PF,-16.6867008209,-145.328994751,Pacific/Tahiti
NTKH,FHZ,Fakahina Airport,Fakahina,PF,-15.9921998978,-140.1649932861,Pacific/Tahiti
NTKK,RKA,Aratika Nord Airport,Unknown,PF,-15.4853000641,-145.470001221,Pacific/Tahiti
NTKM,TJN,Takume Airport,Takume,PF,-15.8547000885,-142.2680053711,Pacific/Tahiti
NTKO,RRR,Raroia Airport,Unknown,PF,-16.045,-142.476944,Pacific/Tahiti
NTKR,TKX,Takaroa Airport,Unknown,PF,-14.4558000565,-145.0249938965,Pacific/Tahiti
NTKT,KXU,Katiu Airport,Katiu,PF,-16.3393993378,-144.4029998779,Pacific/Tahiti
NTMD,NHV,Nuku Hiva Airport,Unknown,PF,-8.7955999374,-140.2290039063,Pacific/Marquesas
NTMN,AUQ,Hiva Oa-Atuona Airport,Unknown,PF,-9.7687902451,-139.0110015869,Pacific/Marquesas
NTMP,UAP,Ua Pou Airport,Ua Pou,PF,-9.3516702652,-140.0780029297,Pacific/Marquesas
NTMU,UAH,Ua Huka Airport,Ua Huka,PF,-8.9361095428,-139.5520019531,Pacific/Marquesas
NTTB,BOB,Bora Bora Airport,Motu Mute,PF,-16.4444007874,-151.7510070801,Pacific/Tahiti
NTTE,TTI,Tetiaroa Airport,Tetiaroa,PF,-17.013299942,-149.5870056152,Pacific/Tahiti
NTTG,RGI,Rangiroa Airport,Unknown,PF,-14.9542999268,-147.6609954834,Pacific/Tahiti
NTTH,HUH,Huahine-Fare Airport,Fare,PF,-16.6872005463,-151.0220031738,Pacific/Tahiti
NTTM,MOZ,Moorea Airport,Unknown,PF,-17.4899997711,-149.7619934082,Pacific/Tahiti
NTTO,HOI,Hao Airport,Unknown,PF,-18.0748004913,-140.9459991455,Pacific/Tahiti
NTTP,MAU,Maupiti Airport,Unknown,PF,-16.4265003204,-152.2440032959,Pacific/Tahiti
NTTR,RFP,Raiatea Airport,Uturoa,PF,-16.7229003906,-151.466003418,Pacific/Tahiti
NTTX,UOA,Mururoa Atoll Airport,Mururoa Atoll,PF,-21.8670005798,-138.9170074463,Pacific/Tahiti
NTUV,VHZ,Vahitahi Airport,Vahitahi,PF,-18.7800006866,-138.8529968262,Pacific/Tahiti
NVSA,MTV,Mota Lava Airport,Ablow,VU,-13.6660003662,167.7120056152,Pacific/Efate
NVSC,SLH,Sola Airport,Sola,VU,-13.8516998291,167.5370025635,Pacific/Efate
NVSD,TOH,Torres Airstrip,Loh/Linua,VU,-13.3280000687,166.6380004883,Pacific/Efate
NVSE,EAE,Sangafa Airport,Sangafa,VU,-17.0902996063,168.3430023193,Pacific/Efate
NVSF,CCV,Craig Cove Airport,Craig Cove,VU,-16.2649993896,167.9239959717,Pacific/Efate
NVSG,LOD,Longana Airport,Longana,VU,-15.3066997528,167.9669952393,Pacific/Efate
NVSH,SSR,Sara Airport,Pentecost Island,VU,-15.4708003998,168.1519927979,Pacific/Efate
NVSI,PBJ,Tavie Airport,Paama Island,VU,-16.438999176,168.2570037842,Pacific/Efate
NVSL,LPM,Lamap Airport,Lamap,VU,-16.454000473,167.8229980469,Pacific/Efate
NVSM,LNB,Lamen Bay Airport,Lamen Bay,VU,-16.5841999054,168.158996582,Pacific/Efate
NVSN,MWF,Naone Airport,Maewo Island,VU,-15,168.0829925537,Pacific/Efate
NVSO,LNE,Lonorore Airport,Lonorore,VU,-15.8655996323,168.1719970703,Pacific/Efate
NVSP,NUS,Norsup Airport,Norsup,VU,-16.07970047,167.4010009766,Pacific/Efate
NVSQ,ZGU,Gaua Island Airport,Gaua Island,VU,-14.2180995941,167.587005615,Pacific/Efate
NVSR,RCL,Redcliffe Airport,Redcliffe,VU,-15.4720001221,167.8350067139,Pacific/Efate
NVSS,SON,Santo Pekoa International Airport,Luganville,VU,-15.5050001144,167.220001221,Pacific/Efate
NVST,TGH,Tongoa Island Airport,Tongoa Island,VU,-16.8910999298,168.550994873,Pacific/Efate
NVSU,ULB,Ulei Airport,Ambryn Island,VU,-16.3297,168.3011,Pacific/Efate
NVSV,VLS,Valesdir Airport,Valesdir,VU,-16.7961006165,168.1770019531,Pacific/Efate
NVSW,WLH,Walaha Airport,Walaha,VU,-15.4119997025,167.6909942627,Pacific/Efate
NVSX,SWJ,Southwest Bay Airport,Malekula Island,VU,-16.4864,167.4472,Pacific/Efate
NVSZ,OLJ,North West Santo Airport,Olpoi,VU,-14.8816995621,166.557998657,Pacific/Efate
NVVA,AUY,Anelghowhat Airport,Anelghowhat,VU,-20.2492008209,169.7709960938,Pacific/Efate
NVVB,AWD,Aniwa Airport,Aniwa,VU,-19.2399997711,169.6049957275,Pacific/Efate
NVVD,DLY,Dillon's Bay Airport,Dillon's Bay,VU,-18.7693996429,169.0010070801,Pacific/Efate
NVVF,FTA,Futuna Airport,Futuna Island,VU,-19.5163993835,170.231994629,Pacific/Efate
NVVI,IPA,Ipota Airport,Ipota,VU,-18.856389,169.283333,Pacific/Efate
NVVQ,UIQ,Quion Hill Airport,Quion Hill,VU,-17.5400009155,168.4420013428,Pacific/Efate
NVVV,VLI,Port Vila Bauerfield Airport,Port Vila,VU,-17.699300766,168.3200073242,Pacific/Efate
NVVW,TAH,Tanna Airport,Unknown,VU,-19.4550991058,169.2239990234,Pacific/Efate
NWWA,TGJ,Tiga Airport,Tiga,NC,-21.0960998535,167.8040008545,Pacific/Noumea
NWWC,BMY,Ile Art - Waala Airport,Waala,NC,-19.7206001282,163.6609954834,Pacific/Noumea
NWWD,KNQ,Kone Airport,Kone,NC,-21.0543003082,164.8370056152,Pacific/Noumea
NWWE,ILP,Ile des Pins Airport,Ile des Pins,NC,-22.5888996124,167.4559936523,Pacific/Noumea
NWWH,HLU,Nesson Airport,Houailou,NC,-21.2563991547,165.6170043945,Pacific/Noumea
NWWK,KOC,Koumac Airport,Koumac,NC,-20.5463008881,164.2559967041,Pacific/Noumea
NWWL,LIF,Lifou Airport,Lifou,NC,-20.7747993469,167.2400054932,Pacific/Noumea
NWWM,GEA,Noumea Magenta Airport,Noumea,NC,-22.2583007813,166.4730072021,Pacific/Noumea
NWWO,IOU,Edmond Cane Airport,Ile Ouen,NC,-22.4599990845,166.7830047607,Pacific/Noumea
NWWP,PUV,Poum Airport,Poum,NC,-20.2891998291,164.0989990234,Pacific/Noumea
NWWQ,PDC,Mueo Airport,Mueo,NC,-21.316400528,164.9989929199,Pacific/Noumea
NWWR,MEE,Mare Airport,Mare,NC,-21.4817008972,168.0379943848,Pacific/Noumea
NWWU,TOU,Touho Airport,Touho,NC,-20.7900009155,165.2590026855,Pacific/Noumea
NWWV,UVE,Ouvea Airport,Ouvea,NC,-20.6406002045,166.5729980469,Pacific/Noumea
NWWW,NOU,La Tontouta International Airport,Noumea,NC,-22.0146007538,166.2129974365,Pacific/Noumea
NZAA,AKL,Auckland International Airport,Auckland,NZ,-37.0080986023,174.7920074463,Pacific/Auckland
NZAP,TUO,Taupo Airport,Taupo,NZ,-38.7397003174,176.0839996338,Pacific/Auckland
NZAR,AMZ,Ardmore Airport,Manurewa,NZ,-37.0297012329,174.9730072021,Pacific/Auckland
NZAS,ASG,Ashburton Aerodrome,Unknown,NZ,-43.903301239,171.7969970703,Pacific/Auckland
NZCH,CHC,Christchurch International Airport,Christchurch,NZ,-43.4893989563,172.5319976807,Pacific/Auckland
NZCI,CHT,Chatham Islands-Tuuta Airport,Waitangi,NZ,-43.8100013733,-176.4570007324,Pacific/Chatham
NZCX,CMV,Coromandel Aerodrome,Unknown,NZ,-36.7916984558,175.5090026855,Pacific/Auckland
NZDA,DGR,Dargaville Aerodrome,Unknown,NZ,-35.9397010803,173.8939971924,Pacific/Auckland
NZDN,DUD,Dunedin Airport,Dunedin,NZ,-45.9281005859,170.1979980469,Pacific/Auckland
NZFJ,WHO,Franz Josef Aerodrome,Unknown,NZ,-43.3630981445,170.1340026855,Pacific/Auckland
NZGB,GBZ,Great Barrier Aerodrome,Claris,NZ,-36.2414016724,175.4720001221,Pacific/Auckland
NZGM,GMN,Greymouth Airport,Unknown,NZ,-42.4617004395,171.1900024414,Pacific/Auckland
NZGS,GIS,Gisborne Airport,Gisborne,NZ,-38.6632995605,177.9779968262,Pacific/Auckland
NZGT,GTN,Glentanner Airport,Glentanner Station,NZ,-43.9067001343,170.1280059814,Pacific/Auckland
NZHK,HKK,Hokitika Airfield,Unknown,NZ,-42.7136001587,170.9850006104,Pacific/Auckland
NZHN,HLZ,Hamilton International Airport,Hamilton,NZ,-37.8666992188,175.332000732,Pacific/Auckland
NZKE,WIK,Waiheke Reeve Airport,Unknown,NZ,-36.8088989258,175.0859985352,Pacific/Auckland
NZKI,KBZ,Kaikoura Airport,Unknown,NZ,-42.4249992371,173.6049957275,Pacific/Auckland
NZKK,KKE,Kerikeri Airport,Kerikeri,NZ,-35.2627983093,173.9120025635,Pacific/Auckland
NZKO,KKO,Kaikohe Airport,Unknown,NZ,-35.4510993958,173.8170013428,Pacific/Auckland
NZKT,KAT,Kaitaia Airport,Kaitaia,NZ,-35.0699996948,173.2850036621,Pacific/Auckland
NZLX,ALR,Alexandra Airport,Alexandra,NZ,-45.2117004395,169.3730010986,Pacific/Auckland
NZMA,MTA,Matamata Glider Airport,Unknown,NZ,-37.7344017029,175.7420043945,Pacific/Auckland
NZMC,MON,Mount Cook Airport,Unknown,NZ,-43.7649993896,170.1329956055,Pacific/Auckland
NZMF,MFN,Milford Sound Airport,Unknown,NZ,-44.6733016968,167.9230041504,Pacific/Auckland
NZMK,MZP,Motueka Airport,Unknown,NZ,-41.123298645,172.9889984131,Pacific/Auckland
NZMO,TEU,Manapouri Airport,Unknown,NZ,-45.5331001282,167.6499938965,Pacific/Auckland
NZMS,MRO,Hood Airport,Masterton,NZ,-40.9733009338,175.6340026855,Pacific/Auckland
NZNP,NPL,New Plymouth Airport,New Plymouth,NZ,-39.0085983276,174.1790008545,Pacific/Auckland
NZNR,NPE,Napier Airport,Unknown,NZ,-39.465801239,176.8699951172,Pacific/Auckland
NZNS,NSN,Nelson Airport,Nelson,NZ,-41.2983016968,173.220993042,Pacific/Auckland
NZNV,IVC,Invercargill Airport,Invercargill,NZ,-46.412399292,168.31300354,Pacific/Auckland
NZOH,OHA,RNZAF Base Ohakea,Unknown,NZ,-40.2060012817,175.3880004883,Pacific/Auckland
NZOU,OAM,Oamaru Airport,Unknown,NZ,-44.9700012207,171.0820007324,Pacific/Auckland
NZPM,PMR,Palmerston North Airport,Unknown,NZ,-40.3205986023,175.6170043945,Pacific/Auckland
NZPN,PCN,Picton Aerodrome,Picton,NZ,-41.3460998535,173.9559936523,Pacific/Auckland
NZPP,PPQ,Paraparaumu Airport,Unknown,NZ,-40.9047012329,174.9889984131,Pacific/Auckland
NZQN,ZQN,Queenstown International Airport,Queenstown,NZ,-45.0210990906,168.738998413,Pacific/Auckland
NZRA,RAG,Raglan Airfield,Unknown,NZ,-37.8046989441,174.8600006104,Pacific/Auckland
NZRC,SZS,Ryans Creek Aerodrome,Oban,NZ,-46.8997001648,168.100997925,Pacific/Auckland
NZRO,ROT,Rotorua Regional Airport,Rotorua,NZ,-38.1091995239,176.3170013428,Pacific/Auckland
NZTG,TRG,Tauranga Airport,Tauranga,NZ,-37.6719017029,176.1959991455,Pacific/Auckland
NZTH,TMZ,Thames Aerodrome,Unknown,NZ,-37.1567001343,175.5500030518,Pacific/Auckland
NZTK,KTF,Takaka Airport,Unknown,NZ,-40.8133010864,172.7749938965,Pacific/Auckland
NZTO,TKZ,Tokoroa Airfield,Tokoroa,NZ,-38.2366981506,175.891998291,Pacific/Auckland
NZTS,THH,Taharoa Aerodrome,Taharoa,NZ,-38.181098938,174.7079925537,Pacific/Auckland
NZTU,TIU,Timaru Airport,Unknown,NZ,-44.3027992249,171.2250061035,Pacific/Auckland
NZUK,TWZ,Pukaki Airport,Twitzel,NZ,-44.2350006104,170.117996216,Pacific/Auckland
NZWB,BHE,Woodbourne Airport,Blenheim,NZ,-41.5182991028,173.8699951172,Pacific/Auckland
NZWF,WKA,Wanaka Airport,Unknown,NZ,-44.7221984863,169.2460021973,Pacific/Auckland
NZWK,WHK,Whakatane Airport,Unknown,NZ,-37.9206008911,176.9140014648,Pacific/Auckland
NZWN,WLG,Wellington International Airport,Wellington,NZ,-41.3272018433,174.804992676,Pacific/Auckland
NZWO,WIR,Wairoa Airport,Wairoa,NZ,-39.0069007874,177.4069976807,Pacific/Auckland
NZWR,WRE,Whangarei Airport,Unknown,NZ,-35.7682991028,174.3650054932,Pacific/Auckland
NZWS,WSZ,Westport Airport,Unknown,NZ,-41.7380981445,171.5809936523,Pacific/Auckland
NZWT,WTZ,Whitianga Airport,Unknown,NZ,-36.8316993713,175.6790008545,Pacific/Auckland
NZWU,WAG,Wanganui Airport,Wanganui,NZ,-39.9622001648,175.0249938965,Pacific/Auckland
OABN,BIN,Bamiyan Airport,Bamiyan,AF,34.8170013428,67.8170013428,Asia/Kabul
OABT,BST,Bost Airport,Bost,AF,31.5597000122,64.3649978638,Asia/Kabul
OACC,CCN,Chakcharan Airport,Chakcharan,AF,34.533000946,65.266998291,Asia/Kabul
OADZ,DAZ,Darwaz Airport,Darwaz,AF,38.461101532,70.8824996948,Asia/Dushanbe
OAFR,FAH,Farah Airport,Farah,AF,32.3670005798,62.1829986572,Asia/Kabul
OAFZ,FBD,Faizabad Airport,Faizabad,AF,37.1211013794,70.5180969238,Asia/Kabul
OAHN,KWH,Khwahan Airport,Khwahan,AF,37.8829994202,70.2170028687,Asia/Dushanbe
OAHR,HEA,Herat Airport,Unknown,AF,34.2099990845,62.2282981873,Asia/Kabul
OAIX,OAI,Bagram Air Base,Bagram,AF,34.9460983276,69.2649993896,Asia/Kabul
OAJL,JAA,Jalalabad Airport,Unknown,AF,34.3997993469,70.4985961914,Asia/Kabul
OAKB,KBL,Kabul International Airport,Kabul,AF,34.5658988953,69.2123031616,Asia/Kabul
OAKN,KDH,Kandahar Airport,Unknown,AF,31.5058002472,65.8478012085,Asia/Kabul
OAKS,KHT,Khost Airport,Khost,AF,33.3334007263,69.952003479,Asia/Kabul
OAMN,MMZ,Maimana Airport,Unknown,AF,35.9308013916,64.7609024048,Asia/Kabul
OAMS,MZR,Mazar I Sharif Airport,Unknown,AF,36.7069015503,67.2097015381,Asia/Kabul
OAQN,LQN,Qala-I-Naw Airport,Qala-I-Naw,AF,34.9850006104,63.1178016663,Asia/Kabul
OASA,OAS,Sharana Airstrip,Sharana,AF,33.12575,68.838517,Asia/Kabul
OASD,OAH,Shindand Airport,Unknown,AF,33.3913002014,62.2610015869,Asia/Kabul
OASN,SGA,Sheghnan Airport,Sheghnan,AF,37.5670013428,71.5,Asia/Dushanbe
OATN,TII,Tarin Kowt Airport,Tarin Kowt,AF,32.6041984558,65.8657989502,Asia/Kabul
OATQ,TQN,Talolqan Airport,Taloqan,AF,36.7706985474,69.5319976807,Asia/Kabul
OAUZ,UND,Konduz Airport,Unknown,AF,36.6651000977,68.9107971191,Asia/Kabul
OAZI,OAZ,Camp Bastion Airport,Unknown,AF,31.8638000488,64.2246017456,Asia/Kabul
OAZJ,ZAJ,Zaranj Airport,Zaranj,AF,30.972222,61.865833,Asia/Kabul
OBBI,BAH,Bahrain International Airport,Manama,BH,26.2707996368,50.6335983276,Asia/Bahrain
OEAB,AHB,Abha Regional Airport,Abha,SA,18.2404003143,42.6566009521,Asia/Riyadh
OEAH,HOF,Al Ahsa Airport,Unknown,SA,25.2852993011,49.4851989746,Asia/Riyadh
OEAO,ULH,Prince Abdul Majeed bin Abdulaziz International Airport,Al-'Ula,SA,26.483333,38.116944,Asia/Riyadh
OEBA,ABT,Al Baha Airport,Unknown,SA,20.2961006165,41.6343002319,Asia/Riyadh
OEBH,BHH,Bisha Airport,Unknown,SA,19.9843997955,42.6208992004,Asia/Riyadh
OEDF,DMM,King Fahd International Airport,Ad Dammam,SA,26.471200943,49.7979011536,Asia/Riyadh
OEDM,DWD,Dawadmi Domestic Airport,Dawadmi,SA,24.449722,44.121111,Asia/Riyadh
OEDR,DHA,King Abdulaziz Air Base,Unknown,SA,26.2653999329,50.1520004272,Asia/Riyadh
OEGN,GIZ,Jizan Regional Airport,Jizan,SA,16.9011001587,42.5858001709,Asia/Riyadh
OEGS,ELQ,Gassim Airport,Unknown,SA,26.3027992249,43.7743988037,Asia/Riyadh
OEGT,URY,Guriat Domestic Airport,Unknown,SA,31.4118995667,37.279499054,Asia/Riyadh
OEHL,HAS,Hail Airport,Unknown,SA,27.4379005432,41.6862983704,Asia/Riyadh
OEJB,QJB,Jubail Airport,Jubail,SA,27.0389995575,49.4051017761,Asia/Riyadh
OEJN,JED,King Abdulaziz International Airport,Jeddah,SA,21.679599762,39.15650177,Asia/Riyadh
OEKK,HBT,King Khaled Military City Airport,King Khaled Military City,SA,27.9008998871,45.5281982422,Asia/Riyadh
OEKM,KMX,King Khaled Air Base,Unknown,SA,18.2973003387,42.8035011292,Asia/Riyadh
OEMA,MED,Prince Mohammad Bin Abdulaziz Airport,Medina,SA,24.5534000397,39.7051010132,Asia/Riyadh
OENG,EAM,Nejran Airport,Nejran,SA,17.6114006042,44.4192008972,Asia/Riyadh
OENN,NUM,Neom Bay Airport,Neom,SA,27.9276,35.2887,Asia/Riyadh
OEPA,AQI,Hafr Al Batin Airport,Qaisumah,SA,28.3351993561,46.1250991821,Asia/Riyadh
OEPS,AKH,Prince Sultan Air Base,Unknown,SA,24.0627002716,47.5805015564,Asia/Riyadh
OERF,RAH,Rafha Domestic Airport,Rafha,SA,29.6263999939,43.4906005859,Asia/Riyadh
OERK,RUH,King Khaled International Airport,Riyadh,SA,24.9575996399,46.6987991333,Asia/Riyadh
OERR,RAE,Arar Domestic Airport,Arar,SA,30.9066009521,41.1381988525,Asia/Riyadh
OERS,RSI,Red Sea International Airport,Hanak,SA,25.628067114969124,37.088822323268644,Asia/Riyadh
OERY,XXN,Riyadh Air Base,Riyadh,SA,24.7098007202,46.7252006531,Asia/Riyadh
OESH,SHW,Sharurah Airport,Unknown,SA,17.4668998718,47.1213989258,Asia/Riyadh
OESK,AJF,Al-Jawf Domestic Airport,Al-Jawf,SA,29.7851009369,40.0999984741,Asia/Riyadh
OESL,SLF,Sulayel Airport,Unknown,SA,20.4647006989,45.6195983887,Asia/Riyadh
OETB,TUU,Tabuk Airport,Unknown,SA,28.3654003143,36.6189002991,Asia/Riyadh
OETF,TIF,Taif Airport,Unknown,SA,21.4834003448,40.5443000793,Asia/Riyadh
OETR,TUI,Turaif Domestic Airport,Unknown,SA,31.6926994324,38.7312011719,Asia/Riyadh
OEWD,WAE,Wadi Al Dawasir Airport,Unknown,SA,20.5042991638,45.1996002197,Asia/Riyadh
OEWJ,EJH,Al Wajh Domestic Airport,Al Wajh,SA,26.198600769,36.476398468,Asia/Riyadh
OEYN,YNB,Yenbo Airport,Unknown,SA,24.1441993713,38.0634002686,Asia/Riyadh
OEZL,ZUL,Zilfi Airport,Zilfi,SA,26.3500003815,44.8330001831,Asia/Riyadh
OIAA,ABD,Abadan Airport,Abadan,IR,30.371099472,48.2282981873,Asia/Tehran
OIAD,DEF,Dezful Airport,Unknown,IR,32.4343986511,48.3975982666,Asia/Tehran
OIAG,AKW,Aghajari Airport,Omidiyeh,IR,30.7444000244,49.6772003174,Asia/Tehran
OIAH,GCH,Gachsaran Airport,Unknown,IR,30.337600708,50.827999115,Asia/Tehran
OIAI,QMJ,Shahid Asyaee Airport,Unknown,IR,32.0023994446,49.270401001,Asia/Tehran
OIAJ,OMI,Omidiyeh Airport,Omidiyeh,IR,30.8351993561,49.5349006653,Asia/Tehran
OIAM,MRX,Mahshahr Airport,Unknown,IR,30.5562000275,49.1519012451,Asia/Tehran
OIAW,AWZ,Ahwaz Airport,Ahwaz,IR,31.3374004364,48.7620010376,Asia/Tehran
OIBA,AEU,Abumusa Island Airport,Unknown,IR,25.8756999969,55.033000946,Asia/Tehran
OIBB,BUZ,Bushehr Airport,Bushehr,IR,28.9447994232,50.8345985413,Asia/Tehran
OIBH,IAQ,Bastak Airport,Unknown,IR,27.2126998901,54.3185997009,Asia/Tehran
OIBI,AOY,Asaloyeh Airport,Asaloyeh,IR,27.4813995361,52.6155014038,Asia/Tehran
OIBJ,KNR,Jam Airport,Kangan,IR,27.8204994202,52.3521995544,Asia/Tehran
OIBK,KIH,Kish International Airport,Kish Island,IR,26.5261993408,53.9802017212,Asia/Tehran
OIBL,BDH,Bandar Lengeh Airport,Bandar Lengeh,IR,26.531999588,54.824798584,Asia/Tehran
OIBP,PGU,Persian Gulf International Airport,Asalouyeh,IR,27.3796005249,52.737701416,Asia/Tehran
OIBQ,KHK,Khark Island Airport,Unknown,IR,29.2602996826,50.3238983154,Asia/Tehran
OIBS,SXI,Sirri Island Airport,Unknown,IR,25.9088993073,54.5393981934,Asia/Tehran
OIBV,LVP,Lavan Island Airport,Unknown,IR,26.810300827,53.356300354,Asia/Tehran
OICC,KSH,Shahid Ashrafi Esfahani Airport,Kermanshah,IR,34.3459014893,47.1581001282,Asia/Tehran
OICI,IIL,Ilam Airport,Ilam,IR,33.5866012573,46.404800415,Asia/Tehran
OICK,KHD,Khoram Abad Airport,Unknown,IR,33.4353981018,48.2829017639,Asia/Tehran
OICS,SDG,Sanandaj Airport,Unknown,IR,35.2458992004,47.0092010498,Asia/Tehran
OIFE,IFH,Hesa Airport,Hesa,IR,32.9289016724,51.5611000061,Asia/Tehran
OIFK,KKS,Kashan Airport,Unknown,IR,33.8953018188,51.5769996643,Asia/Tehran
OIFM,IFN,Esfahan Shahid Beheshti International Airport,Isfahan,IR,32.7508010864,51.8613014221,Asia/Tehran
OIFS,CQD,Shahrekord Airport,Shahrekord,IR,32.2971992493,50.8422012329,Asia/Tehran
OIGG,RAS,Sardar-e-Jangal Airport,Rasht,IR,37.323333,49.617778,Asia/Tehran
OIHH,HDM,Hamadan Airport,Hamadan,IR,34.8692016602,48.5525016785,Asia/Tehran
OIHR,AJK,Arak Airport,Araak,IR,34.1380996704,49.8473014832,Asia/Tehran
OIHS,NUJ,Hamadan Air Base,Hamadan,IR,35.2116012573,48.6534004211,Asia/Tehran
OIIE,IKA,Imam Khomeini International Airport,Tehran,IR,35.4160995483,51.1521987915,Asia/Tehran
OIII,THR,Mehrabad International Airport,Tehran,IR,35.689201355,51.3134002686,Asia/Tehran
OIIK,GZW,Qazvin Airport,Qazvin,IR,36.2401008606,50.0471000671,Asia/Tehran
OIIP,PYK,Payam Airport,Unknown,IR,35.7761001587,50.8266983032,Asia/Tehran
OIIS,SNX,Semnan Airport,Semnan,IR,35.5910987854,53.495098114,Asia/Tehran
OIKB,BND,Bandar Abbas International Airport,Bandar Abbas,IR,27.2182998657,56.3777999878,Asia/Tehran
OIKJ,JYR,Jiroft Airport,Unknown,IR,28.7269001007,57.67029953,Asia/Tehran
OIKK,KER,Kerman Airport,Kerman,IR,30.2744007111,56.9510993958,Asia/Tehran
OIKM,BXR,Bam Airport,Unknown,IR,29.0841999054,58.4500007629,Asia/Tehran
OIKP,HDR,Havadarya Airport,Havadarya,IR,27.1583003998,56.1725006104,Asia/Tehran
OIKQ,GSM,Dayrestan Airport,Unknown,IR,26.7546005249,55.9024009705,Asia/Tehran
OIKR,RJN,Rafsanjan Airport,Unknown,IR,30.297700882,56.0511016846,Asia/Tehran
OIKY,SYJ,Sirjan Airport,Unknown,IR,29.5508995056,55.6726989746,Asia/Tehran
OIMB,XBJ,Birjand Airport,Birjand,IR,32.8981018066,59.2661018372,Asia/Tehran
OIMC,CKT,Sarakhs Airport,Sarakhs,IR,36.5012016296,61.0648994446,Asia/Tehran
OIMJ,RUD,Shahroud Airport,Unknown,IR,36.4253005981,55.1041984558,Asia/Tehran
OIMM,MHD,Mashhad International Airport,Mashhad,IR,36.2351989746,59.6409988403,Asia/Tehran
OIMN,BJB,Bojnord Airport,Bojnord,IR,37.4930000305,57.3082008362,Asia/Tehran
OIMS,AFZ,Sabzevar National Airport,Sabzevar,IR,36.1680984497,57.595199585,Asia/Tehran
OIMT,TCX,Tabas Airport,Tabas,IR,33.6678009033,56.8927001953,Asia/Tehran
OINE,KLM,Kalaleh Airport,Unknown,IR,37.3833007813,55.4519996643,Asia/Tehran
OING,GBT,Gorgan Airport,Gorgan,IR,36.9094009399,54.4012985229,Asia/Tehran
OINJ,BSM,Bishe Kola Air Base,Amol,IR,36.6551017761,52.3496017456,Asia/Tehran
OINN,NSH,Noshahr Airport,Unknown,IR,36.6632995605,51.4646987915,Asia/Tehran
OINR,RZR,Ramsar Airport,Unknown,IR,36.9099006653,50.679599762,Asia/Tehran
OINZ,SRY,Dasht-e Naz Airport,Sari,IR,36.635799408,53.1935997009,Asia/Tehran
OISF,FAZ,Fasa Airport,Fasa,IR,28.8917999268,53.7233009338,Asia/Tehran
OISJ,JAR,Jahrom Airport,Unknown,IR,28.5867004395,53.5791015625,Asia/Tehran
OISL,LRR,Lar Airport,Lar,IR,27.6746997833,54.3833007812,Asia/Tehran
OISR,LFM,Lamerd Airport,Lamerd,IR,27.3726997375,53.1888008118,Asia/Tehran
OISS,SYZ,Shiraz Shahid Dastghaib International Airport,Shiraz,IR,29.5391998291,52.5898017883,Asia/Tehran
OISY,YES,Yasouj Airport,Unknown,IR,30.7005004883,51.5451011658,Asia/Tehran
OITK,KHY,Khoy Airport,Khoy,IR,38.4275016785,44.9735984802,Asia/Tehran
OITL,ADU,Ardabil Airport,Ardabil,IR,38.3256988525,48.4244003296,Asia/Tehran
OITM,ACP,Sahand Airport,Maragheh,IR,37.3479995728,46.1278991699,Asia/Tehran
OITP,PFQ,Parsabade Moghan Airport,Parsabad,IR,39.6035995483,47.8815002441,Asia/Tehran
OITR,OMH,Urmia Airport,Urmia,IR,37.6680984497,45.0686988831,Asia/Tehran
OITT,TBZ,Tabriz International Airport,Tabriz,IR,38.1338996887,46.2350006104,Asia/Tehran
OITU,IMQ,Makou Airport,Makou,IR,39.3300018311,44.4300003052,Asia/Tehran
OITZ,JWN,Zanjan Airport,Unknown,IR,36.7737007141,48.3594017029,Asia/Tehran
OIYY,AZD,Shahid Sadooghi Airport,Yazd,IR,31.9048995972,54.2765007019,Asia/Tehran
OIZB,ACZ,Zabol Airport,Unknown,IR,31.0983009338,61.5438995361,Asia/Tehran
OIZC,ZBR,Konarak Airport,Chabahar,IR,25.4433002472,60.3820991516,Asia/Tehran
OIZH,ZAH,Zahedan International Airport,Zahedan,IR,29.4757003784,60.9062004089,Asia/Tehran
OIZI,IHR,Iran Shahr Airport,Unknown,IR,27.2360992432,60.7200012207,Asia/Tehran
OJAI,AMM,Queen Alia International Airport,Amman,JO,31.7226009369,35.9931983948,Asia/Amman
OJAM,ADJ,Amman-Marka International Airport,Amman,JO,31.972700119,35.9916000366,Asia/Amman
OJAQ,AQJ,Aqaba King Hussein International Airport,Aqaba,JO,29.6116008759,35.0181007385,Asia/Amman
OJMF,OMF,King Hussein Air College,Mafraq,JO,32.3563995361,36.2592010498,Asia/Amman
OK03,DWN,Downtown Airpark,Oklahoma City,US,35.4491996765,-97.5330963135,America/Chicago
OKAJ,XIJ,Ahmed Al Jaber Air Base,Ahmed Al Jaber AB,KW,28.9347991943,47.7919006348,Asia/Kuwait
OKKK,KWI,Kuwait International Airport,Kuwait City,KW,29.226600647,47.9688987732,Asia/Kuwait
OLBA,BEY,Beirut Rafic Hariri International Airport,Beirut,LB,33.8208999634,35.4883995056,Asia/Beirut
OLKA,KYE,Rene Mouawad Air Base,Tripoli,LB,34.5892982483,36.0112991333,Asia/Beirut
OMAA,AUH,Abu Dhabi International Airport,Abu Dhabi,AE,24.4330005646,54.6511001587,Asia/Dubai
OMAD,AZI,Al Bateen Executive Airport,Unknown,AE,24.4283008575,54.4580993652,Asia/Dubai
OMAL,AAN,Al Ain International Airport,Al Ain,AE,24.2616996765,55.6091995239,Asia/Dubai
OMAM,DHF,Al Dhafra Air Base,Unknown,AE,24.2481994629,54.5476989746,Asia/Dubai
OMBY,XSB,Sir Bani Yas Airport,Sir Bani Yas,AE,24.282196,52.582068,Asia/Dubai
OMDB,DXB,Dubai International Airport,Dubai,AE,25.2527999878,55.3643989563,Asia/Dubai
OMDM,NHD,Al Minhad Air Base,Dubai,AE,25.0268001556,55.3661994934,Asia/Dubai
OMDW,DWC,Al Maktoum International Airport,Jebel Ali,AE,24.8966666667,55.1613888889,Asia/Dubai
OMFJ,FJR,Fujairah International Airport,Unknown,AE,25.1121997833,56.3240013123,Asia/Dubai
OMRK,RKT,Ras Al Khaimah International Airport,Ras Al Khaimah,AE,25.6135005951,55.9388008118,Asia/Dubai
OMSJ,SHJ,Sharjah International Airport,Sharjah,AE,25.3285999298,55.51720047,Asia/Dubai
OOAD,AOM,Adam Airport,Adam,OM,22.493056,57.381944,Asia/Muscat
OOBR,RMB,Buraimi Airport,Buraimi,OM,24.2329998016,55.783000946,Asia/Dubai
OODQ,DQM,Duqm International Airport,Duqm,OM,19.5019,57.6342,Asia/Muscat
OOFD,FAU,Fahud Airport,Fahud,OM,22.354759318,56.4841461182,Asia/Muscat
OOGB,RNM,Qarn Alam Airport,Ghaba,OM,21.3829994202,57.0499992371,Asia/Muscat
OOKB,KHS,Khasab Air Base,Khasab,OM,26.170999527,56.2406005859,Asia/Muscat
OOLK,LKW,Lekhwair Airport,Unknown,OM,22.8049846844,55.3733682632,Asia/Muscat
OOMA,MSH,Masirah Air Base,Masirah,OM,20.6753997803,58.890499115,Asia/Muscat
OOMS,MCT,Muscat International Airport,Muscat,OM,23.5932998657,58.2844009399,Asia/Muscat
OOMX,OMM,Marmul Airport,Marmul,OM,18.1359996796,55.1820983887,Asia/Muscat
OORQ,MNH,Rustaq Airport,Al Muladdah,OM,23.6405555556,57.4875,Asia/Muscat
OOSA,SLL,Salalah Airport,Salalah,OM,17.0387001038,54.0913009644,Asia/Muscat
OOSH,OHS,Sohar Airport,Sohar,OM,24.4641666667,56.6283333333,Asia/Muscat
OOSR,SUH,Sur Airport,Sur,OM,22.533000946,59.483001709,Asia/Muscat
OOTH,TTH,Thumrait Air Base,Thumrait,OM,17.6660003662,54.0246009827,Asia/Muscat
OPAB,AAW,Abbottabad Airport,Abbottabad,PK,34.2000007629,73.25,Asia/Karachi
OPBG,BHW,Bhagatanwala Airport,Bhagatanwala,PK,32.056098938,72.9484024048,Asia/Karachi
OPBN,BNP,Bannu Airport,Bannu,PK,32.9729003906,70.5279006958,Asia/Karachi
OPBR,WGB,Bahawalnagar Airport,Bahawalnagar,PK,29.9463005066,73.2490997314,Asia/Karachi
OPBW,BHV,Bahawalpur Airport,Bahawalpur,PK,29.3481006622,71.7180023193,Asia/Karachi
OPCH,CJL,Chitral Airport,Chitral,PK,35.8866004944,71.8005981445,Asia/Karachi
OPCL,CHB,Chilas Airport,Chilas,PK,35.426700592,74.081703186,Asia/Karachi
OPDB,DBA,Dalbandin Airport,Dalbandin,PK,28.8782997131,64.3998031616,Asia/Karachi
OPDD,DDU,Dadu Airport,Dadu,PK,26.5545005798,67.6745986938,Asia/Karachi
OPDG,DEA,Dera Ghazi Khan Airport,Dera Ghazi Khan,PK,29.9610004425,70.4859008789,Asia/Karachi
OPDI,DSK,Dera Ismael Khan Airport,Dera Ismael Khan,PK,31.9094009399,70.8965988159,Asia/Karachi
OPFA,LYP,Faisalabad International Airport,Faisalabad,PK,31.3649997711,72.9947967529,Asia/Karachi
OPGD,GWD,Gwadar International Airport,Gwadar,PK,25.2332992554,62.329498291,Asia/Karachi
OPGT,GIL,Gilgit Airport,Gilgit,PK,35.918800354,74.3336029053,Asia/Karachi
OPIS,ISB,Islamabad International Airport,Islamabad,PK,33.5490833333333,72.82565,Asia/Karachi
OPJA,JAG,Shahbaz Air Base,Jacobabad,PK,28.2842006683,68.4496994019,Asia/Karachi
OPJI,JIW,Jiwani Airport,Jiwani,PK,25.0678005219,61.8054008484,Asia/Karachi
OPKC,KHI,Jinnah International Airport,Karachi,PK,24.9064998627,67.1607971191,Asia/Karachi
OPKD,HDD,Hyderabad Airport,Hyderabad,PK,25.3180999756,68.3660964966,Asia/Karachi
OPKH,KDD,Khuzdar Airport,Khuzdar,PK,27.790599823,66.6473007202,Asia/Karachi
OPKL,KBH,Kalat Airport,Kalat,PK,29.1333332062,66.5166702271,Asia/Karachi
OPKT,OHT,Kohat Airport,Kohat,PK,33.5699996948,71.4400024414,Asia/Karachi
OPKW,KCF,Kadanwari Airport,Kadanwari,PK,27.21,69.29,Asia/Karachi
OPLA,LHE,Alama Iqbal International Airport,Lahore,PK,31.5216007233,74.4036026001,Asia/Karachi
OPLL,LRG,Loralai Airport,Loralai,PK,30.3554992676,68.6135025024,Asia/Karachi
OPMA,XJM,Mangla Airport,Mangla,PK,33.0500984192,73.6383972168,Asia/Karachi
OPMF,MFG,Muzaffarabad Airport,Muzaffarabad,PK,34.3390007019,73.5085983276,Asia/Karachi
OPMI,MWD,Mianwali Air Base,Mianwali,PK,32.5630989075,71.5707015991,Asia/Karachi
OPMJ,MJD,Moenjodaro Airport,Moenjodaro,PK,27.3351993561,68.1430969238,Asia/Karachi
OPMP,MPD,Sindhri Tharparkar Airport,Sindhri,PK,25.682800293,69.0727996826,Asia/Karachi
OPMT,MUX,Multan International Airport,Multan,PK,30.2031993866,71.4190979004,Asia/Karachi
OPNH,WNS,Nawabshah Airport,Nawabash,PK,26.2194004059,68.3900985718,Asia/Karachi
OPNK,NHS,Nushki Airport,Nushki,PK,29.5389995575,66.0233001709,Asia/Karachi
OPOR,ORW,Ormara Airport,Ormara Raik,PK,25.2747001648,64.5859985352,Asia/Karachi
OPPC,PAJ,Parachinar Airport,Parachinar,PK,33.9020996094,70.0716018677,Asia/Karachi
OPPG,PJG,Panjgur Airport,Panjgur,PK,26.9545001984,64.1324996948,Asia/Karachi
OPPI,PSI,Pasni Airport,Pasni,PK,25.2905006409,63.3451004028,Asia/Karachi
OPPS,PEW,Peshawar International Airport,Peshawar,PK,33.9939002991,71.5146026611,Asia/Karachi
OPQT,UET,Quetta International Airport,Quetta,PK,30.2513999939,66.9377975464,Asia/Karachi
OPRK,RYK,Shaikh Zaid Airport,Rahim Yar Khan,PK,28.3838996887,70.2796020508,Asia/Karachi
OPRT,RAZ,Rawalakot Airport,Rawalakot,PK,33.8497009277,73.7981033325,Asia/Karachi
OPSB,SBQ,Sibi Airport,Sibi,PK,29.5711994171,67.8479003906,Asia/Karachi
OPSD,KDU,Skardu Airport,Skardu,PK,35.3354988098,75.5360031128,Asia/Karachi
OPSK,SKZ,Sukkur Airport,Mirpur Khas,PK,27.7220001221,68.7917022705,Asia/Karachi
OPSN,SYW,Sehwan Sharif Airport,Sehwan Sharif,PK,26.4731006622,67.7172012329,Asia/Karachi
OPSR,SGI,Mushaf Air Base,Sargodha,PK,32.0485992432,72.6650009155,Asia/Karachi
OPSS,SDT,Saidu Sharif Airport,Saidu Sharif,PK,34.8135986328,72.3527984619,Asia/Karachi
OPST,SKT,Sialkot Airport,Sialkot,PK,32.5355567932,74.3638916016,Asia/Karachi
OPSU,SUL,Sui Airport,Sui,PK,28.6450996399,69.176902771,Asia/Karachi
OPSW,SWN,Sahiwal Airport,Sahiwal,PK,31.8894443512,72.3916702271,Asia/Karachi
OPTA,TLB,Tarbela Dam Airport,Tarbela,PK,33.9860992432,72.6113967896,Asia/Karachi
OPTH,BDN,Talhar Airport,Badin,PK,24.8414993286,68.8384017944,Asia/Karachi
OPTT,TFT,Taftan Airport,Taftan,PK,28.9641990662,61.5954017639,Asia/Karachi
OPTU,TUK,Turbat International Airport,Turbat,PK,25.9864006042,63.0302009583,Asia/Karachi
OPWN,WAF,Wana Airport,Waana,PK,32.3046989441,69.5703964233,Asia/Karachi
OPZB,PZH,Zhob Airport,Fort Sandeman,PK,31.3584003448,69.4636001587,Asia/Karachi
ORAA,IQA,Al Asad Air Base,Hit,IQ,33.7855987549,42.4412002563,Asia/Baghdad
ORAT,TQD,Al Taqaddum Air Base,Al Habbaniyah,IQ,33.3381004333,43.5970993042,Asia/Baghdad
ORBB,BMN,Bamarni Airport,Bamarni,IQ,37.0988006592,43.2666015625,Asia/Baghdad
ORBI,BGW,Baghdad International Airport,Baghdad,IQ,33.2625007629,44.2346000671,Asia/Baghdad
ORBM,OSB,Mosul International Airport,Mosul,IQ,36.3058013916,43.1473999023,Asia/Baghdad
ORER,EBL,Erbil International Airport,Arbil,IQ,36.2375984192,43.9631996155,Asia/Baghdad
ORKK,KIK,Kirkuk Air Base,Kirkuk,IQ,35.4695014954,44.3488998413,Asia/Baghdad
ORMM,BSR,Basrah International Airport,Basrah,IQ,30.5491008759,47.6621017456,Asia/Baghdad
ORNI,NJF,Al Najaf International Airport,Najaf,IQ,31.989722,44.404167,Asia/Baghdad
ORQW,RQW,Qayyarah West Airport,Qayyarah,IQ,35.76720047,43.1250991821,Asia/Baghdad
ORSU,ISU,Sulaymaniyah International Airport,Sulaymaniyah,IQ,35.5617485046,45.3167381287,Asia/Baghdad
OSAP,ALP,Aleppo International Airport,Aleppo,SY,36.1806983948,37.2243995667,Asia/Damascus
OSDI,DAM,Damascus International Airport,Damascus,SY,33.4114990234,36.5155982971,Asia/Damascus
OSDZ,DEZ,Deir ez-Zor Airport,Deir ez-Zor,SY,35.2854003906,40.1759986877,Asia/Damascus
OSKL,KAC,Kamishly Airport,Kamishly,SY,37.0205993652,41.1913986206,Asia/Damascus
OSLK,LTK,Bassel Al-Assad International Airport,Latakia,SY,35.4011001587,35.9486999512,Asia/Damascus
OSPR,PMS,Palmyra Airport,Unknown,SY,34.5573997498,38.3168983459,Asia/Damascus
OTBD,DIA,Doha International Airport,Doha,QA,25.261100769,51.5651016235,Asia/Qatar
OTBH,IUD,Al Udeid Air Base,Ar Rayyan,QA,25.1173000336,51.3149986267,Asia/Qatar
OTHH,DOH,Hamad International Airport,Doha,QA,25.2605946,51.6137665,Asia/Qatar
OYAA,ADE,Aden International Airport,Aden,YE,12.8295001984,45.0288009644,Asia/Aden
OYAB,EAB,Abs Airport,Abs,YE,16.011111,43.177778,Asia/Aden
OYAT,AXK,Ataq Airport,Unknown,YE,14.5513000488,46.8261985779,Asia/Aden
OYBI,BYD,Al-Bayda Airport,Al-Bayda,YE,13.9670000076,45.5830001831,Asia/Aden
OYBN,BHN,Beihan Airport,Unknown,YE,14.781999588,45.7201004028,Asia/Aden
OYGD,AAY,Al Ghaidah International Airport,Unknown,YE,16.1916999817,52.1749992371,Asia/Aden
OYHD,HOD,Hodeidah International Airport,Hodeida,YE,14.7530002594,42.9762992859,Asia/Aden
OYMB,MYN,Mareb Airport,Mareb,YE,15.4692001343,45.3269004822,Asia/Aden
OYQN,IHN,Qishn Airport,Qishn,YE,15.4169998169,51.6829986572,Asia/Aden
OYRN,RIY,Mukalla International Airport,Riyan,YE,14.6625995636,49.375,Asia/Aden
OYSH,SYE,Sadah Airport,Sadah,YE,16.966999054,43.733001709,Asia/Aden
OYSN,SAH,Sana'a International Airport,Sana'a,YE,15.4763002396,44.2196998596,Asia/Aden
OYSQ,SCT,Socotra International Airport,Socotra Islands,YE,12.6307001114,53.9057998657,Asia/Aden
OYSY,GXF,Sayun International Airport,Sayun,YE,15.9660997391,48.7882995605,Asia/Aden
OYTZ,TAI,Ta'izz International Airport,Ta'izz,YE,13.6859998703,44.1390991211,Asia/Aden
PAAK,AKB,Atka Airport,Atka,US,52.22029877,-174.2059937,America/Adak
PAAL,PML,Port Moller Airport,Cold Bay,US,56.0060005188,-160.561004639,America/Anchorage
PAAQ,PAQ,Palmer Municipal Airport,Palmer,US,61.5948982239,-149.0890045166,America/Anchorage
PAAT,ATU,Casco Cove Coast Guard Station,Attu,US,52.83254166,173.17555416,America/Adak
PABA,BTI,Barter Island LRRS Airport,Barter Island Lrrs,US,70.1340026855,-143.582000732,America/Anchorage
PABE,BET,Bethel Airport,Bethel,US,60.77980042,-161.8379974,America/Anchorage
PABG,BVU,Beluga Airport,Beluga,US,61.1721992493,-151.044006348,America/Anchorage
PABI,BIG,Allen Army Airfield,Delta Junction Ft Greely,US,63.9944992065,-145.722000122,America/Anchorage
PABL,BKC,Buckland Airport,Buckland,US,65.9815979004,-161.149002075,America/Anchorage
PABM,BMX,Big Mountain Airport,Big Mountain,US,59.3611984253,-155.259002686,America/Anchorage
PABR,BRW,Wiley Post Will Rogers Memorial Airport,Barrow,US,71.2854003906,-156.7660064697,America/Anchorage
PABT,BTT,Bettles Airport,Bettles,US,66.91390228,-151.529007,America/Anchorage
PACD,CDB,Cold Bay Airport,Cold Bay,US,55.2061004639,-162.7250061035,America/Nome
PACE,CEM,Central Airport,Central,US,65.57379913,-144.7830048,America/Anchorage
PACH,CHU,Chuathbaluk Airport,Chuathbaluk,US,61.57910156,-159.2160034,America/Anchorage
PACI,CIK,Chalkyitsik Airport,Chalkyitsik,US,66.6449966431,-143.740005493,America/Anchorage
PACK,CYF,Chefornak Airport,Chefornak,US,60.1492004395,-164.2859954834,America/Nome
PACM,SCM,Scammon Bay Airport,Scammon Bay,US,61.8452987671,-165.570999146,America/Nome
PACR,IRC,Circle City /New/ Airport,Circle,US,65.83049774,-144.076004,America/Anchorage
PACS,WSF,Cape Sarichef Airport,Cape Sarichef,US,54.5824012756,-164.9140014648,America/Nome
PACV,CDV,Merle K (Mudhole) Smith Airport,Cordova,US,60.4917984,-145.4779968,America/Anchorage
PACX,CXF,Coldfoot Airport,Coldfoot,US,67.2521972656,-150.203994751,America/Anchorage
PACY,CYT,Yakataga Airport,Yakataga,US,60.0820007324,-142.4929962158,America/Anchorage
PACZ,CZF,Cape Romanzof LRRS Airport,Cape Romanzof,US,61.78030014,-166.0390015,America/Nome
PADE,DRG,Deering Airport,Deering,US,66.0696029663,-162.76600647,America/Nome
PADG,RDB,Red Dog Airport,Red Dog,US,68.0320968628,-162.899002075,America/Nome
PADK,ADK,Adak Airport,Adak Island,US,51.8779983521,-176.6459960938,America/Adak
PADL,DLG,Dillingham Airport,Dillingham,US,59.04470062,-158.5050049,America/Anchorage
PADM,MLL,Marshall Don Hunter Sr Airport,Marshall,US,61.8642997742,-162.0260009766,America/Anchorage
PADQ,ADQ,Kodiak Airport,Kodiak,US,57.75,-152.4940033,America/Anchorage
PADU,DUT,Unalaska Airport,Unalaska,US,53.900100708,-166.5440063477,America/Nome
PADY,KKH,Kongiganak Airport,Kongiganak,US,59.9608001709,-162.8809967041,America/Nome
PAED,EDF,Elmendorf Air Force Base,Anchorage,US,61.2509994507,-149.8070068359,America/Anchorage
PAEE,EEK,Eek Airport,Eek,US,60.21367264,-162.0438843,America/Nome
PAEG,EAA,Eagle Airport,Eagle,US,64.77639771,-141.151001,America/Anchorage
PAEH,EHM,Cape Newenham LRRS Airport,Cape Newenham,US,58.6464004517,-162.06300354,America/Nome
PAEI,EIL,Eielson Air Force Base,Fairbanks,US,64.66570282,-147.102005,America/Anchorage
PAEM,EMK,Emmonak Airport,Emmonak,US,62.78609848,-164.4909973,America/Nome
PAEN,ENA,Kenai Municipal Airport,Kenai,US,60.5731010437,-151.2449951172,America/Anchorage
PAEW,WWT,Newtok Airport,Newtok,US,60.9390983582,-164.6410064697,America/Nome
PAFA,FAI,Fairbanks International Airport,Fairbanks,US,64.81510162,-147.8560028,America/Anchorage
PAFB,FBK,Ladd AAF Airfield,Fairbanks/Ft Wainwright,US,64.83750153,-147.6139984,America/Anchorage
PAFE,AFE,Kake Airport,Kake,US,56.9613990784,-133.9100036621,America/Sitka
PAFM,ABL,Ambler Airport,Ambler,US,67.106300354,-157.856994629,America/Anchorage
PAFR,FRN,Bryant Army Heliport,Fort Richardson (Anchorage),US,61.2659,-149.65330777,America/Anchorage
PAFS,NIB,Nikolai Airport,Nikolai,US,63.0186004639,-154.358001709,America/Anchorage
PAFV,FMC,Five Mile Airport,Five Mile,US,65.9270019531,-149.839996338,America/Anchorage
PAFW,FWL,Farewell Airport,Farewell,US,62.5065994263,-153.8939971924,America/Anchorage
PAGA,GAL,Edward G. Pitka Sr Airport,Galena,US,64.73619843,-156.9369965,America/Anchorage
PAGB,GBH,Galbraith Lake Airport,Galbraith Lake,US,68.4796981812,-149.4900054932,America/Anchorage
PAGG,KWK,Kwigillingok Airport,Kwigillingok,US,59.876499176,-163.1690063477,America/Nome
PAGH,SHG,Shungnak Airport,Shungnak,US,66.8880996704,-157.1620025635,America/Anchorage
PAGK,GKN,Gulkana Airport,Gulkana,US,62.1548996,-145.4570007,America/Anchorage
PAGL,GLV,Golovin Airport,Golovin,US,64.5504989624,-163.007003784,America/Nome
PAGM,GAM,Gambell Airport,Gambell,US,63.7667999268,-171.733001709,America/Nome
PAGN,AGN,Angoon Seaplane Base,Angoon,US,57.503611,-134.585,America/Juneau
PAGQ,BGQ,Big Lake Airport,Big Lake,US,61.5360984802,-149.8139953613,America/Anchorage
PAGS,GST,Gustavus Airport,Gustavus,US,58.4253006,-135.7070007,America/Juneau
PAGT,NME,Nightmute Airport,Nightmute,US,60.4710006714,-164.7010040283,America/Nome
PAGY,SGY,Skagway Airport,Skagway,US,59.4600982666,-135.3159942627,America/Juneau
PAGZ,GMT,Granite Mountain Air Station,Granite Mountain,US,65.40209961,-161.2810059,America/Anchorage
PAHC,HCR,Holy Cross Airport,Holy Cross,US,62.1883010864,-159.7749938965,America/Anchorage
PAHE,HNE,Tahneta Pass Airport,Tahneta Pass Lodge,US,61.9014015198,-147.304000854,America/Anchorage
PAHL,HSL,Huslia Airport,Huslia,US,65.69789886,-156.3509979,America/Anchorage
PAHN,HNS,Haines Airport,Haines,US,59.2438011169,-135.5240020752,America/Juneau
PAHO,HOM,Homer Airport,Homer,US,59.6455993652,-151.4770050049,America/Anchorage
PAHP,HPB,Hooper Bay Airport,Hooper Bay,US,61.52389908,-166.1470032,America/Nome
PAHU,HUS,Hughes Airport,Hughes,US,66.04109955,-154.2630005,America/Anchorage
PAHX,SHX,Shageluk Airport,Shageluk,US,62.6922988892,-159.569000244,America/Anchorage
PAIG,IGG,Igiugig Airport,Igiugig,US,59.3240013123,-155.9019927979,America/Anchorage
PAII,EGX,Egegik Airport,Egegik,US,58.1855010986,-157.375,America/Anchorage
PAIK,IAN,Bob Baker Memorial Airport,Kiana,US,66.9759979248,-160.43699646,America/Anchorage
PAIL,ILI,Iliamna Airport,Iliamna,US,59.75439835,-154.9109955,America/Anchorage
PAIM,UTO,Indian Mountain LRRS Airport,Utopia Creek,US,65.99279785,-153.7039948,America/Anchorage
PAIN,MCL,Mc Kinley National Park Airport,Mckinley Park,US,63.7326011658,-148.910995483,America/Anchorage
PAIW,WAA,Wales Airport,Wales,US,65.6225967407,-168.095001221,America/Nome
PAJN,JNU,Juneau International Airport,Juneau,US,58.3549995422,-134.5760040283,America/Juneau
PAJZ,KGK,Koliganek Airport,Koliganek,US,59.726600647,-157.2590026855,America/Anchorage
PAKD,KDK,Kodiak Municipal Airport,Kodiak,US,57.8059005737,-152.3739929199,America/Anchorage
PAKF,KFP,False Pass Airport,False Pass,US,54.8474006653,-163.4100036621,America/Nome
PAKH,AKK,Akhiok Airport,Akhiok,US,56.9387016296,-154.182998657,America/Anchorage
PAKI,KPN,Kipnuk Airport,Kipnuk,US,59.9329986572,-164.0310058594,America/Nome
PAKK,KKA,Koyuk Alfred Adams Airport,Koyuk,US,64.9394989014,-161.154006958,America/Anchorage
PAKL,LKK,Kulik Lake Airport,Kulik Lake,US,58.9821014404,-155.1210021973,America/Anchorage
PAKN,AKN,King Salmon Airport,King Salmon,US,58.67679977,-156.6490021,America/Anchorage
PAKO,IKO,Nikolski Air Station,Nikolski,US,52.9416007996,-168.8489990234,America/Nome
PAKP,AKP,Anaktuvuk Pass Airport,Anaktuvuk Pass,US,68.13359833,-151.7429962,America/Anchorage
PAKT,KTN,Ketchikan International Airport,Ketchikan,US,55.35559845,-131.7140045,America/Sitka
PAKU,UUK,Ugnu-Kuparuk Airport,Kuparuk,US,70.3308029175,-149.598007202,America/Anchorage
PAKV,KAL,Kaltag Airport,Kaltag,US,64.31909943,-158.7409973,America/Anchorage
PAKW,KLW,Klawock Airport,Klawock,US,55.5792007446,-133.0760040283,America/Sitka
PAKY,KYK,Karluk Airport,Karluk,US,57.5671005249,-154.449996948,America/Anchorage
PALB,KLN,Larsen Bay Airport,Larsen Bay,US,57.5350990295,-153.9779968262,America/Anchorage
PALG,KLG,Kalskag Airport,Kalskag,US,61.5363006592,-160.341003418,America/Anchorage
PALJ,PTA,Port Alsworth Airport,Port Alsworth,US,60.2042999268,-154.319000244,America/Anchorage
PALN,LNI,Lonely Air Station,Lonely,US,70.91069794,-153.2420044,America/Anchorage
PALP,DQH,Alpine Airstrip,Deadhorse,US,70.3442993164,-150.945007324,America/Anchorage
PALR,WCR,Chandalar Lake Airport,Chandalar Lake,US,67.5045013428,-148.483001709,America/Anchorage
PALU,LUR,Cape Lisburne LRRS Airport,Cape Lisburne,US,68.87509918,-166.1100006,America/Nome
PAMB,KMO,Manokotak Airport,Manokotak,US,58.9902000427,-159.050003052,America/Anchorage
PAMC,MCG,McGrath Airport,McGrath,US,62.95289993,-155.6060028,America/Anchorage
PAMD,MDO,Middleton Island Airport,Middleton Island,US,59.4499015808,-146.307006836,America/Anchorage
PAMH,LMA,Minchumina Airport,Minchumina,US,63.8860015869,-152.3020019531,America/Anchorage
PAMK,SMK,St Michael Airport,St Michael,US,63.49010086,-162.1100006,America/Nome
PAML,MLY,Manley Hot Springs Airport,Manley Hot Springs,US,64.9975967407,-150.643997192,America/Anchorage
PAMO,MOU,Mountain Village Airport,Mountain Village,US,62.0954017639,-163.6820068359,America/Nome
PAMR,MRI,Merrill Field,Anchorage,US,61.2135009766,-149.8439941406,America/Anchorage
PAMX,MXY,Mc Carthy Airport,Mccarthy,US,61.4370994568,-142.904006958,America/Anchorage
PAMY,MYU,Mekoryuk Airport,Mekoryuk,US,60.3713989258,-166.2709960938,America/Nome
PANA,WNA,Napakiak Airport,Napakiak,US,60.6902999878,-161.9790039063,America/Anchorage
PANC,ANC,Ted Stevens Anchorage International Airport,Anchorage,US,61.1744003296,-149.9960021973,America/Anchorage
PANI,ANI,Aniak Airport,Aniak,US,61.5816001892,-159.5429992676,America/Anchorage
PANN,ENN,Nenana Municipal Airport,Nenana,US,64.5473022461,-149.074005127,America/Anchorage
PANO,NNL,Nondalton Airport,Nondalton,US,59.9802017212,-154.8390045166,America/Anchorage
PANT,ANN,Annette Island Airport,Annette,US,55.0424003601,-131.5720062256,America/Metlakatla
PANU,NUL,Nulato Airport,Nulato,US,64.7293014526,-158.074005127,America/Anchorage
PANV,ANV,Anvik Airport,Anvik,US,62.64670181,-160.1909943,America/Anchorage
PANW,KNW,New Stuyahok Airport,New Stuyahok,US,59.4499015808,-157.32800293,America/Anchorage
PAOB,OBU,Kobuk Airport,Kobuk,US,66.9123001099,-156.897003174,America/Anchorage
PAOC,PCA,Portage Creek Airport,Portage Creek,US,58.90650177,-157.714004517,America/Anchorage
PAOH,HNH,Hoonah Airport,Hoonah,US,58.0960998535,-135.4100036621,America/Juneau
PAOM,OME,Nome Airport,Nome,US,64.5121994019,-165.4450073242,America/Nome
PAOO,OOK,Toksook Bay Airport,Toksook Bay,US,60.54140091,-165.0870056,America/Nome
PAOR,ORT,Northway Airport,Northway,US,62.9612999,-141.9290009,America/Anchorage
PAOT,OTZ,Ralph Wien Memorial Airport,Kotzebue,US,66.88469696,-162.598999,America/Nome
PAOU,NLG,Nelson Lagoon Airport,Nelson Lagoon,US,56.0074996948,-161.1600036621,America/Anchorage
PAPB,STG,St George Airport,St George,US,56.5783004761,-169.6620025635,America/Nome
PAPC,KPC,Port Clarence Coast Guard Station,Port Clarence,US,65.2537002563,-166.85899353,America/Nome
PAPE,KPV,Perryville Airport,Perryville,US,55.90599823,-159.1629944,America/Anchorage
PAPG,PSG,Petersburg James A Johnson Airport,Petersburg,US,56.80170059,-132.9450073,America/Sitka
PAPH,PTH,Port Heiden Airport,Port Heiden,US,56.9590988159,-158.6329956055,America/Anchorage
PAPK,PKA,Napaskiak Airport,Napaskiak,US,60.70289993,-161.7779999,America/Anchorage
PAPM,PTU,Platinum Airport,Platinum,US,59.0113983154,-161.8200073242,America/Anchorage
PAPN,PIP,Pilot Point Airport,Pilot Point,US,57.5803985596,-157.572006226,America/Anchorage
PAPO,PHO,Point Hope Airport,Point Hope,US,68.3488006592,-166.7989959717,America/Nome
PAPR,PPC,Prospect Creek Airport,Prospect Creek,US,66.8141021729,-150.6439971924,America/Anchorage
PAQH,KWN,Quinhagak Airport,Quinhagak,US,59.75510025,-161.8450012,America/Anchorage
PAQT,NUI,Nuiqsut Airport,Nuiqsut,US,70.2099990845,-151.005996704,America/Anchorage
PARC,ARC,Arctic Village Airport,Arctic Village,US,68.1147003174,-145.578994751,America/Anchorage
PARS,RSH,Russian Mission Airport,Russian Mission,US,61.7788848877,-161.3194580078,America/Anchorage
PARY,RBY,Ruby Airport,Ruby,US,64.72720337,-155.4700012,America/Anchorage
PASA,SVA,Savoonga Airport,Savoonga,US,63.6864013672,-170.4929962158,America/Nome
PASC,SCC,Deadhorse Airport,Deadhorse,US,70.19470215,-148.4649963,America/Anchorage
PASD,SDP,Sand Point Airport,Sand Point,US,55.3149986267,-160.5229949951,America/Anchorage
PASH,SHH,Shishmaref Airport,Shishmaref,US,66.2496032715,-166.0890045166,America/Nome
PASI,SIT,Sitka Rocky Gutierrez Airport,Sitka,US,57.0471000671,-135.3619995117,America/Sitka
PASK,WLK,Selawik Airport,Selawik,US,66.60009766,-159.9859924,America/Anchorage
PASL,SLQ,Sleetmute Airport,Sleetmute,US,61.7005004883,-157.166000366,America/Anchorage
PASM,KSM,St Mary's Airport,St Mary's,US,62.0605011,-163.302002,America/Nome
PASN,SNP,St Paul Island Airport,St Paul Island,US,57.167301178,-170.2200012207,America/Nome
PASO,SOV,Seldovia Airport,Seldovia,US,59.442401886,-151.703994751,America/Anchorage
PASP,SMU,Sheep Mountain Airport,Sheep Mountain,US,61.8120002747,-147.507003784,America/Anchorage
PAST,UMM,Summit Airport,Summit,US,63.3315010071,-149.126998901,America/Anchorage
PASV,SVW,Sparrevohn LRRS Airport,Sparrevohn,US,61.09740067,-155.5740051,America/Anchorage
PASW,SKW,Skwentna Airport,Skwentna,US,61.9653015137,-151.1909942627,America/Anchorage
PASX,SXQ,Soldotna Airport,Soldotna,US,60.4757003784,-151.033996582,America/Anchorage
PASY,SYA,Eareckson Air Station,Shemya,US,52.71229935,174.1139984,America/Adak
PATA,TAL,Ralph M Calhoun Memorial Airport,Tanana,US,65.1744003296,-152.10899353,America/Anchorage
PATC,TNC,Tin City Long Range Radar Station Airport,Tin City,US,65.56310272,-167.9219971,America/Nome
PATE,TLA,Teller Airport,Teller,US,65.2404022217,-166.3390045166,America/Nome
PATG,TOG,Togiak Airport,Togiak Village,US,59.0527992249,-160.3970031738,America/Anchorage
PATK,TKA,Talkeetna Airport,Talkeetna,US,62.3204994202,-150.0939941406,America/Anchorage
PATL,TLJ,Tatalina LRRS Airport,Takotna,US,62.8944015503,-155.977005005,America/Anchorage
PATQ,ATK,Atqasuk Edward Burnell Sr Memorial Airport,Atqasuk,US,70.467300415,-157.4360046387,America/Anchorage
PAUK,AUK,Alakanuk Airport,Alakanuk,US,62.6800422668,-164.659927368,America/Nome
PAUM,UMT,Umiat Airport,Umiat,US,69.37110138,-152.1360016,America/Anchorage
PAUN,UNK,Unalakleet Airport,Unalakleet,US,63.88840103,-160.798996,America/Anchorage
PAUO,WOW,Willow Airport,Willow,US,61.7541999817,-150.0520019531,America/Anchorage
PAVA,VAK,Chevak Airport,Chevak,US,61.5409,-165.6005,America/Nome
PAVC,KVC,King Cove Airport,King Cove,US,55.1162986755,-162.2660064697,America/Nome
PAVD,VDZ,Valdez Pioneer Field,Valdez,US,61.13389969,-146.2480011,America/Anchorage
PAVE,VEE,Venetie Airport,Venetie,US,67.0086975098,-146.365997314,America/Anchorage
PAVL,KVL,Kivalina Airport,Kivalina,US,67.7361984253,-164.56300354,America/Nome
PAWB,WBQ,Beaver Airport,Beaver,US,66.362197876,-147.406997681,America/Anchorage
PAWD,SWD,Seward Airport,Seward,US,60.1268997192,-149.4190063477,America/Anchorage
PAWG,WRG,Wrangell Airport,Wrangell,US,56.48429871,-132.3699951,America/Sitka
PAWI,AIN,Wainwright Airport,Wainwright,US,70.6380004883,-159.994995117,America/Anchorage
PAWM,WMO,White Mountain Airport,White Mountain,US,64.689201355,-163.4129943848,America/Nome
PAWN,WTK,Noatak Airport,Noatak,US,67.5661010742,-162.9750061035,America/Nome
PAWS,IYS,Wasilla Airport,Wasilla,US,61.5717010498,-149.5399932861,America/Anchorage
PAYA,YAK,Yakutat Airport,Yakutat,US,59.5032997131,-139.660003662,America/Yakutat
PCIS,CIS,Canton Airport,Abariringa,KI,-2.7681200504,-171.7100067139,Pacific/Kanton
PFAK,AKI,Akiak Airport,Akiak,US,60.9029006958,-161.231002808,America/Anchorage
PFAL,AET,Allakaket Airport,Allakaket,US,66.5518035889,-152.621994019,America/Anchorage
PFCB,NCN,Chenega Bay Airport,Chenega,US,60.0773010254,-147.992004395,America/Anchorage
PFCL,CLP,Clarks Point Airport,Clarks Point,US,58.83369827,-158.529007,America/Anchorage
PFEL,ELI,Elim Airport,Elim,US,64.61470032,-162.2720032,America/Nome
PFKA,KUK,Kasigluk Airport,Kasigluk,US,60.87440109,-162.5240021,America/Nome
PFKK,KNK,Kokhanok Airport,Kokhanok,US,59.4332008362,-154.804000854,America/Anchorage
PFKO,KOT,Kotlik Airport,Kotlik,US,63.0306015015,-163.533004761,America/Nome
PFKT,KTS,Brevig Mission Airport,Brevig Mission,US,65.3312988281,-166.466003418,America/Nome
PFKU,KYU,Koyukuk Airport,Koyukuk,US,64.8760986328,-157.727005005,America/Anchorage
PFKW,KWT,Kwethluk Airport,Kwethluk,US,60.7902984619,-161.444000244,America/Anchorage
PFNO,ORV,Robert (Bob) Curtis Memorial Airport,Noorvik,US,66.81790161,-161.0189972,America/Anchorage
PFSH,SKK,Shaktoolik Airport,Shaktoolik,US,64.37110138,-161.223999,America/Anchorage
PFTO,TKJ,Tok Junction Airport,Tok,US,63.32949829,-142.9539948,America/Anchorage
PFWS,WSN,South Naknek Nr 2 Airport,South Naknek,US,58.7033996582,-157.007995605,America/Anchorage
PFYU,FYU,Fort Yukon Airport,Fort Yukon,US,66.5715026855,-145.25,America/Anchorage
PGRO,ROP,Rota International Airport,Rota Island,MP,14.1743001938,145.2429962158,Pacific/Saipan
PGSN,SPN,Francisco C. Ada Saipan International Airport,Saipan Island,MP,15.1190004349,145.7290039063,Pacific/Saipan
PGUA,UAM,Andersen Air Force Base,Andersen,GU,13.5839996338,144.9299926758,Pacific/Guam
PGUM,GUM,Antonio B. Won Pat International Airport,Hagatna,GU,13.4834003448,144.796005249,Pacific/Guam
PGWT,TIQ,Tinian International Airport,Tinian Island,MP,14.9991998672,145.6190032959,Pacific/Saipan
PHBK,BKH,Barking Sands Airport,Kekaha,US,22.0228004456,-159.785003662,Pacific/Honolulu
PHDH,HDH,Dillingham Airfield,Mokuleia,US,21.5795001984,-158.197006226,Pacific/Honolulu
PHHI,HHI,Wheeler Army Airfield,Wahiawa,US,21.48349953,-158.0399933,Pacific/Honolulu
PHHN,HNM,Hana Airport,Hana,US,20.7956008911,-156.0140075684,Pacific/Honolulu
PHJH,JHM,Kapalua Airport,Lahaina,US,20.9629001617,-156.6730041504,Pacific/Honolulu
PHJR,JRF,Kalaeloa (John Rodgers Field) Airport,Kapolei,US,21.30739975,-158.0700073,Pacific/Honolulu
PHKO,KOA,Kona International At Keahole Airport,Kailua/Kona,US,19.7388000488,-156.046005249,Pacific/Honolulu
PHLI,LIH,Lihue Airport,Lihue,US,21.9759998322,-159.3390045166,Pacific/Honolulu
PHLU,LUP,Kalaupapa Airport,Kalaupapa,US,21.21100044,-156.973999,Pacific/Honolulu
PHMK,MKK,Molokai Airport,Kaunakakai,US,21.1529006958,-157.095993042,Pacific/Honolulu
PHMU,MUE,Waimea Kohala Airport,Kamuela,US,20.0013008118,-155.6679992676,Pacific/Honolulu
PHNG,NGF,Kaneohe Bay MCAS (Marion E. Carl Field) Airport,Kaneohe,US,21.4505004883,-157.768005371,Pacific/Honolulu
PHNL,HNL,Honolulu International Airport,Honolulu,US,21.3187007904,-157.9219970703,Pacific/Honolulu
PHNY,LNY,Lanai Airport,Lanai City,US,20.7856006622,-156.9510040283,Pacific/Honolulu
PHOG,OGG,Kahului Airport,Kahului,US,20.8985996246,-156.4299926758,Pacific/Honolulu
PHPA,PAK,Port Allen Airport,Hanapepe,US,21.896900177,-159.602996826,Pacific/Honolulu
PHSF,BSF,Bradshaw Army Airfield,Camp Pohakuloa,US,19.760099411,-155.554000854,Pacific/Honolulu
PHTO,ITO,Hilo International Airport,Hilo,US,19.7213993073,-155.0480041504,Pacific/Honolulu
PHUP,UPP,Upolu Airport,Hawi,US,20.2653007507,-155.8600006104,Pacific/Honolulu
PKMA,ENT,Eniwetok Airport,Eniwetok Atoll,MH,11.3407001495,162.3280029297,Pacific/Majuro
PKMJ,MAJ,Marshall Islands International Airport,Majuro Atoll,MH,7.0647602081,171.2720031738,Pacific/Majuro
PKSA,KIA,Kaieteur International Airport,Kaieteur Falls,GY,5.1727547646,-59.491481781,America/Guyana
PKWA,KWA,Bucholz Army Air Field,Kwajalein,MH,8.72012043,167.7319946289,Pacific/Kwajalein
PLCH,CXI,Cassidy International Airport,Banana,KI,1.9861600399,-157.3500061035,Pacific/Kiritimati
PLFA,TNV,Tabuaeran Island Airport,Tabuaeran Island,KI,3.8994400501,-159.3890075684,Pacific/Kiritimati
PMDY,MDY,Henderson Field,Sand Island,UM,28.2017002106,-177.3809967041,Pacific/Midway
PPIZ,PIZ,Point Lay Lrrs Airport,Point Lay,US,69.73290253,-163.0050049,America/Nome
PTKK,TKK,Chuuk International Airport,Weno Island,FM,7.4618701935,151.8430023193,Pacific/Chuuk
PTPN,PNI,Pohnpei International Airport,Pohnpei Island,FM,6.9850997925,158.2089996338,Pacific/Pohnpei
PTRO,ROR,Babelthuap Airport,Babelthuap Island,PW,7.367650032,134.5440063477,Pacific/Palau
PTSA,KSA,Kosrae International Airport,Okat,FM,5.356979847,162.957992554,Pacific/Kosrae
PTYA,YAP,Yap International Airport,Yap Island,FM,9.4989099503,138.0829925537,Pacific/Chuuk
PWAK,AWK,Wake Island Airfield,Wake Island,UM,19.2821006775,166.6360015869,Pacific/Wake
RCBS,KNH,Kinmen Airport,Shang-I,TW,24.4279003143,118.3590011597,Asia/Taipei
RCCM,CMJ,Qimei Airport,Qimei,TW,23.213056,119.4175,Asia/Taipei
RCFG,LZN,Matsu Nangan Airport,Nangang Island,TW,26.1597995758,119.9580001831,Asia/Taipei
RCFN,TTT,Taitung Airport,Taitung City,TW,22.7549991608,121.1019973755,Asia/Taipei
RCGI,GNI,Lyudao Airport,Lyudao,TW,22.6739006042,121.466003418,Asia/Taipei
RCKH,KHH,Kaohsiung International Airport,Kaohsiung City,TW,22.5771007538,120.3499984741,Asia/Taipei
RCKU,CYI,Chiayi Airport,Chiayi City,TW,23.4617996216,120.3929977417,Asia/Taipei
RCKW,HCN,Hengchun Airport,Hengchung,TW,22.0410995483,120.7300033569,Asia/Taipei
RCLG,TXG,Taichung Airport,Taichung City,TW,24.1863002777,120.6539993286,Asia/Taipei
RCLY,KYD,Lanyu Airport,Orchid Island,TW,22.0270004272,121.5350036621,Asia/Taipei
RCMQ,RMQ,Taichung Ching Chuang Kang Airport,Taichung City,TW,24.2646999359,120.6210021973,Asia/Taipei
RCMT,MFK,Matsu Beigan Airport,Beigan Island,TW,26.224199295,120.0029983521,Asia/Taipei
RCNN,TNN,Tainan Airport,Tainan City,TW,22.9503993988,120.2060012817,Asia/Taipei
RCPO,HSZ,Hsinchu Air Base,Hsinchu City,TW,24.8180007935,120.9390029907,Asia/Taipei
RCQC,MZG,Makung Airport,Makung City,TW,23.5687007904,119.6279983521,Asia/Taipei
RCSQ,PIF,Pingtung North Airport,Pingtung,TW,22.7001991272,120.4820022583,Asia/Taipei
RCSS,TSA,Taipei Songshan Airport,Taipei City,TW,25.0694007874,121.5520019531,Asia/Taipei
RCTP,TPE,Taiwan Taoyuan International Airport,Taipei,TW,25.0776996613,121.233001709,Asia/Taipei
RCWA,WOT,Wang-an Airport,Wang-an,TW,23.3673725128,119.5027770996,Asia/Taipei
RCYU,HUN,Hualien Airport,Hualien City,TW,24.0230998993,121.6179962158,Asia/Taipei
RJAA,NRT,Narita International Airport,Tokyo,JP,35.7647018433,140.3860015869,Asia/Tokyo
RJAF,MMJ,Matsumoto Airport,Matsumoto,JP,36.1668014526,137.9230041504,Asia/Tokyo
RJAH,IBR,Hyakuri Airport,Omitama,JP,36.181098938,140.414993286,Asia/Tokyo
RJAM,MUS,Minami Torishima Airport,Unknown,JP,24.2896995544,153.979003906,Asia/Tokyo
RJAW,IWO,Iwo Jima Airport,Unknown,JP,24.7840003967,141.3229980469,Asia/Tokyo
RJBB,KIX,Kansai International Airport,Osaka,JP,34.4272994995,135.2440032959,Asia/Tokyo
RJBD,SHM,Nanki Shirahama Airport,Shirahama,JP,33.6622009277,135.363998413,Asia/Tokyo
RJBE,UKB,Kobe Airport,Kobe,JP,34.6328010559,135.2239990234,Asia/Tokyo
RJBH,HIW,Hiroshimanishi Airport,Unknown,JP,34.3669013977,132.4140014648,Asia/Tokyo
RJBT,TJH,Tajima Airport,Tajima,JP,35.5127983093,134.7870025635,Asia/Tokyo
RJCB,OBO,Tokachi-Obihiro Airport,Obihiro,JP,42.7332992554,143.216995239,Asia/Tokyo
RJCC,CTS,New Chitose Airport,Chitose / Tomakomai,JP,42.7751998901,141.6920013428,Asia/Tokyo
RJCH,HKD,Hakodate Airport,Hakodate,JP,41.7700004578,140.822006226,Asia/Tokyo
RJCK,KUH,Kushiro Airport,Kushiro,JP,43.0410003662,144.192993164,Asia/Tokyo
RJCM,MMB,Memanbetsu Airport,Ozora,JP,43.8805999756,144.164001465,Asia/Tokyo
RJCN,SHB,Nakashibetsu Airport,Nakashibetsu,JP,43.5774993896,144.960006714,Asia/Tokyo
RJCO,OKD,Okadama Airport,Sapporo,JP,43.1161003113,141.3800048828,Asia/Tokyo
RJCR,RBJ,Rebun Airport Airport,Unknown,JP,45.4550018311,141.0390014648,Asia/Tokyo
RJCW,WKJ,Wakkanai Airport,Wakkanai,JP,45.4042015076,141.800994873,Asia/Tokyo
RJDA,AXJ,Amakusa Airport,Unknown,JP,32.4824981689,130.158996582,Asia/Tokyo
RJDB,IKI,Iki Airport,Iki,JP,33.7490005493,129.785003662,Asia/Tokyo
RJDC,UBJ,Yamaguchi Ube Airport,Ube,JP,33.9300003052,131.279006958,Asia/Tokyo
RJDT,TSJ,Tsushima Airport,Tsushima,JP,34.2849006653,129.330993652,Asia/Tokyo
RJEB,MBE,Monbetsu Airport,Monbetsu,JP,44.3039016724,143.404006958,Asia/Tokyo
RJEC,AKJ,Asahikawa Airport,Asahikawa,JP,43.6707992554,142.4470062256,Asia/Tokyo
RJEO,OIR,Okushiri Airport,Unknown,JP,42.0717010498,139.4329986572,Asia/Tokyo
RJER,RIS,Rishiri Airport,Rishiri,JP,45.2420005798,141.186004639,Asia/Tokyo
RJFC,KUM,Yakushima Airport,Unknown,JP,30.3855991364,130.658996582,Asia/Tokyo
RJFE,FUJ,Fukue Airport,Goto,JP,32.6663017273,128.8329925537,Asia/Tokyo
RJFF,FUK,Fukuoka Airport,Fukuoka,JP,33.585899353,130.4510040283,Asia/Tokyo
RJFG,TNE,New Tanegashima Airport,Unknown,JP,30.6051006317,130.9909973145,Asia/Tokyo
RJFK,KOJ,Kagoshima Airport,Kagoshima,JP,31.8034000397,130.7189941406,Asia/Tokyo
RJFM,KMI,Miyazaki Airport,Miyazaki,JP,31.877199173,131.449005127,Asia/Tokyo
RJFO,OIT,Oita Airport,Oita,JP,33.4794006348,131.736999512,Asia/Tokyo
RJFR,KKJ,Kitakyushu Airport,Kitakyushu,JP,33.8459014893,131.035003662,Asia/Tokyo
RJFS,HSG,Saga Airport,Saga,JP,33.1497001648,130.302001953,Asia/Tokyo
RJFT,KMJ,Kumamoto Airport,Kumamoto,JP,32.8372993469,130.8549957275,Asia/Tokyo
RJFU,NGS,Nagasaki Airport,Nagasaki,JP,32.9169006348,129.914001465,Asia/Tokyo
RJGG,NGO,Chubu Centrair International Airport,Tokoname,JP,34.8583984375,136.8049926758,Asia/Tokyo
RJKA,ASJ,Amami Airport,Amami,JP,28.4305992126,129.7129974365,Asia/Tokyo
RJKB,OKE,Okierabu Airport,Unknown,JP,27.4255008698,128.7010040283,Asia/Tokyo
RJKI,KKX,Kikai Airport,Unknown,JP,28.3213005066,129.9279937744,Asia/Tokyo
RJKN,TKN,Tokunoshima Airport,Tokunoshima,JP,27.8363990784,128.8809967041,Asia/Tokyo
RJNA,NKM,Nagoya Airport,Nagoya,JP,35.2550010681,136.9239959717,Asia/Tokyo
RJNF,FKJ,Fukui Airport,Unknown,JP,36.1427993774,136.2239990234,Asia/Tokyo
RJNG,QGU,Gifu Airport,Gifu,JP,35.3941001892,136.8699951172,Asia/Tokyo
RJNK,KMQ,Komatsu Airport,Kanazawa,JP,36.3945999146,136.4069976807,Asia/Tokyo
RJNO,OKI,Oki Airport,Okinoshima,JP,36.181098938,133.3249969482,Asia/Tokyo
RJNS,FSZ,Mt. Fuji Shizuoka Airport,Unknown,JP,34.7960434679,138.18775177,Asia/Tokyo
RJNT,TOY,Toyama Airport,Toyama,JP,36.6483001709,137.18800354,Asia/Tokyo
RJNW,NTQ,Noto Airport,Wajima,JP,37.2930984497,136.962005615,Asia/Tokyo
RJOA,HIJ,Hiroshima Airport,Hiroshima,JP,34.4361000061,132.919006348,Asia/Tokyo
RJOB,OKJ,Okayama Airport,Okayama City,JP,34.7569007874,133.854995728,Asia/Tokyo
RJOC,IZO,Izumo Airport,Izumo,JP,35.4136009216,132.88999939,Asia/Tokyo
RJOH,YGJ,Miho Yonago Airport,Yonago,JP,35.4921989441,133.2359924316,Asia/Tokyo
RJOI,IWK,Iwakuni Marine Corps Air Station,Iwakuni,JP,34.143901825,132.2359924316,Asia/Tokyo
RJOK,KCZ,Kochi Ryoma Airport,Nankoku,JP,33.5461006165,133.669006348,Asia/Tokyo
RJOM,MYJ,Matsuyama Airport,Matsuyama,JP,33.8272018433,132.6999969482,Asia/Tokyo
RJOO,ITM,Osaka International Airport,Osaka,JP,34.7854995728,135.43800354,Asia/Tokyo
RJOR,TTJ,Tottori Airport,Tottori,JP,35.5301017761,134.167007446,Asia/Tokyo
RJOS,TKS,Tokushima Airport,Tokushima,JP,34.1328010559,134.606994629,Asia/Tokyo
RJOT,TAK,Takamatsu Airport,Takamatsu,JP,34.2141990662,134.01600647,Asia/Tokyo
RJOW,IWJ,Iwami Airport,Masuda,JP,34.676399231,131.789993286,Asia/Tokyo
RJSA,AOJ,Aomori Airport,Aomori,JP,40.7346992493,140.6909942627,Asia/Tokyo
RJSC,GAJ,Yamagata Airport,Yamagata,JP,38.4118995667,140.371002197,Asia/Tokyo
RJSD,SDS,Sado Airport,Unknown,JP,38.0601997375,138.4140014648,Asia/Tokyo
RJSF,FKS,Fukushima Airport,Sukagawa,JP,37.2274017334,140.4309997559,Asia/Tokyo
RJSH,HHE,Hachinohe Airport,Unknown,JP,40.5564002991,141.466003418,Asia/Tokyo
RJSI,HNA,Hanamaki Airport,Unknown,JP,39.4286003113,141.1349945068,Asia/Tokyo
RJSK,AXT,Akita Airport,Akita,JP,39.6156005859,140.2189941406,Asia/Tokyo
RJSM,MSJ,Misawa Air Base,Misawa,JP,40.7032012939,141.367996216,Asia/Tokyo
RJSN,KIJ,Niigata Airport,Niigata,JP,37.9558982849,139.121002197,Asia/Tokyo
RJSR,ONJ,Odate Noshiro Airport,Odate,JP,40.1918983459,140.371002197,Asia/Tokyo
RJSS,SDJ,Sendai Airport,Sendai,JP,38.1397018433,140.917007446,Asia/Tokyo
RJSY,SYO,Shonai Airport,Shonai,JP,38.8121986389,139.787002563,Asia/Tokyo
RJTA,NJA,Atsugi Naval Air Facility,Unknown,JP,35.4546012878,139.4499969482,Asia/Tokyo
RJTH,HAC,Hachijojima Airport,Hachijojima,JP,33.1150016785,139.785995483,Asia/Tokyo
RJTO,OIM,Oshima Airport,Izu Oshima,JP,34.7820014954,139.36000061,Asia/Tokyo
RJTQ,MYE,Miyakejima Airport,Miyakejima,JP,34.073600769,139.559997559,Asia/Tokyo
RJTT,HND,Tokyo International Airport,Tokyo,JP,35.5522994995,139.7799987793,Asia/Tokyo
RJTU,QUT,Utsunomiya Airport,Unknown,JP,36.5144996643,139.8710021973,Asia/Tokyo
RJTY,OKO,Yokota Air Base,Fussa,JP,35.748500824,139.3480072021,Asia/Tokyo
RKJB,MWX,Muan International Airport,Unknown,KR,34.991406,126.382814,Asia/Seoul
RKJJ,KWJ,Gwangju Airport,Gwangju,KR,35.1263999939,126.808998108,Asia/Seoul
RKJK,KUV,Kunsan Air Base,Kunsan,KR,35.9038009644,126.6159973145,Asia/Seoul
RKJU,CHN,Jeon Ju Airport,Jeon Ju,KR,35.8783988953,127.1200027466,Asia/Seoul
RKJY,RSU,Yeosu Airport,Yeosu,KR,34.842300415,127.6169967651,Asia/Seoul
RKNC,QUN,A-306 Airport,Chun Chon City,KR,37.8838005066,127.7180023193,Asia/Seoul
RKNN,KAG,Gangneung Airport,Unknown,KR,37.7536010742,128.9440002441,Asia/Seoul
RKNW,WJU,Wonju Airport,Wonju,KR,37.4380989075,127.959999084,Asia/Seoul
RKNY,YNY,Yangyang International Airport,Sokcho / Gangneung,KR,38.0612983704,128.6690063477,Asia/Seoul
RKPC,CJU,Jeju International Airport,Jeju City,KR,33.5112991333,126.4929962158,Asia/Seoul
RKPD,JDG,Jeongseok Airport,Unknown,KR,33.3996009827,126.7119979858,Asia/Seoul
RKPE,CHF,Jinhae Airport,Jinhae,KR,35.1412010193,128.6959991455,Asia/Seoul
RKPK,PUS,Gimhae International Airport,Busan,KR,35.1795005798,128.93800354,Asia/Seoul
RKPS,HIN,Sacheon Air Base,Sacheon,KR,35.0885009766,128.0700073242,Asia/Seoul
RKPU,USN,Ulsan Airport,Ulsan,KR,35.59349823,129.352005005,Asia/Seoul
RKSI,ICN,Incheon International Airport,Seoul,KR,37.4691009521,126.4509963989,Asia/Seoul
RKSM,SSN,Seoul Air Base,Unknown,KR,37.4458007813,127.1139984131,Asia/Seoul
RKSO,OSN,Osan Air Base,Unknown,KR,37.0905990601,127.0299987793,Asia/Seoul
RKSS,GMP,Gimpo International Airport,Seoul,KR,37.5583000183,126.791000366,Asia/Seoul
RKSW,SWU,Suwon Airport,Unknown,KR,37.2393989563,127.0070037842,Asia/Seoul
RKTH,KPO,Pohang Airport,Pohang,KR,35.9878997803,129.419998169,Asia/Seoul
RKTI,JWO,Jungwon Air Base,Unknown,KR,37.0299987793,127.8850021362,Asia/Seoul
RKTN,TAE,Daegu Airport,Daegu,KR,35.8941001892,128.658996582,Asia/Seoul
RKTP,HMY,Seosan Air Base,Seosan,KR,36.7039985657,126.486000061,Asia/Seoul
RKTU,CJJ,Cheongju International Airport,Cheongju,KR,36.7165985107,127.499000549,Asia/Seoul
RKTY,YEC,Yecheon Airport,Unknown,KR,36.6319007874,128.3549957275,Asia/Seoul
ROAH,OKA,Naha Airport,Naha,JP,26.1958007812,127.646003723,Asia/Tokyo
RODN,DNA,Kadena Air Base,Unknown,JP,26.3556003571,127.7679977417,Asia/Tokyo
ROIG,ISG,Ishigaki Airport,Ishigaki,JP,24.344499588,124.18699646,Asia/Tokyo
ROKJ,UEO,Kumejima Airport,Unknown,JP,26.3635005951,126.7139968872,Asia/Tokyo
ROKR,KJP,Kerama Airport,Kerama,JP,26.1683006287,127.2929992676,Asia/Tokyo
ROMD,MMD,Minami Daito Airport,Unknown,JP,25.8465003967,131.2630004883,Asia/Tokyo
ROMY,MMY,Miyako Airport,Miyako City,JP,24.7828006744,125.294998169,Asia/Tokyo
RORA,AGJ,Aguni Airport,Aguni,JP,26.5925006866,127.2409973145,Asia/Tokyo
RORE,IEJ,Ie Jima Airport,Unknown,JP,26.7220001221,127.7850036621,Asia/Tokyo
RORH,HTR,Hateruma Airport,Hateruma,JP,24.0589008331,123.8059997559,Asia/Tokyo
RORK,KTD,Kitadaito Airport,Unknown,JP,25.9447002411,131.3269958496,Asia/Tokyo
RORS,SHI,Shimojishima Airport,Unknown,JP,24.8267002106,125.1449966431,Asia/Tokyo
RORT,TRA,Tarama Airport,Unknown,JP,24.6539001465,124.6750030518,Asia/Tokyo
RORY,RNJ,Yoron Airport,Unknown,JP,27.0440006256,128.4019927979,Asia/Tokyo
ROYN,OGN,Yonaguni Airport,Unknown,JP,24.4668998718,122.9779968262,Asia/Tokyo
RPLB,SFS,Subic Bay International Airport,Olongapo City,PH,14.7944002151,120.2710037231,Asia/Manila
RPLC,CRK,Clark International Airport,Angeles City,PH,15.1859998703,120.559997559,Asia/Manila
RPLI,LAO,Laoag International Airport,Laoag City,PH,18.1781005859,120.5319976807,Asia/Manila
RPLK,DRP,Legazpi Bicol International Airport,Daraga,PH,13.1122222,123.6772222,Asia/Manila
RPLL,MNL,Ninoy Aquino International Airport,Manila,PH,14.508600235,121.019996643,Asia/Manila
RPLO,CYU,Cuyo Airport,Cuyo,PH,10.8580999374,121.0690002441,Asia/Manila
RPLP,LGP,Legazpi City International Airport,Legazpi City,PH,13.1575,123.735,Asia/Manila
RPLS,NSP,Sangley Point Air Base,Cavite City,PH,14.4954004288,120.9039993286,Asia/Manila
RPLU,LBX,Lubang Airport,Unknown,PH,13.8554000854,120.1050033569,Asia/Manila
RPMA,AAV,Allah Valley Airport,Surallah,PH,6.3668198586,124.7509994507,Asia/Manila
RPMC,CBO,Awang Airport,Cotabato City,PH,7.1652398109,124.2099990845,Asia/Manila
RPMD,DVO,Francisco Bangoy International Airport,Davao City,PH,7.1255202293,125.6460037231,Asia/Manila
RPME,BXU,Bancasi Airport,Butuan City,PH,8.9513196945,125.4779968262,Asia/Manila
RPMF,BPH,Bislig Airport,Unknown,PH,8.1959495544,126.3219985962,Asia/Manila
RPMG,DPL,Dipolog Airport,Dipolog City,PH,8.6019834988,123.341875076,Asia/Manila
RPMH,CGM,Camiguin Airport,Unknown,PH,9.2535200119,124.7070007324,Asia/Manila
RPMI,IGN,Iligan Airport,Unknown,PH,8.130490303,124.2149963379,Asia/Manila
RPMJ,JOL,Jolo Airport,Unknown,PH,6.0536699295,121.0110015869,Asia/Manila
RPMM,MLP,Malabang Airport,Malabang,PH,7.6172199249,124.0589981079,Asia/Manila
RPMN,SGS,Sanga Sanga Airport,Unknown,PH,5.0469899178,119.7429962158,Asia/Manila
RPMO,OZC,Labo Airport,Ozamiz City,PH,8.1785097122,123.8420028687,Asia/Manila
RPMP,PAG,Pagadian Airport,Pagadian City,PH,7.8307314479,123.461179733,Asia/Manila
RPMQ,MXI,Mati National Airport,Unknown,PH,6.9493699074,126.2730026245,Asia/Manila
RPMR,GES,General Santos International Airport,General Santos,PH,6.0580000877,125.0960006714,Asia/Manila
RPMS,SUG,Surigao Airport,Surigao City,PH,9.7558383256,125.480947495,Asia/Manila
RPMU,CDY,Cagayan de Sulu Airport,Mapun,PH,7.013999939,118.4960021973,Asia/Manila
RPMV,IPE,Ipil Airport,Ipil,PH,7.7855601311,122.6019973755,Asia/Manila
RPMW,TDG,Tandag Airport,Unknown,PH,9.0721101761,126.1709976196,Asia/Manila
RPMY,CGY,Laguindingan Airport,Laguindingan,PH,8.612338251,124.4576908,Asia/Manila
RPMZ,ZAM,Zamboanga International Airport,Zamboanga City,PH,6.9224200249,122.0599975586,Asia/Manila
RPNS,IAO,Siargao Airport,Del Carmen,PH,9.8591003418,126.013999939,Asia/Manila
RPSD,RZP,Cesar Lim Rodriguez Airport,Taytay Airport,PH,10.81874,119.507697,Asia/Manila
RPSP,TAG,Panglao Bohol International Airport,Panglao,PH,9.57189677604395,123.76947694675775,Asia/Manila
RPUB,BAG,Loakan Airport,Baguio City,PH,16.3750991821,120.6200027466,Asia/Manila
RPUD,DTE,Daet Airport,Daet,PH,14.1291999817,122.9800033569,Asia/Manila
RPUH,SJI,San Jose Airport,San Jose,PH,12.3614997864,121.04699707,Asia/Manila
RPUM,MBO,Mamburao Airport,Unknown,PH,13.2081003189,120.6050033569,Asia/Manila
RPUN,WNP,Naga Airport,Naga,PH,13.5848999023,123.2699966431,Asia/Manila
RPUO,BSO,Basco Airport,Basco,PH,20.4512996674,121.980003357,Asia/Manila
RPUR,BQA,Dr.Juan C. Angara Airport,Baler,PH,15.7298002243,121.5,Asia/Manila
RPUS,SFE,San Fernando Airport,Unknown,PH,16.5956001282,120.3030014038,Asia/Manila
RPUT,TUG,Tuguegarao Airport,Tuguegarao City,PH,17.6433676823,121.733150482,Asia/Manila
RPUV,VRC,Virac Airport,Virac,PH,13.5763998032,124.2060012817,Asia/Manila
RPUW,MRQ,Marinduque Airport,Gasan,PH,13.361000061,121.8259963989,Asia/Manila
RPUY,CYZ,Cauayan Airport,Cauayan City,PH,16.9298992157,121.752998352,Asia/Manila
RPVA,TAC,Daniel Z. Romualdez Airport,Tacloban City,PH,11.2276000977,125.027999878,Asia/Manila
RPVB,BCD,Bacolod-Silay City International Airport,Bacolod City,PH,10.7763996124,123.0149993896,Asia/Manila
RPVC,CYP,Calbayog Airport,Calbayog City,PH,12.0726995468,124.5449981689,Asia/Manila
RPVD,DGT,Sibulan Airport,Dumaguete City,PH,9.3337097168,123.300003052,Asia/Manila
RPVE,MPH,Godofredo P. Ramos Airport,Malay,PH,11.9245004654,121.95400238,Asia/Manila
RPVF,CRM,Catarman National Airport,Catarman,PH,12.5024003983,124.6360015869,Asia/Manila
RPVI,ILO,Iloilo International Airport,Iloilo City,PH,10.833017,122.493358,Asia/Manila
RPVJ,MBT,Moises R. Espinosa Airport,Masbate,PH,12.3694000244,123.628997803,Asia/Manila
RPVK,KLO,Kalibo International Airport,Kalibo,PH,11.679400444,122.375999451,Asia/Manila
RPVM,CEB,Mactan Cebu International Airport,Lapu-Lapu City,PH,10.3074998856,123.9789962769,Asia/Manila
RPVO,OMC,Ormoc Airport,Ormoc City,PH,11.0579996109,124.5650024414,Asia/Manila
RPVP,PPS,Puerto Princesa Airport,Puerto Princesa City,PH,9.7421197891,118.7590026855,Asia/Manila
RPVR,RXS,Roxas Airport,Roxas City,PH,11.597700119,122.7519989014,Asia/Manila
RPVS,EUQ,Evelio Javier Airport,San Jose,PH,10.765999794,121.932998657,Asia/Manila
RPVU,TBH,Romblon Airport,Romblon,PH,12.3109998703,122.084999084,Asia/Manila
RPVV,USU,Francisco B. Reyes Airport,Coron,PH,12.1215000153,120.099998474,Asia/Manila
RPVW,BPR,Borongan Airport,Borongan City,PH,11.6743001938,125.478996277,Asia/Manila
RPXX,ENI,El Nido Airport,El Nido,PH,11.2025,119.416,Asia/Manila
SA30,CCT,Colonia Catriel Airport,Colonia Catriel,AR,-37.9101982117,-67.8349990845,America/Argentina/Salta
SAAC,COC,Comodoro Pierrestegui Airport,Concordia,AR,-31.2969,-57.9966,America/Argentina/Cordoba
SAAG,GHU,Gualeguaychu Airport,Gualeguaychu,AR,-33.0103,-58.6131,America/Argentina/Cordoba
SAAJ,JNI,Junin Airport,Junin,AR,-34.5459,-60.9306,America/Argentina/Buenos_Aires
SAAP,PRA,General Urquiza Airport,Parana,AR,-31.7948,-60.4804,America/Argentina/Cordoba
SAAR,ROS,Islas Malvinas Airport,Rosario,AR,-32.9036,-60.785,America/Argentina/Cordoba
SAAV,SFN,Sauce Viejo Airport,Santa Fe,AR,-31.7117,-60.8117,America/Argentina/Cordoba
SABE,AEP,Jorge Newbery Airpark,Buenos Aires,AR,-34.5592,-58.4156,America/Argentina/Buenos_Aires
SACC,LCM,La Cumbre Airport,La Cumbre,AR,-31.0058002472,-64.5318984985,America/Argentina/Cordoba
SACO,COR,Ingeniero Ambrosio Taravella Airport,Cordoba,AR,-31.323600769,-64.2080001831,America/Argentina/Cordoba
SADF,FDO,San Fernando Airport,San Fernando,AR,-34.4532,-58.5896,America/Argentina/Buenos_Aires
SADL,LPG,La Plata Airport,La Plata,AR,-34.9722,-57.8947,America/Argentina/Buenos_Aires
SADP,EPA,El Palomar Airport,El Palomar,AR,-34.6099,-58.6126,America/Argentina/Buenos_Aires
SAEM,MJR,Miramar Airport,Miramar,AR,-38.2271,-57.8697,America/Argentina/Buenos_Aires
SAEZ,EZE,Ministro Pistarini International Airport,Ezeiza,AR,-34.8222,-58.5358,America/Argentina/Buenos_Aires
SAFR,RAF,Rafaela Airport,Rafaela,AR,-31.2825,-61.5017,America/Argentina/Cordoba
SAFS,NCJ,Sunchales Aeroclub Airport,Sunchales,AR,-30.9575,-61.5283,America/Argentina/Cordoba
SAHC,HOS,Chos Malal Airport,Chos Malal,AR,-37.4446983337,-70.2225036621,America/Argentina/Salta
SAHE,CVH,Caviahue Airport,Lafontaine,AR,-37.851398468,-71.0092010498,America/Argentina/Salta
SAHR,GNR,Dr. Arturo H. Illia Airport,General Roca,AR,-39.0007019043,-67.6204986572,America/Argentina/Salta
SAHS,RDS,Rincon De Los Sauces Airport,Rincon de los Sauces,AR,-37.3905982971,-68.9041976929,America/Argentina/Mendoza
SAHZ,APZ,Zapala Airport,Zapala,AR,-38.9754981995,-70.1136016846,America/Argentina/Salta
SAME,MDZ,El Plumerillo Airport,Mendoza,AR,-32.8316993713,-68.7929000854,America/Argentina/Mendoza
SAMM,LGS,Comodoro D.R. Salomon Airport,Malargue,AR,-35.493598938,-69.5743026733,America/Argentina/Mendoza
SAMR,AFA,Suboficial Ay Santiago Germano Airport,San Rafael,AR,-34.5882987976,-68.4039001465,America/Argentina/Mendoza
SANC,CTC,Catamarca Airport,Catamarca,AR,-28.5956001282,-65.751701355,America/Argentina/Catamarca
SANE,SDE,Vicecomodoro Angel D. La Paz Aragones Airport,Santiago del Estero,AR,-27.7655563354,-64.3099975586,America/Argentina/Cordoba
SANH,RHD,Las Termas Airport,Rio Hondo,AR,-27.4736995697,-64.9055023193,America/Argentina/Cordoba
SANL,IRJ,Capitan V A Almonacid Airport,La Rioja,AR,-29.3815994263,-66.7957992554,America/Argentina/La_Rioja
SANT,TUC,Teniente Benjamin Matienzo Airport,San Miguel de Tucuman,AR,-26.8409004211,-65.1048965454,America/Argentina/Tucuman
SANU,UAQ,Domingo Faustino Sarmiento Airport,San Juan,AR,-31.5715007782,-68.4181976318,America/Argentina/San_Juan
SANW,CRR,Ceres Airport,Ceres,AR,-29.8631,-61.8728,America/Argentina/Cordoba
SAOC,RCU,Area De Material Airport,Rio Cuarto,AR,-33.0850982666,-64.2612991333,America/Argentina/Cordoba
SAOD,VDR,Villa Dolores Airport,Villa Dolores,AR,-31.9451999664,-65.1463012695,America/Argentina/Cordoba
SAOR,VME,Villa Reynolds Airport,Villa Reynolds,AR,-33.7299003601,-65.3873977661,America/Argentina/San_Luis
SAOS,RLO,Valle Del Conlara International Airport,Merlo,AR,-32.3847007751,-65.1865005493,America/Argentina/San_Luis
SAOU,LUQ,Brigadier Mayor D Cesar Raul Ojeda Airport,San Luis,AR,-33.2732009888,-66.3563995361,America/Argentina/San_Luis
SARC,CNQ,Corrientes Airport,Corrientes,AR,-27.4455,-58.7619,America/Argentina/Cordoba
SARE,RES,Resistencia International Airport,Resistencia,AR,-27.45,-59.0561,America/Argentina/Cordoba
SARF,FMA,Formosa Airport,Formosa,AR,-26.2127,-58.2281,America/Argentina/Cordoba
SARI,IGR,Cataratas Del Iguazu International Airport,Puerto Iguazu,AR,-25.7373008728,-54.473400116,America/Argentina/Cordoba
SARL,AOL,Paso De Los Libres Airport,Paso de los Libres,AR,-29.6894,-57.1521,America/Argentina/Cordoba
SARM,MCS,Monte Caseros Airport,Monte Caseros,AR,-30.2719,-57.6402,America/Argentina/Cordoba
SARP,PSS,Libertador Gral D Jose De San Martin Airport,Posadas,AR,-27.3858,-55.9707,America/Argentina/Cordoba
SARS,PRQ,Termal Airport,Presidencia Roque Saenz Pena,AR,-26.753610611,-60.4922218323,America/Argentina/Cordoba
SASA,SLA,Martin Miguel De Guemes International Airport,Salta,AR,-24.8560009003,-65.4861984253,America/Argentina/Salta
SASJ,JUJ,Gobernador Horacio Guzman International Airport,San Salvador de Jujuy,AR,-24.3927993774,-65.0978012085,America/Argentina/Jujuy
SASO,ORA,Oran Airport,Oran,AR,-23.1527996063,-64.3292007446,America/Argentina/Salta
SAST,TTG,General Enrique Mosconi Airport,Tartagal,AR,-22.619600296,-63.7937011719,America/Argentina/Salta
SATC,CLX,Clorinda Airport,Clorinda,AR,-25.3036,-57.7344,America/Argentina/Cordoba
SATD,ELO,El Dorado Airport,El Dorado,AR,-26.3974990845,-54.5746994019,America/Argentina/Cordoba
SATG,OYA,Goya Airport,Goya,AR,-29.1058,-59.2189,America/Argentina/Cordoba
SATK,LLS,Alferez Armando Rodriguez Airport,Las Lomitas,AR,-24.7213993073,-60.5488014221,America/Argentina/Cordoba
SATM,MDX,Mercedes Airport,Mercedes,AR,-29.2213993073,-58.0877990723,America/Argentina/Cordoba
SATR,RCQ,Reconquista Airport,Reconquista,AR,-29.2103,-59.68,America/Argentina/Cordoba
SATU,UZU,Curuzu Cuatia Airport,Curuzu Cuatia,AR,-29.7706,-57.9789,America/Argentina/Cordoba
SAVB,EHL,El Bolson Airport,El Bolson,AR,-41.9431991577,-71.5323028564,America/Argentina/Salta
SAVC,CRD,General E. Mosconi Airport,Comodoro Rivadavia,AR,-45.7853,-67.4655,America/Argentina/Catamarca
SAVD,EMX,El Maiten Airport,El Maiten,AR,-42.0292015076,-71.1725006104,America/Argentina/Catamarca
SAVE,EQS,Brigadier Antonio Parodi Airport,Esquel,AR,-42.908000946,-71.139503479,America/Argentina/Catamarca
SAVH,LHS,Las Heras Airport,Las Heras,AR,-46.5382995605,-68.9653015137,America/Argentina/Rio_Gallegos
SAVJ,IGB,Cabo F.A.A. H. R. Bordon Airport,Ingeniero Jacobacci,AR,-41.3208999634,-69.5748977661,America/Argentina/Salta
SAVM,OLN,Lago Musters Airport,Sarmiento,AR,-45.5777777778,-69.0727777778,America/Argentina/Catamarca
SAVN,OES,Antoine De St Exupery Airport,San Antonio Oeste,AR,-40.7512,-65.0343,America/Argentina/Salta
SAVQ,MQD,Maquinchao Airport,Maquinchao,AR,-41.2430992126,-68.7078018188,America/Argentina/Salta
SAVR,ARR,D. Casimiro Szlapelis Airport,Alto Rio Senguerr,AR,-45.0135993958,-70.8122024536,America/Argentina/Catamarca
SAVS,SGV,Sierra Grande Airport,Sierra Grande,AR,-41.5917015076,-65.3394012451,America/Argentina/Salta
SAVT,REL,Almirante Marco Andres Zar Airport,Rawson,AR,-43.2105,-65.2703,America/Argentina/Catamarca
SAVV,VDM,Gobernador Castello Airport,Viedma / Carmen de Patagones,AR,-40.8692,-63.0004,America/Argentina/Salta
SAVY,PMY,El Tehuelche Airport,Puerto Madryn,AR,-42.7592,-65.1027,America/Argentina/Catamarca
SAWA,ING,Lago Argentino Airport,El Calafate,AR,-50.336101532,-72.2485961914,America/Argentina/Rio_Gallegos
SAWC,FTE,El Calafate Airport,El Calafate,AR,-50.2803001404,-72.0531005859,America/Argentina/Rio_Gallegos
SAWD,PUD,Puerto Deseado Airport,Puerto Deseado,AR,-47.7353,-65.9041,America/Argentina/Rio_Gallegos
SAWE,RGA,Hermes Quijada International Airport,Rio Grande,AR,-53.7777,-67.7494,America/Argentina/Ushuaia
SAWG,RGL,Piloto Civil N. Fernandez Airport,Rio Gallegos,AR,-51.6089,-69.3126,America/Argentina/Rio_Gallegos
SAWH,USH,Malvinas Argentinas Airport,Ushuahia,AR,-54.8433,-68.2958,America/Argentina/Ushuaia
SAWJ,ULA,Capitan D Daniel Vazquez Airport,San Julian,AR,-49.3068,-67.8026,America/Argentina/Rio_Gallegos
SAWM,ROY,Rio Mayo Airport,Rio Mayo,AR,-45.7038993835,-70.2455978394,America/Argentina/Catamarca
SAWP,PMQ,Perito Moreno Airport,Perito Moreno,AR,-46.5378990173,-70.9786987305,America/Argentina/Rio_Gallegos
SAWR,GGS,Gobernador Gregores Airport,Gobernador Gregores,AR,-48.7831001282,-70.1500015259,America/Argentina/Rio_Gallegos
SAWS,JSM,Jose De San Martin Airport,Chubut,AR,-44.0485992432,-70.4589004517,America/Argentina/Catamarca
SAWT,RYO,28 De Noviembre Airport,El Turbio,AR,-51.6091995239,-72.2217025757,America/Argentina/Rio_Gallegos
SAWU,RZA,Santa Cruz Airport,Santa Cruz,AR,-50.0165,-68.5792,America/Argentina/Rio_Gallegos
SAZB,BHI,Comandante Espora Airport,Bahia Blanca,AR,-38.725,-62.1693,America/Argentina/Buenos_Aires
SAZC,CSZ,Brigadier D.H.E. Ruiz Airport,Coronel Suarez,AR,-37.4460983276,-61.8893013,America/Argentina/Buenos_Aires
SAZF,OVR,Olavarria Airport,Olavarria,AR,-36.8899993896,-60.2165985107,America/Argentina/Buenos_Aires
SAZG,GPO,General Pico Airport,General Pico,AR,-35.6962013245,-63.7583007812,America/Argentina/Salta
SAZH,OYO,Tres Arroyos Airport,Tres Arroyos,AR,-38.3869,-60.3297,America/Argentina/Buenos_Aires
SAZL,SST,Santa Teresita Airport,Santa Teresita,AR,-36.5423,-56.7218,America/Argentina/Buenos_Aires
SAZM,MDQ,Astor Piazzola International Airport,Mar del Plata,AR,-37.9342,-57.5733,America/Argentina/Buenos_Aires
SAZN,NQN,Presidente Peron Airport,Neuquen,AR,-38.9490013123,-68.1557006836,America/Argentina/Salta
SAZO,NEC,Necochea Airport,Necochea,AR,-38.4831,-58.8172,America/Argentina/Buenos_Aires
SAZP,PEH,Comodoro Pedro Zanni Airport,Pehuajo,AR,-35.8446,-61.8576,America/Argentina/Buenos_Aires
SAZR,RSA,Santa Rosa Airport,Santa Rosa,AR,-36.5882987976,-64.2757034302,America/Argentina/Salta
SAZS,BRC,San Carlos De Bariloche Airport,San Carlos de Bariloche,AR,-41.1511993408,-71.1575012207,America/Argentina/Salta
SAZT,TDL,Heroes De Malvinas Airport,Tandil,AR,-37.2374000549,-59.2279014587,America/Argentina/Buenos_Aires
SAZV,VLG,Villa Gesell Airport,Villa Gesell,AR,-37.2354,-57.0292,America/Argentina/Buenos_Aires
SAZW,CUT,Cutral-Co Airport,Cutral-Co,AR,-38.9397010803,-69.2646026611,America/Argentina/Salta
SAZY,CPC,Aviador C. Campos Airport,Chapelco/San Martin de los Andes,AR,-40.0754013062,-71.137298584,America/Argentina/Salta
SBAA,CDJ,Conceicao do Araguaia Airport,Conceicao Do Araguaia,BR,-8.3483495712,-49.3014984131,America/Araguaina
SBAE,JTC,Bauru-Arealva Airport,Bauru,BR,-22.15778,-49.06833,America/Sao_Paulo
SBAQ,AQA,Araraquara Airport,Araraquara,BR,-21.8120002747,-48.1329994202,America/Sao_Paulo
SBAR,AJU,Santa Maria Airport,Aracaju,BR,-10.984000206,-37.0703010559,America/Maceio
SBAS,AIF,Marcelo Pires Halzhausen Airport,Assis,BR,-22.64,-50.453056,America/Sao_Paulo
SBAT,AFL,Alta Floresta Airport,Alta Floresta,BR,-9.8663892746,-56.1049995422,America/Cuiaba
SBAU,ARU,Aracatuba Airport,Aracatuba,BR,-21.1413002014,-50.4247016907,America/Sao_Paulo
SBAX,AAX,Araxa Airport,Araxa,BR,-19.5631999969,-46.9603996277,America/Sao_Paulo
SBBE,BEL,Val de Cans/Julio Cezar Ribeiro International Airport,Belem,BR,-1.3792500496,-48.4762992859,America/Belem
SBBG,BGX,Comandante Gustavo Kraemer Airport,Bage,BR,-31.390499115,-54.1122016907,America/Sao_Paulo
SBBH,PLU,Pampulha - Carlos Drummond de Andrade Airport,Belo Horizonte,BR,-19.8512001038,-43.9505996704,America/Sao_Paulo
SBBI,BFH,Bacacheri Airport,Curitiba,BR,-25.4050998688,-49.2319984436,America/Sao_Paulo
SBBP,BJP,Aeroporto Estadual Arthur Siqueira Airport,Braganca Paulista,BR,-22.979167,-46.5375,America/Sao_Paulo
SBBQ,QAK,Major Brigadeiro Doorgal Borges Airport,Barbacena,BR,-21.26720047,-43.761100769,America/Sao_Paulo
SBBR,BSB,Presidente Juscelino Kubistschek International Airport,Brasilia,BR,-15.8691673279,-47.9208335876,America/Sao_Paulo
SBBT,BAT,Chafei Amsei Airport,Barretos,BR,-20.5844993591,-48.5941009521,America/Sao_Paulo
SBBU,BAU,Bauru Airport,Bauru,BR,-22.3449993134,-49.0537986755,America/Sao_Paulo
SBBV,BVB,Atlas Brasil Cantanhede Airport,Boa Vista,BR,2.8413889408,-60.6922225952,America/Boa_Vista
SBBW,BPG,Barra do Garcas Airport,Barra Do Garcas,BR,-15.8613004684,-52.3889007568,America/Cuiaba
SBBZ,BZC,Umberto Modiano Airport,Cabo Frio,BR,-22.7709999084,-41.9628982544,America/Sao_Paulo
SBCA,CAC,Cascavel Airport,Cascavel,BR,-25.0002994537,-53.5008010864,America/Sao_Paulo
SBCB,CFB,Cabo Frio Airport,Cabo Frio,BR,-22.9216995239,-42.0742988586,America/Sao_Paulo
SBCD,CFC,Caçador Airport,Caçador,BR,-26.788056,-50.939999,America/Sao_Paulo
SBCF,CNF,Tancredo Neves International Airport,Belo Horizonte,BR,-19.6244430542,-43.9719429016,America/Sao_Paulo
SBCG,CGR,Campo Grande Airport,Campo Grande,BR,-20.4687004089,-54.6725006104,America/Campo_Grande
SBCH,XAP,Chapeco Airport,Chapeco,BR,-27.1341991425,-52.6566009521,America/Sao_Paulo
SBCI,CLN,Brig. Lysias Augusto Rodrigues Airport,Carolina,BR,-7.3204398155,-47.4586982727,America/Fortaleza
SBCJ,CKS,Carajas Airport,Carajas,BR,-6.1152777672,-50.0013885498,America/Belem
SBCM,CCM,Forquilhinha - Criciuma Airport,Criciuma,BR,-28.7244434357,-49.4213905334,America/Sao_Paulo
SBCN,CLV,Caldas Novas Airport,Caldas Novas,BR,-17.7252998352,-48.6074981689,America/Sao_Paulo
SBCO,QNS,Canoas Airport,Porto Alegre,BR,-29.9458999634,-51.1444015503,America/Sao_Paulo
SBCP,CAW,Bartolomeu Lisandro Airport,Campos Dos Goytacazes,BR,-21.698299408,-41.301700592,America/Sao_Paulo
SBCR,CMG,Corumba International Airport,Corumba,BR,-19.0119438171,-57.6713905334,America/Campo_Grande
SBCT,CWB,Afonso Pena Airport,Curitiba,BR,-25.5284996033,-49.1758003235,America/Sao_Paulo
SBCV,CRQ,Caravelas Airport,Caravelas,BR,-17.652299881,-39.2531013489,America/Bahia
SBCX,CXJ,Campo dos Bugres Airport,Caxias Do Sul,BR,-29.1970996857,-51.1875,America/Sao_Paulo
SBCY,CGB,Marechal Rondon Airport,Cuiaba,BR,-15.6528997421,-56.1166992188,America/Cuiaba
SBCZ,CZS,Cruzeiro do Sul Airport,Cruzeiro Do Sul,BR,-7.5999097824,-72.7695007324,America/Rio_Branco
SBDB,BYO,Bonito Airport,Bonito,BR,-21.2294445038,-56.456111908,America/Campo_Grande
SBDN,PPB,Presidente Prudente Airport,Presidente Prudente,BR,-22.1751003265,-51.4245986938,America/Sao_Paulo
SBEG,MAO,Eduardo Gomes International Airport,Manaus,BR,-3.0386099815,-60.0497016907,America/Manaus
SBEK,JCR,Jacareacanga Airport,Jacareacanga,BR,-6.2331600189,-57.7769012451,America/Santarem
SBEP,ESI,Espinosa Airport,Espinosa,BR,-14.9336944444,-42.81,America/Sao_Paulo
SBFI,IGU,Cataratas International Airport,Foz Do Iguacu,BR,-25.6002788544,-54.4850006104,America/Argentina/Cordoba
SBFL,FLN,Hercilio Luz International Airport,Florianopolis,BR,-27.6702785492,-48.5525016785,America/Sao_Paulo
SBFN,FEN,Fernando de Noronha Airport,Fernando De Noronha,BR,-3.854929924,-32.4233016968,America/Noronha
SBFZ,FOR,Pinto Martins International Airport,Fortaleza,BR,-3.7762799263,-38.5326004028,America/Fortaleza
SBGL,GIG,Galeao - Antonio Carlos Jobim International Airport,Rio De Janeiro,BR,-22.8099994659,-43.2505569458,America/Sao_Paulo
SBGM,GJM,Guajara-Mirim Airport,Guajara-Mirim,BR,-10.7863998413,-65.2847976685,America/Porto_Velho
SBGO,GYN,Santa Genoveva Airport,Goiania,BR,-16.6319999695,-49.2206993103,America/Sao_Paulo
SBGR,GRU,Guarulhos - Governador Andre Franco Montoro International Airport,Sao Paulo,BR,-23.4355564117,-46.4730567932,America/Sao_Paulo
SBGU,GPB,Tancredo Thomas de Faria Airport,Guarapuava,BR,-25.3875007629,-51.520198822,America/Sao_Paulo
SBGV,GVR,Governador Valadares Airport,Governador Valadares,BR,-18.8952007294,-41.9822006226,America/Sao_Paulo
SBGW,GUJ,Guaratingueta Airport,Guaratingueta,BR,-22.7915992737,-45.2047996521,America/Sao_Paulo
SBHT,ATM,Altamira Airport,Altamira,BR,-3.2539100647,-52.2540016174,America/Santarem
SBIC,ITA,Itacoatiara Airport,Itacoatiara,BR,-3.1272599697,-58.4812011719,America/Manaus
SBIH,ITB,Itaituba Airport,Itaituba,BR,-4.2423400879,-56.0007019043,America/Santarem
SBIL,IOS,Bahia - Jorge Amado Airport,Ilheus,BR,-14.8159999847,-39.0331993103,America/Bahia
SBIP,IPN,Usiminas Airport,Ipatinga,BR,-19.4706993103,-42.4875984192,America/Sao_Paulo
SBIZ,IMP,Prefeito Renato Moreira Airport,Imperatriz,BR,-5.5312900543,-47.4599990845,America/Fortaleza
SBJE,JJD,Comte. Ariston Pessoa Regional Airport,Jijoca de Jericoacoara,BR,-2.906667,-40.358056,America/Fortaleza
SBJF,JDF,Francisco de Assis Airport,Juiz De Fora,BR,-21.7915000916,-43.3867988586,America/Sao_Paulo
SBJH,JHF,São Paulo Catarina Executive Airport,São Roque,BR,-23.426944,-47.165833,America/Sao_Paulo
SBJP,JPA,Presidente Castro Pinto Airport,Joao Pessoa,BR,-7.1458330154,-34.9486122131,America/Fortaleza
SBJU,JDO,Orlando Bezerra de Menezes Airport,Juazeiro Do Norte,BR,-7.2189598084,-39.2700996399,America/Fortaleza
SBJV,JOI,Lauro Carneiro de Loyola Airport,Joinville,BR,-26.2245006561,-48.7974014282,America/Sao_Paulo
SBKG,CPV,Presidente Joao Suassuna Airport,Campina Grande,BR,-7.2699198723,-35.8964004517,America/Fortaleza
SBKP,VCP,Viracopos International Airport,Campinas,BR,-23.0074005127,-47.1344985962,America/Sao_Paulo
SBLE,LEC,Chapada Diamantina Airport,Lencois,BR,-12.4822998047,-41.2770004272,America/Bahia
SBLJ,LAJ,Lages Airport,Lages,BR,-27.7821006775,-50.28150177,America/Sao_Paulo
SBLN,LIP,Lins Airport,Lins,BR,-21.6639995575,-49.7304992676,America/Sao_Paulo
SBLO,LDB,Governador Jose Richa Airport,Londrina,BR,-23.3335990906,-51.1301002502,America/Sao_Paulo
SBLP,LAZ,Bom Jesus da Lapa Airport,Bom Jesus Da Lapa,BR,-13.2621002197,-43.4081001282,America/Bahia
SBMA,MAB,Maraba Airport,Maraba,BR,-5.3685898781,-49.1380004883,America/Belem
SBMC,MQH,Minacu Airport,Minacu,BR,-13.5490999222,-48.1953010559,America/Sao_Paulo
SBMD,MEU,Monte Dourado Airport,Almeirim,BR,-0.8898389935,-52.6021995544,America/Santarem
SBME,MEA,Macae Airport,Macae,BR,-22.343000412,-41.7659988403,America/Sao_Paulo
SBMG,MGF,Regional de Maringa - Silvio Nane Junior Airport,Maringa,BR,-23.4794445038,-52.01222229,America/Sao_Paulo
SBMK,MOC,Mario Ribeiro Airport,Montes Claros,BR,-16.7068996429,-43.818901062,America/Sao_Paulo
SBML,MII,Marilia Airport,Marilia,BR,-22.1968994141,-49.926399231,America/Sao_Paulo
SBMN,PLL,Ponta Pelada Airport,Manaus,BR,-3.1460399628,-59.9863014221,America/Manaus
SBMO,MCZ,Zumbi dos Palmares Airport,Maceio,BR,-9.5108098984,-35.7916984558,America/Maceio
SBMQ,MCP,Alberto Alcolumbre Airport,Macapa,BR,0.0506640002,-51.0722007751,America/Belem
SBMS,MVF,Dix-Sept Rosado Airport,Mossoro,BR,-5.2019200325,-37.3642997742,America/Fortaleza
SBMT,SAO,Campo de Marte Airport,Sao Paulo,BR,-23.5090999603,-46.6377983093,America/Sao_Paulo
SBMY,MNX,Manicore Airport,Manicore,BR,-5.8113799095,-61.278301239,America/Manaus
SBNF,NVT,Ministro Victor Konder International Airport,Navegantes,BR,-26.8799991608,-48.6514015198,America/Sao_Paulo
SBNM,GEL,Santo Angelo Airport,Santo Angelo,BR,-28.2817001343,-54.1691017151,America/Sao_Paulo
SBOI,OYK,Oiapoque Airport,Oiapoque,BR,3.8554899693,-51.7969017029,America/Belem
SBPA,POA,Salgado Filho Airport,Porto Alegre,BR,-29.9944000244,-51.1713981628,America/Sao_Paulo
SBPB,PHB,Prefeito Doutor Joao Silva Filho Airport,Parnaiba,BR,-2.8937499523,-41.7319984436,America/Fortaleza
SBPC,POO,Pocos de Caldas Airport,Pocos De Caldas,BR,-21.843000412,-46.5679016113,America/Sao_Paulo
SBPF,PFB,Lauro Kurtz Airport,Passo Fundo,BR,-28.2439994812,-52.3265991211,America/Sao_Paulo
SBPJ,PMW,Brigadeiro Lysias Rodrigues Airport,Palmas,BR,-10.2915000916,-48.3569984436,America/Araguaina
SBPK,PET,Pelotas Airport,Pelotas,BR,-31.7183990479,-52.3277015686,America/Sao_Paulo
SBPL,PNZ,Senador Nilo Coelho Airport,Petrolina,BR,-9.3624095917,-40.5690994263,America/Recife
SBPN,PNB,Porto Nacional Airport,Porto Nacional,BR,-10.7194004059,-48.3997001648,America/Araguaina
SBPP,PMG,Ponta Pora Airport,Ponta Pora,BR,-22.5496006012,-55.7025985718,America/Asuncion
SBPS,BPS,Porto Seguro Airport,Porto Seguro,BR,-16.4386005402,-39.0808982849,America/Bahia
SBPV,PVH,Governador Jorge Teixeira de Oliveira Airport,Porto Velho,BR,-8.7092895508,-63.9023017883,America/Porto_Velho
SBRB,RBR,Placido de Castro Airport,Rio Branco,BR,-9.868888855,-67.8980560303,America/Rio_Branco
SBRF,REC,Guararapes - Gilberto Freyre International Airport,Recife,BR,-8.1264896393,-34.9235992432,America/Recife
SBRJ,SDU,Santos Dumont Airport,Rio De Janeiro,BR,-22.9104995728,-43.1631011963,America/Sao_Paulo
SBRP,RAO,Leite Lopes Airport,Ribeirao Preto,BR,-21.1363887787,-47.7766685486,America/Sao_Paulo
SBRR,BRB,Barreirinhas Airport,Unknown,BR,-2.7555555556,-42.81,America/Fortaleza
SBSC,SNZ,Santa Cruz Airport,Rio De Janeiro,BR,-22.9323997498,-43.7191009521,America/Sao_Paulo
SBSG,NAT,Greater Natal International Airport,Sao Goncalo Do Amarante,BR,-5.7698,-35.36658,America/Fortaleza
SBSJ,SJK,Professor Urbano Ernesto Stumpf Airport,Sao Jose Dos Campos,BR,-23.2292003632,-45.8614997864,America/Sao_Paulo
SBSL,SLZ,Marechal Cunha Machado International Airport,Sao Luis,BR,-2.5853600502,-44.2341003418,America/Fortaleza
SBSM,RIA,Santa Maria Airport,Santa Maria,BR,-29.7113990784,-53.6882019043,America/Sao_Paulo
SBSN,STM,Maestro Wilson Fonseca Airport,Santarem,BR,-2.4247219563,-54.7858314514,America/Santarem
SBSP,CGH,Congonhas Airport,Sao Paulo,BR,-23.6261100769,-46.6563873291,America/Sao_Paulo
SBSR,SJP,Sao Jose do Rio Preto Airport,Sao Jose Do Rio Preto,BR,-20.8166007996,-49.40650177,America/Sao_Paulo
SBST,SSZ,Base Aerea de Santos Airport,Guaruja,BR,-23.9280567169,-46.2997207642,America/Sao_Paulo
SBSV,SSA,Deputado Luiz Eduardo Magalhaes International Airport,Salvador,BR,-12.908623960607166,-38.3228798872924,America/Bahia
SBTA,QHP,Base de Aviacao de Taubate Airport,Taubate,BR,-23.0401000977,-45.5159988403,America/Sao_Paulo
SBTB,TMT,Trombetas Airport,Oriximina,BR,-1.4895999432,-56.3968009949,America/Santarem
SBTC,UNA,Hotel Transamerica Airport,Una,BR,-15.3551998138,-38.9990005493,America/Bahia
SBTD,TOW,Toledo Airport,Toledo,BR,-24.6863002777,-53.6974983215,America/Sao_Paulo
SBTE,THE,Senador Petronio Portela Airport,Teresina,BR,-5.0599398613,-42.8235015869,America/Fortaleza
SBTF,TFF,Tefe Airport,Tefe,BR,-3.3829400539,-64.7240982056,America/Manaus
SBTG,TJL,Plinio Alarcom Airport,Tres Lagoas,BR,-20.754444,-51.683889,America/Campo_Grande
SBTK,TRQ,Tarauaca Airport,Tarauaca,BR,-8.1552600861,-70.7833023071,America/Rio_Branco
SBTL,TEC,Telemaco Borba Airport,Telemaco Borba,BR,-24.3178005219,-50.651599884,America/Sao_Paulo
SBTT,TBT,Tabatinga Airport,Tabatinga,BR,-4.2556700706,-69.935798645,America/Bogota
SBTU,TUR,Tucurui Airport,Tucurui,BR,-3.7860100269,-49.7202987671,America/Belem
SBUA,SJL,Sao Gabriel da Cachoeira Airport,Sao Gabriel Da Cachoeira,BR,-0.14835,-66.9855,America/Manaus
SBUF,PAV,Paulo Afonso Airport,Paulo Afonso,BR,-9.4008798599,-38.2505989075,America/Bahia
SBUG,URG,Rubem Berta Airport,Uruguaiana,BR,-29.7821998596,-57.0382003784,America/Sao_Paulo
SBUL,UDI,Ten. Cel. Aviador Cesar Bombonato Airport,Uberlandia,BR,-18.8836116791,-48.225276947,America/Sao_Paulo
SBUR,UBA,Mario de Almeida Franco Airport,Uberaba,BR,-19.7647228241,-47.9661102295,America/Sao_Paulo
SBVC,VDC,Glauber Rocha Airport,Vitória da Conquista,BR,-14.907778,-40.914722,America/Bahia
SBVG,VAG,Major Brigadeiro Trompowsky Airport,Varginha,BR,-21.5900993347,-45.4733009338,America/Sao_Paulo
SBVH,BVH,Vilhena Airport,Vilhena,BR,-12.6943998337,-60.0983009338,America/Porto_Velho
SBVT,VIX,Eurico de Aguiar Salles Airport,Vitoria,BR,-20.2580566406,-40.2863883972,America/Sao_Paulo
SBYS,QPS,Campo Fontenelle Airport,Pirassununga,BR,-21.9846000671,-47.3348007202,America/Sao_Paulo
SBZM,IZA,Zona da Mata Regional Airport,Juiz De Fora,BR,-21.5130558014,-43.1730575562,America/Sao_Paulo
SCAC,ZUD,Pupelde Airport,Ancud,CL,-41.9039001465,-73.7966995239,America/Santiago
SCAN,LOB,San Rafael Airport,Los Andes,CL,-32.814201355,-70.646697998,America/Santiago
SCAP,WAP,Alto Palena Airport,Alto Palena,CL,-43.6119003296,-71.806098938,America/Santiago
SCAR,ARI,Chacalluta Airport,Arica,CL,-18.3484992981,-70.3386993408,America/Lima
SCAS,WPA,Cabo 1° Juan Roman Airport,Puerto Aysen,CL,-45.3992004395,-72.6703033447,America/Santiago
SCAT,CPO,Desierto de Atacama Airport,Copiapo,CL,-27.2611999512,-70.7791976929,America/Santiago
SCBA,BBA,Balmaceda Airport,Balmaceda,CL,-45.9160995483,-71.6894989014,America/Santiago
SCBE,TOQ,Barriles Airport,Tocopilla,CL,-22.1410999298,-70.0628967285,America/Santiago
SCCC,CCH,Chile Chico Airport,Chile Chico,CL,-46.5833015442,-71.6874008179,America/Santiago
SCCF,CJC,El Loa Airport,Calama,CL,-22.4981994629,-68.9036026001,America/Santiago
SCCH,YAI,Gral. Bernardo O´Higgins Airport,Chillan,CL,-36.5825004578,-72.0314025879,America/Santiago
SCCI,PUQ,Pdte. Carlos Ibanez del Campo Airport,Punta Arenas,CL,-53.0026016235,-70.854598999,America/Punta_Arenas
SCCQ,COW,Tambillos Airport,Coquimbo,CL,-30.198889,-71.246944,America/Santiago
SCCY,GXQ,Teniente Vidal Airport,Coyhaique,CL,-45.5942001343,-72.1061019897,America/Santiago
SCDA,IQQ,Diego Aracena Airport,Iquique,CL,-20.535200119,-70.1812973022,America/Santiago
SCEL,SCL,Comodoro Arturo Merino Benitez International Airport,Santiago,CL,-33.3930015564,-70.7857971191,America/Santiago
SCES,ESR,Ricardo Garcia Posada Airport,El Salvador,CL,-26.3111000061,-69.7651977539,America/Santiago
SCFA,ANF,Cerro Moreno Airport,Antofagasta,CL,-23.4444999695,-70.445098877,America/Santiago
SCFM,WPR,Capitan Fuentes Martinez Airport Airport,Porvenir,CL,-53.2537002563,-70.3191986084,America/Punta_Arenas
SCFR,FRT,Frutillar Airport,Frutillar,CL,-41.1308326721,-73.0647201538,America/Santiago
SCFT,FFU,Futaleufu Airport,Futaleufu,CL,-43.189201355,-71.8510971069,America/Santiago
SCGE,LSQ,Maria Dolores Airport,Los Angeles,CL,-37.4016990662,-72.4253997803,America/Santiago
SCGZ,WPU,Guardiamarina Zanartu Airport,Puerto Williams,CL,-54.931098938,-67.6262969971,America/Argentina/Ushuaia
SCHR,LGR,Cochrane Airport,Cochrane,CL,-47.2438011169,-72.5884017944,America/Santiago
SCIE,CCP,Carriel Sur Airport,Concepcion,CL,-36.7727012634,-73.0631027222,America/Santiago
SCIP,IPC,Mataveri Airport,Isla De Pascua,CL,-27.1648006439,-109.42199707,Pacific/Easter
SCJO,ZOS,Canal Bajo Carlos - Hott Siebert Airport,Osorno,CL,-40.6111984253,-73.0609970093,America/Santiago
SCKP,CPP,Coposa Airport,Pica,CL,-20.7504997253,-68.6835021973,America/Santiago
SCLL,VLR,Vallenar Airport,Vallenar,CL,-28.5963993073,-70.7559967041,America/Santiago
SCLN,ZLR,Municipal de Linares Airport,Linares,CL,-35.8616981506,-71.5485992432,America/Santiago
SCNT,PNT,Tte. Julio Gallardo Airport,Puerto Natales,CL,-51.6715011597,-72.5283966064,America/Punta_Arenas
SCOV,OVL,El Tuqui Airport,Ovalle,CL,-30.5592002869,-71.1755981445,America/Santiago
SCPC,ZPC,Pucon Airport,Pucon,CL,-39.2928009033,-71.9159011841,America/Santiago
SCPQ,MHC,Mocopulli Airport,Dalcahue,CL,-42.340278,-73.715556,America/Santiago
SCPV,PUX,El Mirador Airport,Puerto Varas,CL,-41.3493995667,-72.9467010498,America/Santiago
SCRA,CNR,Chanaral Airport,Chanaral,CL,-26.3325004578,-70.6072998047,America/Santiago
SCRD,VAP,Rodelillo Airport,Vina Del Mar,CL,-33.0680999756,-71.5575027466,America/Santiago
SCRG,QRC,De La Independencia Airport,Rancagua,CL,-34.1736984253,-70.7757034302,America/Santiago
SCRM,TNM,Teniente Rodolfo Marsh Martin Base,Isla Rey Jorge,AQ,-62.1907997131,-58.9866981506,America/Punta_Arenas
SCSB,SMB,Franco Bianco Airport,Cerro Sombrero,CL,-52.7366981506,-69.3336029053,America/Punta_Arenas
SCSE,LSC,La Florida Airport,La Serena-Coquimbo,CL,-29.9162006378,-71.1995010376,America/Santiago
SCSF,SSD,Victor Lafon Airport,San Felipe,CL,-32.7458000183,-70.7050018311,America/Santiago
SCST,WCA,Gamboa Airport,Castro,CL,-42.4902992249,-73.7727966309,America/Santiago
SCTC,ZCO,Maquehue Airport,Temuco,CL,-38.7667999268,-72.6371002197,America/Santiago
SCTE,PMC,El Tepual Airport,Puerto Montt,CL,-41.4388999939,-73.09400177,America/Santiago
SCTL,TLX,Panguilemo Airport,Talca,CL,-35.3777999878,-71.6016998291,America/Santiago
SCTN,WCH,Chaiten Airport,Chaiten,CL,-42.932800293,-72.6990966797,America/Santiago
SCTO,ZIC,Victoria Airport,Victoria,CL,-38.2456016541,-72.3486022949,America/Santiago
SCTT,TTC,Las Breas Airport,Taltal,CL,-25.5643005371,-70.3759002686,America/Santiago
SCVD,ZAL,Pichoy Airport,Valdivia,CL,-39.6500015259,-73.0860977173,America/Santiago
SCVM,KNA,Vina del mar Airport,Vina Del Mar,CL,-32.9496002197,-71.4785995483,America/Santiago
SDAM,CPQ,Amarais Airport,Campinas,BR,-22.8591995239,-47.1082000732,America/Sao_Paulo
SDBK,QCJ,Botucatu Airport,Botucatu,BR,-22.9395008087,-48.4679985046,America/Sao_Paulo
SDCG,OLC,Senadora Eunice Micheles Airport,Sao Paulo De Olivenca,BR,-3.4679295077,-68.9204120636,America/Manaus
SDCO,SOD,Sorocaba Airport,Sorocaba,BR,-23.4780006409,-47.4900016785,America/Sao_Paulo
SDDR,QDC,Dracena Airport,Dracena,BR,-21.4605007172,-51.6068992615,America/Sao_Paulo
SDJL,JLS,Jales Airport,Jales,BR,-20.2929992676,-50.5463981628,America/Sao_Paulo
SDKK,QOA,Mococa Airport,Mococa,BR,-21.4878005981,-47.0344009399,America/Sao_Paulo
SDLO,PBA,Fazenda Pontal Airport,Cairu,BR,-13.5648002625,-38.9399986267,America/Bahia
SDLP,QGC,Lencois Paulista Airport,Lencois Paulista,BR,-22.5783996582,-48.7746009827,America/Sao_Paulo
SDNY,QNV,Aeroclube Airport,Nova Iguacu,BR,-22.745300293,-43.4603004456,America/Sao_Paulo
SDOU,OUS,Ourinhos Airport,Ourinhos,BR,-22.9664993286,-49.9132995605,America/Sao_Paulo
SDOW,OIA,Ourilandia do Norte Airport,Ourilandia Do Norte,BR,-6.7631001472,-51.0499000549,America/Belem
SDPW,QHB,Piracicaba Airport,Piracicaba,BR,-22.7115001678,-47.6181983948,America/Sao_Paulo
SDRK,QIQ,Rio Claro Airport,Rio Claro,BR,-22.4311008453,-47.564201355,America/Sao_Paulo
SDRR,QVP,Avare-Arandu Airport,Avare,BR,-23.0925006866,-48.9874000549,America/Sao_Paulo
SDRS,QRZ,Resende Airport,Resende,BR,-22.4785003662,-44.4803009033,America/Sao_Paulo
SDSC,QSC,Sao Carlos Airport,Sao Carlos,BR,-21.8754005432,-47.9037017822,America/Sao_Paulo
SDUB,UBT,Ubatuba Airport,Ubatuba,BR,-23.4410991669,-45.0755996704,America/Sao_Paulo
SDUN,ITP,Itaperuna Airport,Itaperuna,BR,-21.2192993164,-41.8759002686,America/Sao_Paulo
SDUO,QGS,Alagoinhas Airport,Alagoinhas,BR,-12.1751003265,-38.3801994324,America/Bahia
SDVG,VOT,Votuporanga Airport,Votuporanga,BR,-20.4631996155,-50.0045013428,America/Sao_Paulo
SDWQ,ALT,Alenquer Airport,Alenquer,BR,-1.916944,-54.722778,America/Santarem
SDYM,QGB,Limeira Airport,Limeira,BR,-22.603889,-47.411944,America/Sao_Paulo
SEAM,ATF,Chachoan Airport,Ambato,EC,-1.2120699883,-78.5746002197,America/Guayaquil
SECO,OCC,Francisco De Orellana Airport,Coca,EC,-0.4628860056,-76.9868011475,America/Guayaquil
SECU,CUE,Mariscal Lamar Airport,Cuenca,EC,-2.8894701004,-78.9843978882,America/Guayaquil
SEGS,GPS,Seymour Airport,Baltra,EC,-0.4537580013,-90.2658996582,Pacific/Galapagos
SEGU,GYE,Simon Bolivar International Airport,Guayaquil,EC,-2.15741992,-79.8835983276,America/Guayaquil
SEII,IBB,General Villamil Airport,Isabela,EC,-0.942628026,-90.9530029297,Pacific/Galapagos
SEJI,JIP,Jipijapa Airport,Jipijapa,EC,-1,-80.6666641235,America/Guayaquil
SELT,LTX,Cotopaxi International Airport,Latacunga,EC,-0.906832993,-78.6157989502,America/Guayaquil
SEMA,MRR,Jose Maria Velasco Ibarra Airport,Macara,EC,-4.3782300949,-79.9410018921,America/Guayaquil
SEMC,XMS,Coronel E Carvajal Airport,Macas,EC,-2.2991700172,-78.1207962036,America/Guayaquil
SEMH,MCH,General Manuel Serrano Airport,Machala,EC,-3.2688999176,-79.9616012573,America/Guayaquil
SEMT,MEC,Eloy Alfaro International Airport,Manta,EC,-0.9460780025,-80.6788024902,America/Guayaquil
SENL,LGQ,Nueva Loja Airport,Lago Agrio,EC,0.0930560008,-76.8675003052,America/Guayaquil
SEPT,PYO,Putumayo Airport,Puerto Putumayo,EC,0.0833330005,-75.9000015259,America/Guayaquil
SEPV,PVO,Reales Tamarindos Airport,Portoviejo,EC,-1.0416500568,-80.4721984863,America/Guayaquil
SEQM,UIO,Nuevo Aeropuerto Internacional Mariscal Sucre,Quito,EC,-0.1291666667,-78.3575,America/Guayaquil
SERO,ETR,Coronel Artilleria Victor Larrea Airport,Santa Rosa,EC,-3.4351599217,-79.9777984619,America/Guayaquil
SESA,SNC,General Ulpiano Paez Airport,Salinas,EC,-2.2049899101,-80.988899231,America/Guayaquil
SESC,SUQ,Sucua Airport,Sucua,EC,-2.4830000401,-78.1669998169,America/Guayaquil
SESM,PTZ,Rio Amazonas Airport,Shell Mera,EC,-1.5052399635,-78.0626983643,America/Guayaquil
SEST,SCY,San Cristobal Airport,San Cristobal,EC,-0.9102060199,-89.617401123,Pacific/Galapagos
SESV,BHA,Los Perales Airport,Bahia de Caraquez,EC,-0.6081110239,-80.4027023315,America/Guayaquil
SETH,TSC,Taisha Airport,Taisha,EC,-2.3816699982,-77.5027999878,America/Guayaquil
SETI,TPN,Tiputini Airport,Tiputini,EC,-0.7761110067,-75.5263977051,America/Guayaquil
SETM,LOH,Camilo Ponce Enriquez Airport,La Toma (Catamayo),EC,-3.9958899021,-79.3719024658,America/Guayaquil
SETN,ESM,General Rivadeneira Airport,Tachina,EC,0.9785190225,-79.6266021729,America/Guayaquil
SETR,TPC,Tarapoa Airport,Tarapoa,EC,-0.1229560003,-76.3377990723,America/Guayaquil
SETU,TUA,Teniente Coronel Luis a Mantilla Airport,Tulcan,EC,0.8095059991,-77.7080993652,America/Guayaquil
SFAL,PSY,Stanley Airport,Stanley,FK,-51.6856994629,-57.7775993347,Atlantic/Stanley
SGAS,ASU,Silvio Pettirossi International Airport,Asuncion,PY,-25.2399997711,-57.5200004578,America/Asuncion
SGAY,AYO,Juan De Ayolas Airport,Ayolas,PY,-27.3700008392,-56.8499984741,America/Asuncion
SGBN,BFA,Bahia Negra Airport,Bahia Negra,PY,-20.2245998383,-58.1791992188,America/Asuncion
SGCO,CIO,Teniente Col Carmelo Peralta Airport,Concepcion,PY,-23.4400005341,-57.4300003052,America/Asuncion
SGEN,ENO,Encarnacion Airport,Encarnacion,PY,-27.2999992371,-55.9099998474,America/Asuncion
SGES,AGT,Guarani International Airport,Ciudad del Este,PY,-25.4599990845,-54.8400001526,America/Asuncion
SGFI,FLM,Filadelfia Airport,Filadelfia,PY,-22.3600006104,-60.0499992371,America/Asuncion
SGME,ESG,Dr. Luis Maria Argana International Airport,Mariscal Estigarribia,PY,-22.0499992371,-60.6199989319,America/Asuncion
SGOL,OLK,Fuerte Olimpo Airport,Fuerte Olimpo,PY,-21.0452003479,-57.8824996948,America/Asuncion
SGPI,PIL,Carlos Miguel Gimenez Airport,Pilar,PY,-26.8799991608,-58.3199996948,America/Argentina/Cordoba
SGPJ,PJC,Dr Augusto Roberto Fuster International Airport,Pedro Juan Caballero,PY,-22.6399993896,-55.8300018311,America/Asuncion
SIAM,MSI,Fazenda Palmital Airport,Morro Agudo,BR,-20.6963996887,-48.2863998413,America/Sao_Paulo
SILC,LVR,Municipal Bom Futuro Airport,Lucas do Rio Verde,BR,-13.0378611111,-55.95025,America/Cuiaba
SIMK,FRC,Franca Airport,Franca,BR,-20.5921993256,-47.382900238,America/Sao_Paulo
SIZX,JUA,Juara Sul Airport,Juara,BR,-11.2866668701,-57.5388908386,America/Cuiaba
SJHG,CFO,Confresa Airport,Confresa,BR,-10.6344003677,-51.5635986328,America/Cuiaba
SJNP,NPR,Novo Progresso Airport,Novo Progresso,BR,-7.1258330345,-55.4008331299,America/Santarem
SJRG,RIG,Rio Grande Airport,Rio Grande,BR,-32.081699,-52.163299,America/Sao_Paulo
SKAC,ACR,Araracuara Airport,Araracuara,CO,-0.5833,-72.4083,America/Bogota
SKAD,ACD,Alcides Fernandez Airport,Acandi,CO,8.51667,-77.3,America/Bogota
SKAG,HAY,Aguachica Airport,Aguachica,CO,8.3,-73.6306,America/Bogota
SKAM,AFI,Amalfi Airport,Amalfi,CO,6.91667,-75.0667,America/Bogota
SKAN,ADN,Andes Airport,Andes,CO,5.66667,-75.8833,America/Bogota
SKAP,API,Gomez Nino Apiay Air Base,Apiay,CO,4.07607,-73.5627,America/Bogota
SKAR,AXM,El Eden Airport,Armenia,CO,4.45278,-75.7664,America/Bogota
SKAS,PUU,Tres De Mayo Airport,Puerto Asis,CO,0.505228,-76.5008,America/Bogota
SKBC,ELB,Las Flores Airport,El Banco,CO,9.04554,-73.9749,America/Bogota
SKBG,BGA,Palonegro Airport,Bucaramanga,CO,7.1265,-73.1848,America/Bogota
SKBO,BOG,El Dorado International Airport,Bogota,CO,4.70159,-74.1469,America/Bogota
SKBQ,BAQ,Ernesto Cortissoz International Airport,Barranquilla,CO,10.8896,-74.7808,America/Bogota
SKBS,BSC,Jose Celestino Mutis Airport,Bahia Solano,CO,6.20292,-77.3947,America/Bogota
SKBU,BUN,Gerardo Tobar Lopez Airport,Buenaventura,CO,3.81963,-76.9898,America/Bogota
SKCA,CPB,Capurgana Airport,Capurgana,CO,8.63333,-77.35,America/Bogota
SKCC,CUC,Camilo Daza International Airport,Cucuta,CO,7.92757,-72.5115,America/Bogota
SKCD,COG,Mandinga Airport,Condoto,CO,5.08333,-76.7,America/Bogota
SKCG,CTG,Rafael Nunez International Airport,Cartagena,CO,10.4424,-75.513,America/Bogota
SKCI,CCO,Carimagua Airport,Puerto Lopez,CO,4.56417,-71.3364,America/Bogota
SKCL,CLO,Alfonso Bonilla Aragon International Airport,Cali,CO,3.54322,-76.3816,America/Bogota
SKCM,CIM,Cimitarra Airport,Cimitarra,CO,6.367,-73.967,America/Bogota
SKCN,RAV,Cravo Norte Airport,Cravo Norte,CO,6.31684,-70.2107,America/Bogota
SKCO,TCO,La Florida Airport,Tumaco,CO,1.81442,-78.7492,America/Bogota
SKCP,BHF,Cupica Airport,Bahia Solano,CO,6.691944,-77.477222,America/Bogota
SKCR,CUO,Caruru Airport,Caruru,CO,1.0136,-71.2961,America/Bogota
SKCU,CAQ,Juan H White Airport,Caucasia,CO,7.96847,-75.1985,America/Bogota
SKCV,CVE,Covenas Airport,Covenas,CO,9.40092,-75.6913,America/Bogota
SKCZ,CZU,Las Brujas Airport,Corozal,CO,9.33274,-75.2856,America/Bogota
SKEB,EBG,El Bagre Airport,El Bagre,CO,7.59647,-74.8089,America/Bogota
SKEJ,EJA,Yariguies Airport,Barrancabermeja,CO,7.02433,-73.8068,America/Bogota
SKFL,FLA,Gustavo Artunduaga Paredes Airport,Florencia,CO,1.58919,-75.5644,America/Bogota
SKFU,FDA,Fundacion Airport,Fundacion,CO,10.5333,-74.2,America/Bogota
SKGA,LGT,La Gaviota Airport,Unknown,CO,4.549722,-70.925,America/Bogota
SKGI,GIR,Santiago Vila Airport,Girardot,CO,4.27624,-74.7967,America/Bogota
SKGO,CRC,Santa Ana Airport,Cartago,CO,4.75818,-75.9557,America/Bogota
SKGP,GPI,Juan Casiano Airport,Guapi,CO,2.57013,-77.8986,America/Bogota
SKGZ,GLJ,Garzon La Jagua Airport,Garzon,CO,2.1464,-75.6944,America/Bogota
SKHA,CPL,Chaparral Airport,Chaparral,CO,3.717,-75.467,America/Bogota
SKHC,HTZ,Hato Corozal Airport,Hato Corozal,CO,6.15,-71.75,America/Bogota
SKIB,IBE,Perales Airport,Ibague,CO,4.42161,-75.1333,America/Bogota
SKIG,IGO,Chigorodo Airport,Chigorodo,CO,7.68038,-76.6865,America/Bogota
SKIP,IPI,San Luis Airport,Ipiales,CO,0.861925,-77.6718,America/Bogota
SKLC,APO,Antonio Roldan Betancourt Airport,Carepa,CO,7.81196,-76.7164,America/Bogota
SKLG,LQM,Caucaya Airport,Puerto Leguizamo,CO,-0.182278,-74.7708,America/Bogota
SKLM,MCJ,Jorge Isaac Airport,La Mina-Maicao,CO,11.2325,-72.4901,America/Bogota
SKLP,LPD,La Pedrera Airport,La Pedrera,CO,-1.32861,-69.5797,America/Bogota
SKLT,LET,Alfredo Vasquez Cobo International Airport,Leticia,CO,-4.19355,-69.9432,America/Bogota
SKMD,EOH,Enrique Olaya Herrera Airport,Medellin,CO,6.220549,-75.590582,America/Bogota
SKMF,MFS,Miraflores Airport,Miraflores,CO,1.35,-71.9444,America/Bogota
SKMG,MGN,Baracoa Airport,Magangue,CO,9.28474,-74.8461,America/Bogota
SKML,MTB,Montelibano Airport,Montelibano,CO,7.97174,-75.4325,America/Bogota
SKMP,MMP,San Bernardo Airport,Mompos,CO,9.25872,-74.438,America/Bogota
SKMR,MTR,Los Garzones Airport,Monteria,CO,8.82374,-75.8258,America/Bogota
SKMU,MVP,Fabio Alberto Leon Bentley Airport,Mitu,CO,1.25366,-70.2339,America/Bogota
SKMZ,MZL,La Nubia Airport,Manizales,CO,5.0296,-75.4647,America/Bogota
SKNC,NCI,Necocli Airport,Necocli,CO,8.45,-76.7833,America/Bogota
SKNQ,NQU,Reyes Murillo Airport,Nuqui,CO,5.6964,-77.2806,America/Bogota
SKNV,NVA,Benito Salas Airport,Neiva,CO,2.95015,-75.294,America/Bogota
SKOC,OCV,Aguas Claras Airport,Ocana,CO,8.31506,-73.3583,America/Bogota
SKOE,ORC,Orocue Airport,Orocue,CO,4.79222,-71.3564,America/Bogota
SKOT,OTU,Otu Airport,El Rhin,CO,7.01037,-74.7155,America/Bogota
SKPA,RON,Juan Jose Rondon Airport,Paipa,CO,5.76454,-73.1054,America/Bogota
SKPC,PCR,German Olano Airport,Puerto Carreno,CO,6.18472,-67.4932,America/Bogota
SKPD,PDA,Obando Airport,Puerto Inirida,CO,3.85353,-67.9062,America/Bogota
SKPE,PEI,Matecana International Airport,Pereira,CO,4.81267,-75.7395,America/Bogota
SKPI,PTX,Pitalito Airport,Pitalito,CO,1.85777,-76.0857,America/Bogota
SKPL,PLT,Plato Airport,Plato,CO,9.8,-74.7833,America/Bogota
SKPN,NAR,Puerto Nare Airport,Armenia,CO,6.21002,-74.5906,America/Bogota
SKPP,PPN,Guillermo Leon Valencia Airport,Popayan,CO,2.4544,-76.6093,America/Bogota
SKPQ,PQE,German Olano Air Base,La Dorada,CO,5.48361,-74.6574,America/Bogota
SKPR,PBE,Puerto Berrio Airport,Puerto Berrio,CO,6.46034,-74.4105,America/Bogota
SKPS,PSO,Antonio Narino Airport,Pasto,CO,1.39625,-77.2915,America/Bogota
SKPV,PVA,El Embrujo Airport,Providencia,CO,13.3569,-81.3583,America/Bogota
SKPZ,PZA,Paz De Ariporo Airport,Paz De Ariporo,CO,5.87615,-71.8866,America/Bogota
SKQU,MQU,Jose Celestino Mutis Airport,Mariquita,CO,5.21256,-74.8836,America/Bogota
SKRG,MDE,Jose Maria Cordova International Airport,Rionegro,CO,6.16454,-75.4231,America/Bogota
SKRH,RCH,Almirante Padilla Airport,Riohacha,CO,11.5262,-72.926,America/Bogota
SKSA,RVE,Los Colonizadores Airport,Saravena,CO,6.951389,-71.856944,America/Bogota
SKSJ,SJE,Jorge E. Gonzalez Torres Airport,San Jose Del Guaviare,CO,2.57969,-72.6394,America/Bogota
SKSM,SMR,Simon Bolivar International Airport,Santa Marta,CO,11.1196,-74.2306,America/Bogota
SKSO,SOX,Alberto Lleras Camargo Airport,Sogamoso,CO,5.67732,-72.9703,America/Bogota
SKSP,ADZ,Gustavo Rojas Pinilla International Airport,San Andres,CO,12.5836,-81.7112,America/Bogota
SKSV,SVI,Eduardo Falla Solano Airport,San Vicente Del Caguan,CO,2.15217,-74.7663,America/Bogota
SKTA,TAU,Tauramena Airport,Tauramena,CO,5.01281,-72.7424,America/Bogota
SKTB,TIB,Tibu Airport,Tibu,CO,8.63152,-72.7304,America/Bogota
SKTD,TDA,Trinidad Airport,Trinidad,CO,5.43278,-71.6625,America/Bogota
SKTL,TLU,Tolu Airport,Tolu,CO,9.50945,-75.5854,America/Bogota
SKTM,TME,Gustavo Vargas Airport,Tame,CO,6.45108,-71.7603,America/Bogota
SKTQ,TQS,Tres Esquinas Air Base,Tres Esquinas,CO,0.7459,-75.234,America/Bogota
SKTU,TRB,Gonzalo Mejia Airport,Turbo,CO,8.07453,-76.7415,America/Bogota
SKUC,AUC,Santiago Perez Airport,Arauca,CO,7.06888,-70.7369,America/Bogota
SKUI,UIB,El Carano Airport,Quibdo,CO,5.69076,-76.6412,America/Bogota
SKUL,ULQ,Farfan Airport,Tulua,CO,4.08836,-76.2351,America/Bogota
SKUR,URR,Urrao Airport,Urrao,CO,6.32883,-76.1425,America/Bogota
SKVG,VGZ,Villa Garzon Airport,Villa Garzon,CO,0.981944,-76.604167,America/Bogota
SKVL,PYA,Velasquez Airport,Velasquez,CO,5.93904,-74.457,America/Bogota
SKVP,VUP,Alfonso Lopez Pumarejo Airport,Valledupar,CO,10.435,-73.2495,America/Bogota
SKVV,VVC,Vanguardia Airport,Villavicencio,CO,4.16787,-73.6138,America/Bogota
SKYA,AYG,Yaguara Airport,San Vicente Del Caguan,CO,1.54417,-73.9333,America/Bogota
SKYP,EYP,El Yopal Airport,El Yopal,CO,5.31911,-72.384,America/Bogota
SLAG,MHW,Monteagudo Airport,El Banado,BO,-19.8269996643,-63.9609985352,America/La_Paz
SLAL,SRE,AlcantarÃ­ International Airport,Sucre,BO,-19.24627,-65.15104,America/La_Paz
SLAP,APB,Apolo Airport,Apolo,BO,-14.7356004715,-68.4119033813,America/La_Paz
SLAS,ASC,Ascencion De Guarayos Airport,Ascension de Guarayos,BO,-15.9302997589,-63.1567001343,America/La_Paz
SLBA,BVL,Baures Airport,Baures,BO,-13.5833330154,-63.5833320618,America/La_Paz
SLBJ,BJO,Bermejo Airport,Bermejo,BO,-22.7733001709,-64.3128967285,America/Argentina/Salta
SLCA,CAM,Camiri Airport,Camiri,BO,-20.0063991547,-63.5278015137,America/La_Paz
SLCB,CBB,Jorge Wilsterman International Airport,Cochabamba,BO,-17.4211006165,-66.1771011353,America/La_Paz
SLCO,CIJ,Capitan Anibal Arab Airport,Cobija,BO,-11.0403995514,-68.7829971313,America/La_Paz
SLCP,CEP,Concepcion Airport,Concepcion,BO,-16.138299942,-62.0285987854,America/La_Paz
SLET,SRZ,El Trompillo Airport,Santa Cruz,BO,-17.8115997314,-63.1715011597,America/La_Paz
SLGY,GYA,Capitan de Av. Emilio Beltran Airport,Guayaramerin,BO,-10.820599556,-65.3455963135,America/La_Paz
SLHJ,BVK,Huacaraje Airport,Itenes,BO,-13.5500001907,-63.7478981018,America/La_Paz
SLJE,SJS,San Jose De Chiquitos Airport,San Jose de Chiquitos,BO,-17.8307991028,-60.7430992126,America/La_Paz
SLJO,SJB,San Joaquin Airport,San Joaquin,BO,-13.0528001785,-64.6616973877,America/La_Paz
SLJV,SJV,San Javier Airport,San Javier,BO,-16.2707996368,-62.4702987671,America/La_Paz
SLLP,LPB,El Alto International Airport,La Paz / El Alto,BO,-16.513299942,-68.1922988892,America/La_Paz
SLMG,MGD,Magdalena Airport,Magdalena,BO,-13.2607483767,-64.0607643127,America/La_Paz
SLOR,ORU,Juan Mendoza Airport,Oruro,BO,-17.962600708,-67.0762023926,America/La_Paz
SLPO,POI,Capitan Nicolas Rojas Airport,Potosi,BO,-19.5431003571,-65.7237014771,America/La_Paz
SLPR,PUR,Puerto Rico Airport,Puerto Rico/Manuripi,BO,-11.1076631546,-67.5511550903,America/La_Paz
SLPS,PSZ,Capitan Av. Salvador Ogaya G. airport,Puerto Suarez,BO,-18.9752998352,-57.8205986023,America/La_Paz
SLRA,SRD,San Ramon Airport,San Ramon / Mamore,BO,-13.2638998032,-64.6038970947,America/La_Paz
SLRB,RBO,Robore Airport,Robore,BO,-18.3292007446,-59.7649993896,America/La_Paz
SLRI,RIB,Capitan Av. Selin Zeitun Lopez Airport,Riberalta,BO,-11,-66,America/La_Paz
SLRQ,RBQ,Rurenabaque Airport,Rurenabaque,BO,-14.4279003143,-67.4968032837,America/La_Paz
SLRY,REY,Reyes Airport,Reyes,BO,-14.304400444,-67.3534011841,America/La_Paz
SLSA,SBL,Santa Ana Del Yacuma Airport,Santa Ana del Yacuma,BO,-13.7622003555,-65.4352035522,America/La_Paz
SLSB,SRJ,Capitan Av. German Quiroga G. Airport,San Borja,BO,-14.8591995239,-66.7375030518,America/La_Paz
SLSI,SNG,Capitan Av. Juan Cochamanidis S. Airport,San Ignacio de Velasco,BO,-16.383600235,-60.9627990723,America/La_Paz
SLSM,SNM,San Ignacio de Moxos Airport,San Ignacio de Moxos,BO,-14,-65.6339035034,America/La_Paz
SLSR,SRB,Santa Rosa De Yacuma Airport,Santa Rosa,BO,-14.0662002563,-66.7867965698,America/La_Paz
SLTI,MQK,San Matias Airport,San Matias,BO,-16.3391990662,-58.4019012451,America/Cuiaba
SLTJ,TJA,Capitan Oriel Lea Plaza Airport,Tarija,BO,-21.5557003021,-64.7013015747,America/La_Paz
SLTR,TDD,Teniente Av. Jorge Henrich Arauz Airport,Trinidad,BO,-14.8186998367,-64.9179992676,America/La_Paz
SLUY,UYU,Uyuni Airport,Quijarro,BO,-20.4463005066,-66.8483963013,America/La_Paz
SLVG,VAH,Capitan Av. Vidal Villagomez Toledo Airport,Vallegrande,BO,-18.4825000763,-64.0994033813,America/La_Paz
SLVM,VLM,Teniente Coronel Rafael Pabon Airport,Villamontes,BO,-21.2551994324,-63.4056015015,America/La_Paz
SLVR,VVI,Viru Viru International Airport,Santa Cruz,BO,-17.6448001862,-63.1353988647,America/La_Paz
SLYA,BYC,Yacuiba Airport,Yacuiba,BO,-21.960899353,-63.6516990662,America/La_Paz
SMBN,ABN,Albina Airport,Albina,SR,5.512720108,-54.0500984192,America/Cayenne
SMBO,BTO,Botopasi Airport,Botopasi,SR,4.2175110935,-55.4470539093,America/Paramaribo
SMCA,AAJ,Cayana Airstrip,Awaradam,SR,3.898681,-55.577907,America/Paramaribo
SMCO,TOT,Totness Airport,Totness,SR,5.8658299446,-56.3274993896,America/Paramaribo
SMDA,DRJ,Drietabbetje Airport,Drietabbetje,SR,4.1166667938,-54.6666717529,America/Paramaribo
SMDJ,DOE,Djumu-Djomoe Airport,Djumu-Djomoe,SR,4.0057126106,-55.4816436768,America/Paramaribo
SMDO,LDO,Ladouanie Airport,Aurora,SR,4.3761082835,-55.4070568085,America/Paramaribo
SMJP,PBM,Johan Adolf Pengel International Airport,Zandery,SR,5.4528298378,-55.1878013611,America/Paramaribo
SMMO,MOJ,Moengo Airstrip,Moengo,SR,5.6076,-54.4003,America/Paramaribo
SMNI,ICK,Nieuw Nickerie Airport,Nieuw Nickerie,SR,5.9555602074,-57.0393981934,America/Paramaribo
SMPA,OEM,Vincent Fayks Airport,Paloemeu,SR,3.345279932,-55.4425010681,America/Paramaribo
SMST,SMZ,Stoelmanseiland Airport,Stoelmanseiland,SR,4.3499999046,-54.4166679382,America/Paramaribo
SMTP,KCB,Tepoe Airstrip,Kasikasima,SR,3.1500000954,-55.716999054,America/Paramaribo
SMWA,AGI,Wageningen Airport Airport,Wageningen Airport,SR,5.7666668892,-56.6333312988,America/Paramaribo
SMWS,WSO,Washabo Airport,Washabo,SR,5.2501502037,-57.1738014221,America/Guyana
SMZO,ORG,Zorg en Hoop Airport,Paramaribo,SR,5.8110799789,-55.190700531,America/Paramaribo
SNAB,JAW,Araripina Airport,Araripina,BR,-7.5867600441,-40.5354995728,America/Recife
SNAI,APY,Alto Parnaiba Airport,Alto Parnaiba,BR,-9.0836105347,-45.9505577087,America/Fortaleza
SNAL,APQ,Arapiraca Airport,Arapiraca,BR,-9.7753601074,-36.6291999817,America/Maceio
SNAR,AMJ,Cirilo Queiroz Airport,Almenara,BR,-16.18389,-40.66722,America/Sao_Paulo
SNBC,BDC,Barra do Corda Airport,Barra Do Corda,BR,-5.5025,-45.215833,America/Fortaleza
SNBL,BVM,Belmonte Airport,Belmonte,BR,-15.8717002869,-38.8718986511,America/Bahia
SNBR,BRA,Barreiras Airport,Barreiras,BR,-12.0789003372,-45.0089988708,America/Bahia
SNBS,BSS,Balsas Airport,Balsas,BR,-7.5260300636,-46.0532989502,America/Fortaleza
SNBU,BMS,Socrates Mariani Bittencourt Airport,Brumado,BR,-14.255399704,-41.8175010681,America/Bahia
SNBX,BQQ,Barra Airport,Barra,BR,-11.0808000565,-43.1474990845,America/Bahia
SNCP,CTP,Carutapera Airport,Carutapera,BR,-1.2502779961,-46.0172233582,America/Fortaleza
SNCU,CPU,Cururupu Airport,Cururupu,BR,-1.821111,-44.866944,America/Fortaleza
SNCX,QCH,Colatina Airport,Colatina,BR,-19.4869995117,-40.5793991089,America/Sao_Paulo
SNDC,RDC,Redencao Airport,Redencao,BR,-8.0332899094,-49.9799003601,America/Belem
SNDN,LEP,Leopoldina Airport,Leopoldina,BR,-21.4661006927,-42.7270011902,America/Sao_Paulo
SNDT,DTI,Diamantina Airport,Diamantina,BR,-18.232000351,-43.6503982544,America/Sao_Paulo
SNDV,DIQ,Divinopolis Airport,Divinopolis,BR,-20.1807003021,-44.8708992004,America/Sao_Paulo
SNED,CNV,Canavieiras Airport,Canavieiras,BR,-15.6669998169,-38.95470047,America/Bahia
SNFX,SXX,Sao Felix do Xingu Airport,Sao Felix Do Xingu,BR,-6.6402778625,-51.9900016785,America/Belem
SNGA,GUZ,Guarapari Airport,Guarapari,BR,-20.6464996338,-40.4919013977,America/Sao_Paulo
SNGD,GDP,Guadalupe Airport,Guadalupe,BR,-6.7822198868,-43.5821990967,America/Fortaleza
SNGI,GNM,Guanambi Airport,Guanambi,BR,-14.2082004547,-42.7461013794,America/Bahia
SNGM,GMS,Fazenda Canada Airport,Uberlandia,BR,-18.8624992371,-48.4152793884,America/Sao_Paulo
SNGN,QGP,Garanhuns Airport,Garanhuns,BR,-8.834280014,-36.4715995789,America/Recife
SNIC,IRE,Irece Airport,Irece,BR,-11.3399000168,-41.8470001221,America/Bahia
SNIG,QIG,Iguatu Airport,Iguatu,BR,-6.34664011,-39.293800354,America/Fortaleza
SNIP,QIT,Itapetinga Airport,Itapetinga,BR,-15.2445001602,-40.2771987915,America/Bahia
SNIU,IPU,Ipiau Airport,Ipiau,BR,-14.1338891983,-39.7338905334,America/Bahia
SNJB,JCM,Jacobina Airport,Jacobina,BR,-11.1632003784,-40.5531005859,America/Bahia
SNJD,FEC,Joao Durval Carneiro Airport,Feira De Santana,BR,-12.2003002167,-38.9067993164,America/Bahia
SNJK,JEQ,Jequie Airport,Jequie,BR,-13.877699852,-40.0716018677,America/Bahia
SNJN,JNA,Januaria Airport,Januaria,BR,-15.4737997055,-44.3855018616,America/Sao_Paulo
SNJR,JDR,Prefeito Octavio de Almeida Neves Airport,Sao Joao Del Rei,BR,-21.0849990845,-44.2247238159,America/Sao_Paulo
SNKE,CMP,Santana do Araguaia Airport,Santana Do Araguaia,BR,-9.3199701309,-50.3284988403,America/Belem
SNKF,QDF,Conselheiro Lafaiete Airport,Conselheiro Lafaiete,BR,-20.7385997772,-43.7974014282,America/Sao_Paulo
SNKI,CDI,Cachoeiro do Itapemirim Airport,Cachoeiro Do Itapemirim,BR,-20.8342990875,-41.1856002808,America/Sao_Paulo
SNKN,QCP,Currais Novos Airport,Currais Novos,BR,-6.2808327675,-36.5402793884,America/Fortaleza
SNLO,SSO,Sao Lourenco Airport,Sao Lourenco,BR,-22.0909004211,-45.0444984436,America/Sao_Paulo
SNMA,MTE,Monte Alegre Airport,Monte Alegre,BR,-1.9958000183,-54.0741996765,America/Santarem
SNMU,MVS,Mucuri Airport,Mucuri,BR,-18.0489006042,-39.864200592,America/Bahia
SNMX,SBJ,Sao Mateus Airport,Sao Mateus,BR,-18.7213001251,-39.8336982727,America/Sao_Paulo
SNMZ,PTQ,Porto de Moz Airport,Porto De Moz,BR,-1.7414499521,-52.2360992432,America/Belem
SNNU,NNU,Nanuque Airport,Nanuque,BR,-17.823299408,-40.3298988342,America/Sao_Paulo
SNOB,QBX,Sobral Airport,Sobral,BR,-3.6788899899,-40.3367996216,America/Fortaleza
SNOS,PSW,Municipal Jose Figueiredo Airport,Passos,BR,-20.7322006226,-46.6618003845,America/Sao_Paulo
SNOU,FEJ,Feijó Airport ,Feijo,BR,-8.140832901,-70.3472213745,America/Rio_Branco
SNOX,ORX,Oriximina Airport,Oriximina,BR,-1.7140799761,-55.8362007141,America/Santarem
SNPC,PCS,Picos Airport,Picos,BR,-7.0620598793,-41.5237007141,America/Fortaleza
SNPD,POJ,Patos de Minas Airport,Patos De Minas,BR,-18.6728000641,-46.4911994934,America/Sao_Paulo
SNPX,PIV,Pirapora Airport,Pirapora,BR,-17.3169002533,-44.8602981567,America/Sao_Paulo
SNQG,FLB,Cangapara Airport,Floriano,BR,-6.8463897705,-43.0773010254,America/Fortaleza
SNRD,PDF,Prado Airport,Prado,BR,-17.2966995239,-39.2711982727,America/Bahia
SNRU,CAU,Caruaru Airport,Caruaru,BR,-8.2823896408,-36.0135002136,America/Recife
SNSM,OPP,Salinopolis Airport,Salinopolis,BR,-0.6956639886,-47.3347015381,America/Belem
SNSW,SFK,Soure Airport,Soure,BR,-0.6994310021,-48.5209999084,America/Belem
SNTF,TXF,Teixeira de Freitas Airport,Teixeira De Freitas,BR,-17.5244998932,-39.6684989929,America/Bahia
SNTI,OBI,Obidos Airport,Obidos,BR,-1.8671699762,-55.5144004822,America/Santarem
SNTO,TFL,Juscelino Kubitscheck Airport,Teofilo Otoni,BR,-17.8922996521,-41.5135993958,America/Sao_Paulo
SNVB,VAL,Valenca Airport,Valenca,BR,-13.296500206,-38.992401123,America/Bahia
SNVI,QID,Melio Viana Airport,Tres Coracoes,BR,-21.790599823,-45.2691993713,America/Sao_Paulo
SNVS,BVS,Breves Airport,Breves,BR,-1.6365300417,-50.4435997009,America/Belem
SNWC,CMC,Camocim Airport,Camocim,BR,-2.8961799145,-40.858001709,America/Fortaleza
SNXS,QXC,Fazenda Sao Braz Airport,Barra De Santo Antonio,BR,-9.3752775192,-35.5416679382,America/Maceio
SNYA,GGF,Almeirim Airport,Almeirim,BR,-1.4919439554,-52.5783348083,America/Santarem
SNYE,PHI,Pinheiro Airport,Pinheiro,BR,-2.4836111069,-45.0672225952,America/Fortaleza
SNYH,ITI,Agropecuaria Castanhais Airport,Cumaru Do Norte,BR,-8.6999998093,-51.1741676331,America/Belem
SNZA,PPY,Pouso Alegre Airport,Pouso Alegre,BR,-22.2891998291,-45.9191017151,America/Sao_Paulo
SNZW,ITE,Itubera Airport,Itubera,BR,-13.7322216034,-39.1416664124,America/Bahia
SOCA,CAY,Cayenne-Rochambeau Airport,Cayenne / Rochambeau,GF,4.8198099136,-52.3604011536,America/Cayenne
SOGS,GSI,Grand-Santi Airport,Grand-Santi,GF,4.2858333333,-54.3730555556,America/Cayenne
SOOA,MPY,Maripasoula Airport,Maripasoula,GF,3.6575000286,-54.0372009277,America/Cayenne
SOOG,OXP,Saint-Georges-de-l'Oyapock Airport,Saint-Georges-de-l'Oyapock Airport,GF,3.8975999355,-51.8041000366,America/Belem
SOOM,LDX,Saint-Laurent-du-Maroni Airport,Saint-Laurent-du-Maroni,GF,5.4830598831,-54.0344009399,America/Cayenne
SOOR,REI,Regina Airport,Regina,GF,4.3147201538,-52.1316986084,America/Cayenne
SOOS,XAU,Saul Airport,Saul,GF,3.6136100292,-53.2042007446,America/Cayenne
SPAO,APE,San Juan Aposento Airport,San Juan Aposento,PE,-15.3538999557,-75.167098999,America/Lima
SPAR,ALD,Alerta Airport,Fortaleza,PE,-11.6829996109,-69.3330001831,America/Lima
SPAS,AOP,Alferez FAP Alfredo Vladimir Sara Bauer Airport,Andoas,PE,-2.7961299419,-76.4665985107,America/Lima
SPAY,AYX,Teniente General Gerardo Perez Pinedo Airport,Atalaya,PE,-10.7291002274,-73.7665023804,America/Lima
SPBB,MBP,Moyobamba Airport,Moyobamba,PE,-6.0188889503,-76.9883270264,America/Lima
SPBL,BLP,Huallaga Airport,Bellavista,PE,-7.0605602264,-76.5821990967,America/Lima
SPBR,IBP,Iberia Airport,Iberia,PE,-11.4116001129,-69.4887008667,America/Lima
SPCL,PCL,Cap FAP David Abenzur Rengifo International Airport,Pucallpa,PE,-8.3779401779,-74.5743026733,America/Lima
SPDR,TDP,Trompeteros Airport,Corrientes,PE,-3.8060100079,-75.0392990112,America/Lima
SPEO,CHM,Teniente FAP Jaime A De Montreuil Morales Airport,Chimbote,PE,-9.1496095657,-78.5238037109,America/Lima
SPGM,TGI,Tingo Maria Airport,Tingo Maria,PE,-9.1330003738,-75.9499969482,America/Lima
SPHI,CIX,Capitan FAP Jose A Quinones Gonzales International Airport,Chiclayo,PE,-6.7874798775,-79.8281021118,America/Lima
SPHO,AYP,Coronel FAP Alfredo Mendivil Duarte Airport,Ayacucho,PE,-13.154800415,-74.2043991089,America/Lima
SPHY,ANS,Andahuaylas Airport,Andahuaylas,PE,-13.7063999176,-73.350402832,America/Lima
SPHZ,ATA,Comandante FAP German Arias Graziani Airport,Anta,PE,-9.3474397659,-77.5983963013,America/Lima
SPIL,UMI,Quince Air Base,Quince Mil,PE,-13.233300209,-70.7533035278,America/Lima
SPIZ,UCZ,Uchiza Airport,Uchiza,PE,-8.4670000076,-76.3499984741,America/Lima
SPJA,RIJ,Juan Simons Vela Airport,Rioja,PE,-6.0678601265,-77.1600036621,America/Lima
SPJC,LIM,Jorge Chavez International Airport,Lima,PE,-12.021900177,-77.1143035889,America/Lima
SPJE,JAE,Shumba Airport,Jaen,PE,-5.5924801826,-78.7740020752,America/Lima
SPJI,JJI,Juanjui Airport,Juanjui,PE,-7.1690998077,-76.7285995483,America/Lima
SPJJ,JAU,Francisco Carle Airport,Jauja,PE,-11.7831001282,-75.4733963013,America/Lima
SPJL,JUL,Inca Manco Capac International Airport,Juliaca,PE,-15.4671001434,-70.158203125,America/Lima
SPJN,SJA,San Juan de Marcona Airport,San Juan de Marcona,PE,-15.3524999619,-75.1371994019,America/Lima
SPJR,CJA,Mayor General FAP Armando Revoredo Iglesias Airport,Cajamarca,PE,-7.1391801834,-78.489402771,America/Lima
SPLN,RIM,San Nicolas Airport,Rodriguez de Mendoza,PE,-6.3923101425,-77.5011978149,America/Lima
SPLO,ILQ,Ilo Airport,Ilo,PE,-17.6949996948,-71.34400177,America/Lima
SPME,TBP,Capitan FAP Pedro Canga Rodriguez Airport,Tumbes,PE,-3.5525300503,-80.381401062,America/Lima
SPMF,MZA,Manuel Prado Ugarteche Airport,Mazamari,PE,-11.3254003525,-74.5355987549,America/Lima
SPMR,SMG,Santa Maria Airport,Santa Maria,PE,-11.9833335876,-77,America/Lima
SPMS,YMS,Moises Benzaquen Rengifo Airport,Yurimaguas,PE,-5.8937702179,-76.1182022095,America/Lima
SPNC,HUU,Alferez Fap David Figueroa Fernandini Airport,Huanuco,PE,-9.8788099289,-76.2048034668,America/Lima
SPOA,SQU,Saposoa Airport,Plaza Saposoa,PE,-6.9600300789,-76.7684020996,America/Lima
SPPY,CHH,Chachapoyas Airport,Chachapoyas,PE,-6.2018098831,-77.8561019897,America/Lima
SPQN,REQ,Requena Airport,Requena,PE,-5.0669999123,-73.8669967651,America/Lima
SPQT,IQT,Coronel FAP Francisco Secada Vignetta International Airport,Iquitos,PE,-3.7847399712,-73.3087997437,America/Lima
SPQU,AQP,Rodriguez Ballon International Airport,Arequipa,PE,-16.3411006927,-71.5830993652,America/Lima
SPRU,TRU,Capitan FAP Carlos Martinez De Pinillos International Airport,Trujillo,PE,-8.081410408,-79.1088027954,America/Lima
SPSF,SQD,San Francisco Airport,San Francisco de Yeso,PE,-6.6166801453,-77.7667007446,America/Lima
SPSO,PIO,Capitan FAP Renan Elias Olivera International Airport,Pisco,PE,-13.7448997498,-76.2202987671,America/Lima
SPST,TPP,Cadete FAP Guillermo Del Castillo Paredes Airport,Tarapoto,PE,-6.5087399483,-76.3731994629,America/Lima
SPSY,SYC,Shiringayoc Airport,Shiringayoc,PE,-11.8832998276,-69.1999969482,America/Lima
SPTN,TCQ,Coronel FAP Carlos Ciriani Santa Rosa International Airport,Tacna,PE,-18.0533008575,-70.2758026123,America/Lima
SPTU,PEM,Padre Aldamiz International Airport,Puerto Maldonado,PE,-12.6135997772,-69.2285995483,America/Lima
SPUR,PIU,Capitan FAP Guillermo Concha Iberico International Airport,Piura,PE,-5.2057499886,-80.6164016724,America/Lima
SPYL,TYL,Capitan Montes Airport,Unknown,PE,-4.5766401291,-81.2540969849,America/Lima
SPZA,NZC,Maria Reiche Neuman Airport,Unknown,PE,-14.8540000916,-74.9615020752,America/Lima
SPZO,CUZ,Alejandro Velasco Astete International Airport,Cusco,PE,-13.5356998444,-71.9387969971,America/Lima
SSAP,APU,Apucarana Airport,Apucarana,BR,-23.609500885,-51.3844985962,America/Sao_Paulo
SSBG,BGV,Aeroclube de Bento Goncalves Airport,Bento Goncalves,BR,-29.1483325958,-51.5363883972,America/Sao_Paulo
SSBL,BNU,Blumenau Airport,Blumenau,BR,-26.8306007385,-49.0903015137,America/Sao_Paulo
SSCK,CCI,Concordia Airport,Concordia,BR,-27.1805992126,-52.0527000427,America/Sao_Paulo
SSCL,CSS,Cassilandia Airport,Cassilandia,BR,-19.1463890076,-51.6852798462,America/Campo_Grande
SSCN,CEL,Canela Airport,Canela,BR,-29.3701992035,-50.8320007324,America/Sao_Paulo
SSCP,CKO,Cornelio Procopio Airport,Cornelio Procopio,BR,-23.1525001526,-50.6025009155,America/Sao_Paulo
SSCT,GGH,Cianorte Airport,Cianorte,BR,-23.6914997101,-52.6418991089,America/Sao_Paulo
SSDO,DOU,Dourados Airport,Dourados,BR,-22.2019004822,-54.9266014099,America/Campo_Grande
SSER,ERM,Erechim Airport,Erechim,BR,-27.6618995667,-52.2682991028,America/Sao_Paulo
SSFB,FBE,Francisco Beltrao Airport,Francisco Beltrao,BR,-26.0592002869,-53.0634994507,America/Sao_Paulo
SSGY,QGA,Guaira Airport,Guaira,BR,-24.0811004639,-54.1916999817,America/Campo_Grande
SSHZ,HRZ,Horizontina Airport,Horizontina,BR,-27.638299942,-54.339099884,America/Sao_Paulo
SSIJ,IJU,Ijui Airport,Ijui,BR,-28.3687000275,-53.8465995789,America/Sao_Paulo
SSIQ,ITQ,Itaqui Airport,Itaqui,BR,-29.1730995178,-56.5367012024,America/Sao_Paulo
SSJA,JCB,Santa Terezinha Airport,Joacaba,BR,-27.1714000702,-51.5532989502,America/Sao_Paulo
SSKM,CBW,Campo Mourao Airport,Campo Mourao,BR,-24.0091991425,-52.3568000793,America/Sao_Paulo
SSKS,QDB,Cachoeira do Sul Airport,Cachoeira Do Sul,BR,-30.0018997192,-52.9407997131,America/Sao_Paulo
SSKU,QCR,Curitibanos Airport,Curitibanos,BR,-27.2824993134,-50.6114006042,America/Sao_Paulo
SSKW,OAL,Cacoal Airport,Cacoal,BR,-11.493611,-61.175556,America/Porto_Velho
SSLN,LOI,Helmuth Baungarten Airport,Lontras,BR,-27.1599998474,-49.5424995422,America/Sao_Paulo
SSLT,ALQ,Alegrete Novo Airport,Alegrete,BR,-29.8127002716,-55.8933982849,America/Sao_Paulo
SSMF,QMF,Mafra Airport,Mafra,BR,-26.1588993073,-49.8321990967,America/Sao_Paulo
SSNG,QGF,Montenegro Airport,Montenegro,BR,-29.7194004059,-51.4893989563,America/Sao_Paulo
SSNH,QHV,Novo Hamburgo Airport,Novo Hamburgo,BR,-29.696100235,-51.0816993713,America/Sao_Paulo
SSOE,SQX,Sao Miguel do Oeste Airport,Sao Miguel Do Oeste,BR,-26.7816009521,-53.5035018921,America/Sao_Paulo
SSOG,APX,Arapongas Airport,Arapongas,BR,-23.3528995514,-51.4916992188,America/Sao_Paulo
SSOL,VRZ,Lavras Airport,Lavras,BR,-21.2406005859,-44.9639015198,America/Sao_Paulo
SSOU,AIR,Aripuanã Airport,Aripuanã,BR,-10.185556,-59.457778,America/Cuiaba
SSPB,PTO,Pato Branco Airport,Pato Branco,BR,-26.2178001404,-52.6943016052,America/Sao_Paulo
SSPG,PNG,Paranagua Airport,Paranagua,BR,-25.5401000977,-48.5312004089,America/Sao_Paulo
SSPI,PVI,Paranavai Airport,Paranavai,BR,-23.0898990631,-52.4884986877,America/Sao_Paulo
SSPN,PBB,Paranaiba Airport,Paranaiba,BR,-19.6511993408,-51.1994018555,America/Campo_Grande
SSQT,QAC,Castro Airport,Castro,BR,-24.8075008392,-49.9603004456,America/Sao_Paulo
SSRU,SQY,Sao Lourenco do Sul Airport,Sao Lourenco Do Sul,BR,-31.3833007813,-52.0327987671,America/Sao_Paulo
SSSB,QOJ,Sao Borja Airport,Sao Borja,BR,-28.6548995972,-56.0345993042,America/Sao_Paulo
SSSC,CSU,Santa Cruz do Sul Airport,Santa Cruz Do Sul,BR,-29.6840991974,-52.4122009277,America/Sao_Paulo
SSTE,TSQ,Torres Airport,Torres,BR,-29.414939,-49.809978,America/Sao_Paulo
SSUM,UMU,Umuarama Airport,Umuarama,BR,-23.7987003326,-53.3138008118,America/Sao_Paulo
SSUV,QVB,Uniao da Vitoria Airport,Uniao Da Vitoria,BR,-26.2334003448,-51.0677986145,America/Sao_Paulo
SSVI,VIA,Videira Airport,Videira,BR,-26.9997005463,-51.1418991089,America/Sao_Paulo
SSVP,CTQ,Santa Vitoria do Palmar Airport,Santa Vitoria Do Palmar,BR,-33.5022239685,-53.344165802,America/Sao_Paulo
SSXX,AXE,Xanxere Airport,Xanxere,BR,-26.8755569458,-52.3730545044,America/Sao_Paulo
SSYA,AAG,Arapoti Airport,Arapoti,BR,-24.1039009094,-49.789100647,America/Sao_Paulo
SSZR,SRA,Santa Rosa Airport,Santa Rosa,BR,-27.9067001343,-54.520401001,America/Sao_Paulo
SSZW,PGZ,Ponta Grossa Airport,Ponta Grossa,BR,-25.1847000122,-50.1441001892,America/Sao_Paulo
SUAG,ATI,Artigas International Airport,Artigas,UY,-30.4006996155,-56.507900238,America/Montevideo
SUCA,CYR,Laguna de Los Patos International Airport,Colonia,UY,-34.456401825,-57.7705993652,America/Montevideo
SUDU,DZO,Santa Bernardina International Airport,Durazno,UY,-33.3588981628,-56.4991989136,America/Montevideo
SULS,PDP,Capitan Corbeta CA Curbelo International Airport,Punta del Este,UY,-34.8550987244,-55.0942993164,America/Montevideo
SUMO,MLZ,Cerro Largo International Airport,Melo,UY,-32.3378982544,-54.2167015076,America/Montevideo
SUMU,MVD,Carrasco International /General C L Berisso Airport,Montevideo,UY,-34.8384017944,-56.0307998657,America/Montevideo
SUPU,PDU,Tydeo Larre Borges Airport,Paysandu,UY,-32.3633003235,-58.0619010925,America/Montevideo
SURV,RVY,Presidente General Don Oscar D. Gestido International Airport,Rivera,UY,-30.9745998383,-55.4762001038,America/Montevideo
SUSO,STY,Nueva Hesperides International Airport,Salto,UY,-31.4384994507,-57.9852981567,America/Montevideo
SUTB,TAW,Tacuarembo Airport,Tacuarembo,UY,-31.7490005493,-55.9258003235,America/Montevideo
SUTR,TYT,Treinta y Tres Airport,Treinta y Tres,UY,-33.2000007629,-54.3499984741,America/Montevideo
SUVO,VCH,Vichadero Airport,Vichadero,UY,-31.7670001984,-54.6170005798,America/Montevideo
SVAC,AGV,Oswaldo Guevara Mujica Airport,Acarigua,VE,9.5533752441,-69.2378692627,America/Caracas
SVAN,AAO,Anaco Airport,Anaco,VE,9.4302253723,-64.4707260132,America/Caracas
SVAS,LPJ,Armando Schwarck Airport,Guayabal,VE,6.5780501366,-66.8169021606,America/Caracas
SVBC,BLA,General Jose Antonio Anzoategui International Airport,Barcelona,VE,10.1070995331,-64.689201355,America/Caracas
SVBI,BNS,Barinas Airport,Barinas,VE,8.6195697784,-70.2208023071,America/Caracas
SVBM,BRM,Barquisimeto International Airport,Barquisimeto,VE,10.0427465439,-69.3586196899,America/Caracas
SVBS,MYC,Escuela Mariscal Sucre Airport,Maracay,VE,10.2499780655,-67.6494216919,America/Caracas
SVCB,CBL,Ciudad Bolivar Airport,Unknown,VE,8.1221609116,-63.5369567871,America/Caracas
SVCD,CXA,Caicara del Orinoco Airport,Unknown,VE,7.6255102158,-66.1628036499,America/Caracas
SVCG,CUV,Casigua El Cubo Airport,Casigua El Cubo,VE,8.7581396103,-72.5363006592,America/Caracas
SVCL,CLZ,Calabozo Airport,Guarico,VE,8.9246559143,-67.4170913696,America/Caracas
SVCN,CAJ,Canaima Airport,Canaima,VE,6.2319889069,-62.8544311523,America/Caracas
SVCO,VCR,Carora Airport,Carora,VE,10.1756029129,-70.0652160645,America/Caracas
SVCP,CUP,General Francisco Bermudez Airport,Carupano,VE,10.6600141525,-63.261680603,America/Caracas
SVCR,CZE,Jose Leonardo Chirinos Airport,Coro,VE,11.4149436951,-69.6809005737,America/Caracas
SVCU,CUM,Cumana (Antonio Jose de Sucre) Airport,Unknown,VE,10.4503326416,-64.1304702759,America/Caracas
SVED,EOR,El Dorado Airport,Bolivar,VE,6.7333331108,-61.5833320618,America/Caracas
SVEZ,EOZ,Elorza Airport,Unknown,VE,7.0833330154,-69.5333328247,America/Caracas
SVGD,GDO,Guasdalito Airport,Unknown,VE,7.2333331108,-70.8000030518,America/Caracas
SVGI,GUI,Guiria Airport,Unknown,VE,10.5740776062,-62.3126678467,America/Caracas
SVGU,GUQ,Guanare Airport,Guanare,VE,9.0269441605,-69.7551498413,America/Caracas
SVHG,HGE,Higuerote Airport,Unknown,VE,10.4624528885,-66.0927581787,America/Caracas
SVIC,ICA,Icabaru Airport,Unknown,VE,4.3363199234,-61.7396011353,America/Caracas
SVIE,ICC,Andres Miguel Salazar Marcano Airport,Isla de Coche,VE,10.7944059372,-63.981590271,America/Caracas
SVJC,LSP,Josefa Camejo International Airport,Paraguana,VE,11.7807750702,-70.1514968872,America/Caracas
SVKA,KAV,Kavanayen Airport,Unknown,VE,5.632999897,-61.783000946,America/Caracas
SVLF,LFR,La Fria Airport,Unknown,VE,8.2391672134,-72.2710266113,America/Caracas
SVMC,MAR,La Chinita International Airport,Maracaibo,VE,10.5582084656,-71.7278594971,America/Caracas
SVMD,MRD,Alberto Carnevalli Airport,Merida,VE,8.58207798,-71.1610412598,America/Caracas
SVMG,PMV,Del Caribe Santiago Marino International Airport,Isla Margarita,VE,10.9126033783,-63.9665985107,America/Caracas
SVMI,CCS,Maiquetia (Simon Bolivar Internacional) Airport,Caracas,VE,10.6031169891,-66.9905853271,America/Caracas
SVMT,MUN,Maturin Airport,Unknown,VE,9.754529953,-63.1473999023,America/Caracas
SVON,CBS,Oro Negro Airport,Cabimas,VE,10.3306999207,-71.3225021362,America/Caracas
SVPA,PYH,Cacique Aramare Airport,Unknown,VE,5.619989872,-67.6061019897,America/Bogota
SVPC,PBL,General Bartolome Salom International Airport,Unknown,VE,10.4805002213,-68.0729980469,America/Caracas
SVPE,PDZ,Pedernales Airport,Unknown,VE,9.9792404175,-62.2285995483,America/Caracas
SVPH,PPH,Perai Tepuy Airport,Unknown,VE,4.5666670799,-61.4833335876,America/Caracas
SVPM,SCI,Paramillo Airport,Unknown,VE,7.801320076,-72.2029037476,America/Caracas
SVPR,PZO,General Manuel Carlos Piar International Airport,Puerto Ordaz-Ciudad Guayana,VE,8.2885303497,-62.7603988647,America/Caracas
SVPT,PTM,Palmarito Airport,Palmarito,VE,7.5666699409,-70.1832962036,America/Caracas
SVRS,LRV,Gran Roque Airport,Los Roques,VE,11.9499998093,-66.6699981689,America/Caracas
SVSA,SVZ,San Antonio Del Tachira Airport,Unknown,VE,7.8408298492,-72.4396972656,America/Bogota
SVSB,SBB,Santa Barbara de Barinas Airport,Santa Barbara,VE,7.8035140038,-71.1657180786,America/Caracas
SVSE,SNV,Santa Elena de Uairen Airport,Unknown,VE,4.5549998283,-61.1500015259,America/Caracas
SVSO,STD,Mayor Buenaventura Vivas International Airport,Santo Domingo,VE,7.5653800964,-72.0351028442,America/Caracas
SVSP,SNF,Sub Teniente Nestor Arias Airport,San Felipe,VE,10.2786998749,-68.7552032471,America/Caracas
SVSR,SFD,San Fernando De Apure Airport,Inglaterra,VE,7.8833198547,-67.4440002441,America/Caracas
SVST,SOM,San Tome Airport,Unknown,VE,8.9451465607,-64.1510848999,America/Caracas
SVSZ,STB,Santa Barbara del Zulia Airport,Unknown,VE,8.9745502472,-71.9432525635,America/Caracas
SVTC,TUV,Tucupita Airport,Tucupita,VE,9.0889940262,-62.0941734314,America/Caracas
SVTM,TMO,Tumeremo Airport,Unknown,VE,7.25,-61.4333343506,America/Caracas
SVUM,URM,Uriman Airport,Unknown,VE,5.3333330154,-62.7666664124,America/Caracas
SVVA,VLN,Arturo Michelena International Airport,Valencia,VE,10.1497325897,-67.9283981323,America/Caracas
SVVG,VIG,Juan Pablo Perez Alfonso Airport,El Vigia,VE,8.6241388321,-71.672668457,America/Caracas
SVVL,VLV,Dr. Antonio Nicolas Briceno Airport,Valera,VE,9.3404779434,-70.5840606689,America/Caracas
SVVP,VDP,Valle de La Pascua Airport,Unknown,VE,9.2220277786,-65.9935836792,America/Caracas
SWBC,BAZ,Barcelos Airport,Barcelos,BR,-0.9812920094,-62.9196014404,America/Manaus
SWBR,RBB,Borba Airport,Borba,BR,-4.4063401222,-59.6024017334,America/Manaus
SWCA,CAF,Carauari Airport,Carauari,BR,-4.8715200424,-66.8974990845,America/Manaus
SWCQ,CQS,Costa Marques Airport,Costa Marques,BR,-12.4210996628,-64.2516021729,America/Porto_Velho
SWDM,DMT,Diamantino Airport,Diamantino,BR,-14.3768997192,-56.4003982544,America/Cuiaba
SWDN,DNO,Dianopolis Airport,Dianopolis,BR,-11.5953998566,-46.846698761,America/Araguaina
SWEC,ARS,Estancia das Cascatas Airport,Aragarcas,BR,-15.8966999054,-52.0956001282,America/Cuiaba
SWEI,ERN,Eirunepe Airport,Eirunepe,BR,-6.6395301819,-69.8797988892,America/Eirunepe
SWEK,CQA,Canarana Airport,Canarana,BR,-13.5744438171,-52.2705574036,America/Cuiaba
SWFX,SXO,Sao Felix do Araguaia Airport,Sao Felix Do Araguaia,BR,-11.632399559,-50.6896018982,America/Cuiaba
SWGI,GRP,Gurupi Airport,Gurupi,BR,-11.7396001816,-49.1321983337,America/Araguaina
SWGN,AUX,Araguaina Airport,Araguaina,BR,-7.2278699875,-48.2405014038,America/Araguaina
SWHP,GGB,Fazenda Olhos D`agua Airport,Agua Boa,BR,-14.0194444656,-52.1522216797,America/Cuiaba
SWHT,HUW,Humaita Airport,Humaita,BR,-7.5321202278,-63.072101593,America/Manaus
SWII,IPG,Ipiranga Airport,Santo Antonio Do Ica,BR,-2.9390699863,-69.6940002441,America/Bogota
SWIY,IDO,Santa Izabel do Morro Airport,Cristalandia,BR,-11.5722999573,-50.6661987305,America/Araguaina
SWJI,JPR,Ji-Parana Airport,Ji-Parana,BR,-10.8708000183,-61.8465003967,America/Porto_Velho
SWJN,JIA,Juina Airport,Juina,BR,-11.4194440842,-58.7016677856,America/Cuiaba
SWJU,JRN,Juruena Airport,Juruena,BR,-10.3058328629,-58.4894447327,America/Cuiaba
SWJW,JTI,Jatai Airport,Jatai,BR,-17.8299007416,-51.7729988098,America/Sao_Paulo
SWKC,CCX,Caceres Airport,Caceres,BR,-16.0436000824,-57.629901886,America/Cuiaba
SWKO,CIZ,Coari Airport,Coari,BR,-4.134059906,-63.132598877,America/Manaus
SWKQ,NSR,Serra da Capivara Airport,Sao Raimundo Nonato,BR,-9.082778,-42.644444,America/Fortaleza
SWKT,TLZ,Catalao Airport,Catalao,BR,-18.2168006897,-47.8997001648,America/Sao_Paulo
SWLB,LBR,Labrea Airport,Labrea,BR,-7.2789697647,-64.7695007324,America/Manaus
SWLC,RVD,General Leite de Castro Airport,Rio Verde,BR,-17.8347225189,-50.956111908,America/Sao_Paulo
SWMW,MBZ,Maues Airport,Maues,BR,-3.3721699715,-57.7248001099,America/Manaus
SWNA,NVP,Novo Aripuana Airport,Novo Aripuana,BR,-5.1180300713,-60.3648986816,America/Manaus
SWNI,AQM,Nova Vida Airport,Ariquemes,BR,-10.1780557632,-62.8255577087,America/Porto_Velho
SWNK,BCR,Novo Campo Airport,Boca Do Acre,BR,-8.8345603943,-67.3124008179,America/Manaus
SWNQ,NQL,Niquelandia Airport,Niquelandia,BR,-14.4349002838,-48.4915008545,America/Sao_Paulo
SWNS,APS,Anapolis Airport,Anapolis,BR,-16.3623008728,-48.9271011353,America/Sao_Paulo
SWOB,FBA,Fonte Boa Airport,Fonte Boa,BR,-2.5326099396,-66.0831985474,America/Manaus
SWPG,PBV,Porto dos Gauchos Airport,Porto Dos Gauchos,BR,-11.5169439316,-57.3338890076,America/Cuiaba
SWPI,PIN,Parintins Airport,Parintins,BR,-2.673019886,-56.7771987915,America/Manaus
SWPM,PBQ,Pimenta Bueno Airport,Pimenta Bueno,BR,-11.6415996552,-61.1791000366,America/Porto_Velho
SWPQ,PBX,Fazenda Piraguassu Airport,Porto Alegre Do Norte,BR,-10.8611106873,-51.6850013733,America/Cuiaba
SWRA,AAI,Arraias Airport,Arraias,BR,-13.023888588,-46.8855552673,America/Araguaina
SWRD,ROO,Rondonopolis Airport,Rondonopolis,BR,-16.5860004425,-54.7248001099,America/Cuiaba
SWSI,OPS,Presidente Joao Batista Figueiredo Airport,Sinop,BR,-11.8850002289,-55.5861091614,America/Cuiaba
SWST,STZ,Santa Terezinha Airport,Santa Terezinha,BR,-10.4647216797,-50.518611908,America/Araguaina
SWTP,IRZ,Tapuruquara Airport,Santa Isabel Do Rio Negro,BR,-0.4169439971,-65.0338897705,America/Manaus
SWTS,TGQ,Tangara da Serra Airport,Tangara Da Serra,BR,-14.6619997025,-57.4435005188,America/Cuiaba
SWTU,AZL,Fazenda Tucunare Airport,Sapezal,BR,-13.4655278136,-58.8669347763,America/Cuiaba
SWTY,QHN,Taguatinga Airport,Taguatinga,BR,-12.433889389,-46.400554657,America/Araguaina
SWUA,SQM,Sao Miguel do Araguaia Airport,Sao Miguel Do Araguaia,BR,-13.3312997818,-50.1976013184,America/Sao_Paulo
SWVB,MTG,Vila Bela da Santissima Trindade Airport,Vila Bela Da Santissima Trindade,BR,-15.0152778625,-59.9672203064,America/Cuiaba
SWVC,VLP,Vila Rica Airport,Vila Rica,BR,-9.9794435501,-51.1422233582,America/Cuiaba
SWXM,MBK,Regional Orlando Villas Boas Airport,Matupa,BR,-10.1702775955,-54.9527778625,America/Cuiaba
SWXV,NOK,Xavantina Airport,Nova Xavantina,BR,-14.6983003616,-52.3464012146,America/Cuiaba
SYAH,AHL,Aishalton Airport,Aishalton,GY,2.4865300655,-59.3134002686,America/Guyana
SYAN,NAI,Annai Airport,Annai,GY,3.9594399929,-59.1241989136,America/Guyana
SYBE,BCG,Bemichi Airport,Bemichi,GY,7.6999998093,-59.1666603088,America/Guyana
SYBR,BMJ,Baramita Airport,Baramita,GY,7.3701200485,-60.4879989624,America/Guyana
SYBT,GFO,Bartica A Airport,Bartica,GY,6.3747701645,-58.6380996704,America/Guyana
SYCJ,GEO,Cheddi Jagan International Airport,Georgetown,GY,6.4985499382,-58.2541007996,America/Guyana
SYGO,OGL,Ogle Airport,Ogle,GY,6.8062801361,-58.1058998108,America/Guyana
SYIB,IMB,Imbaimadai Airport,Imbaimadai,GY,5.7081098557,-60.2942008972,America/Guyana
SYKM,KAR,Kamarang Airport,Kamarang,GY,5.8653402328,-60.614200592,America/Guyana
SYKR,KRM,Karanambo Airport,Karanambo,GY,3.751940012,-59.3097000122,America/Guyana
SYKS,KRG,Karasabai Airport,Karasabai,GY,4.0333299637,-59.5332984924,America/Guyana
SYKT,KTO,Kato Airport,Kato,GY,4.6491599083,-59.8321990967,America/Guyana
SYLP,LUB,Lumid Pau Airport,Lumid Pau,GY,2.3939299583,-59.4410018921,America/Guyana
SYLT,LTM,Lethem Airport,Lethem,GY,3.3727600574,-59.7893981934,America/Boa_Vista
SYMB,USI,Mabaruma Airport,Mabaruma,GY,8.1999998093,-59.7832984924,America/Guyana
SYMD,MHA,Mahdia Airport,Mahdia,GY,5.277490139,-59.1511001587,America/Guyana
SYMM,MYM,Monkey Mountain Airport,Monkey Mountain,GY,4.4833297729,-59.6833000183,America/Guyana
SYMR,MWJ,Matthews Ridge Airport,Matthews Ridge,GY,7.488112,-60.184777,America/Guyana
SYNA,QSX,New Amsterdam Airport,New Amsterdam,GY,6.244324,-57.474172,America/Guyana
SYOR,ORJ,Orinduik Airport,Orinduik,GY,4.7252697945,-60.0349998474,America/Boa_Vista
SYPR,PRR,Paruma Airport,Paruma,GY,5.8154501915,-61.0554008484,America/Guyana
TAPA,ANU,V.C. Bird International Airport,St. George,AG,17.1367,-61.792702,America/Antigua
TAPH,BBQ,Codrington Airport,Codrington,AG,17.635799,-61.828602,America/Antigua
TBPB,BGI,Sir Grantley Adams International Airport,Bridgetown,BB,13.0746002197,-59.4925003052,America/Barbados
TDCF,DCF,Canefield Airport,Canefield,DM,15.3367004395,-61.39220047,America/Dominica
TDPD,DOM,Melville Hall Airport,Marigot,DM,15.5469999313,-61.2999992371,America/Dominica
TFFA,DSD,La Desirade Airport,Grande Anse,GP,16.2968997955,-61.084400177,America/Guadeloupe
TFFB,BBR,Baillif Airport,Basse Terre,GP,16.013299942,-61.7421989441,America/Guadeloupe
TFFC,SFC,St-Francois Airport,St-Francois,GP,16.2577991486,-61.2625007629,America/Guadeloupe
TFFF,FDF,Martinique Aime Cesaire International Airport,Fort-de-France,MQ,14.5909996033,-61.003200531,America/Martinique
TFFG,SFG,L'Esperance Airport,Grand Case,MF,18.099899292,-63.0471992493,America/Lower_Princes
TFFJ,SBH,Gustaf III Airport,Gustavia,BL,17.9043998718,-62.8436012268,America/St_Barthelemy
TFFM,GBJ,Les Bases Airport,Grand Bourg,GP,15.8687000275,-61.2700004578,America/Guadeloupe
TFFR,PTP,Pointe-a-Pitre Le Raizet,Pointe-a-Pitre Le Raizet,GP,16.2653007507,-61.5317993164,America/Guadeloupe
TFFS,LSS,Terre-de-Haut Airport,Les Saintes,GP,15.86439991,-61.5806007385,America/Guadeloupe
TGPY,GND,Point Salines International Airport,Saint George's,GD,12.0041999817,-61.7862014771,America/Grenada
TGPZ,CRU,Lauriston Airport,Carriacou Island,GD,12.476099968,-61.4728012085,America/Grenada
TIST,STT,Cyril E. King Airport,Charlotte Amalie,VI,18.3372993469,-64.9733963013,America/St_Thomas
TISX,STX,Henry E Rohlsen Airport,Christiansted,VI,17.7019004822,-64.7985992432,America/St_Thomas
TJAB,ARE,Antonio Nery Juarbe Pol Airport,Arecibo,PR,18.4500007629,-66.6753005981,America/Puerto_Rico
TJBQ,BQN,Rafael Hernandez Airport,Aguadilla,PR,18.4948997498,-67.1294021606,America/Puerto_Rico
TJCP,CPX,Benjamin Rivera Noriega Airport,Culebra Island,PR,18.313289,-65.304324,America/Puerto_Rico
TJFA,FAJ,Diego Jimenez Torres Airport,Fajardo,PR,18.3089008331,-65.6619033813,America/Puerto_Rico
TJIG,SIG,Fernando Luis Ribas Dominicci Airport,San Juan,PR,18.4568004608,-66.0980987549,America/Puerto_Rico
TJMZ,MAZ,Eugenio Maria De Hostos Airport,Mayaguez,PR,18.2556991577,-67.1484985352,America/Puerto_Rico
TJPS,PSE,Mercedita Airport,Ponce,PR,18.0083007813,-66.56300354,America/Puerto_Rico
TJRV,NRR,Jose Aponte de la Torre Airport,Ceiba,PR,18.245300293,-65.6434020996,America/Puerto_Rico
TJSJ,SJU,Luis Munoz Marin International Airport,San Juan,PR,18.4393997192,-66.0018005371,America/Puerto_Rico
TJVQ,VQS,Antonio Rivera Rodriguez Airport,Vieques Island,PR,18.1347999573,-65.493598938,America/Puerto_Rico
TKPK,SKB,Robert L. Bradshaw International Airport,Basseterre,KN,17.3111991882,-62.7187004089,America/St_Kitts
TKPN,NEV,Vance W. Amory International Airport,Charlestown,KN,17.2056999207,-62.5899009705,America/St_Kitts
TLPC,SLU,George F. L. Charles Airport,Castries,LC,14.0202,-60.992901,America/St_Lucia
TLPL,UVF,Hewanorra International Airport,Vieux Fort,LC,13.7332,-60.952599,America/St_Lucia
TNCA,AUA,Queen Beatrix International Airport,Oranjestad,AW,12.5013999939,-70.0151977539,America/Aruba
TNCB,BON,Flamingo International Airport,Kralendijk,BQ,12.1309995651,-68.2685012817,America/Kralendijk
TNCC,CUR,Hato International Airport,Willemstad,CW,12.1888999939,-68.9598007202,America/Curacao
TNCE,EUX,F. D. Roosevelt Airport,Sint Eustatius,BQ,17.4965000153,-62.9794006348,America/Kralendijk
TNCM,SXM,Princess Juliana International Airport,Saint Martin,SX,18.0410003662,-63.1088981628,America/Lower_Princes
TNCS,SAB,Juancho E. Yrausquin Airport,Saba,BQ,17.6450004578,-63.2200012207,America/Kralendijk
TQPF,AXA,Wallblake Airport,The Valley,AI,18.2047996521,-63.0550994873,America/Anguilla
TRPG,MNI,John A. Osborne Airport,Gerald's Park,MS,16.7914009094,-62.1932983398,America/Montserrat
TTCP,TAB,Tobago-Crown Point Airport,Scarborough,TT,11.1497001648,-60.8321990967,America/Port_of_Spain
TTPP,POS,Piarco International Airport,Port of Spain,TT,10.5953998566,-61.3372001648,America/Port_of_Spain
TUPA,NGD,Captain Auguste George Airport,Anegada,VG,18.7271995544,-64.3296966553,America/Tortola
TUPJ,EIS,Terrance B. Lettsome International Airport,Road Town,VG,18.4447994232,-64.5429992676,America/Tortola
TUPW,VIJ,Virgin Gorda Airport,Spanish Town,VG,18.4463996887,-64.4274978638,America/Tortola
TVSA,SVD,Argyle International Airport,Argyle,VC,13.1626683736,-61.15137008,America/St_Vincent
TVSB,BQU,J F Mitchell Airport,Bequia,VC,12.9884004593,-61.2620010376,America/St_Vincent
TVSC,CIW,Canouan Airport,Canouan,VC,12.6990003586,-61.3423995972,America/St_Vincent
TVSM,MQS,Mustique Airport,Mustique Island,VC,12.8879003525,-61.1801986694,America/St_Vincent
TVSU,UNI,Union Island International Airport,Union Island,VC,12.6001348495,-61.411945343,America/St_Vincent
TXKF,BDA,L.F. Wade International International Airport,Hamilton,BM,32.3639984131,-64.6787033081,Atlantic/Bermuda
UAAA,ALA,Almaty Airport,Almaty,KZ,43.3521003723,77.0404968262,Asia/Almaty
UAAH,BXH,Balkhash Airport,Balkhash,KZ,46.8932991028,75.0049972534,Asia/Almaty
UAAL,USJ,Usharal Airport,Usharal,KZ,46.190278043,80.831389126,Asia/Almaty
UAAR,BXJ,Boralday Airport,Aima Ata,KZ,43.3526000977,76.8836975098,Asia/Almaty
UAAT,TDK,Taldykorgan Airport,Taldy Kurgan,KZ,45.1262016296,78.4469985962,Asia/Almaty
UACC,NQZ,Astana International Airport,Astana,KZ,51.0222015381,71.4669036865,Asia/Almaty
UACK,KOV,Kokshetau Airport,Kokshetau,KZ,53.3291015625,69.5945968628,Asia/Almaty
UACP,PPK,Petropavlosk South Airport,Petropavlosk,KZ,54.7747001648,69.1838989258,Asia/Almaty
UADD,DMB,Taraz Airport,Taraz,KZ,42.8535995483,71.3035964966,Asia/Almaty
UAII,CIT,Shymkent Airport,Shymkent,KZ,42.364200592,69.4788970947,Asia/Almaty
UAIT,HSA,Hazrat Sultan International Airport,Turkistan,KZ,43.2769012451,68.1903991699,Asia/Almaty
UAKD,DZN,Zhezkazgan Airport,Zhezkazgan,KZ,47.7083015442,67.7332992554,Asia/Almaty
UAKK,KGF,Sary-Arka Airport,Karaganda,KZ,49.6707992554,73.3343963623,Asia/Almaty
UAOL,BXY,Krainiy Airport,Baikonur,KZ,45.6220016,63.2150002,Asia/Qyzylorda
UAOO,KZO,Kzyl-Orda Southwest Airport,Kzyl-Orda,KZ,44.7069015503,65.5924987793,Asia/Qyzylorda
UARR,URA,Uralsk Airport,Uralsk,KZ,51.1507987976,51.5430984497,Asia/Oral
UASB,EKB,Ekibastuz Airport,Ekibastuz,KZ,51.5909996033,75.2149963379,Asia/Almaty
UASK,UKK,Ust-Kamennogorsk Airport,Ust Kamenogorsk,KZ,50.0365982056,82.4942016602,Asia/Almaty
UASP,PWQ,Pavlodar Airport,Pavlodar,KZ,52.1949996948,77.0738983154,Asia/Almaty
UASS,PLX,Semey Airport,Semey,KZ,50.351389,80.234444,Asia/Almaty
UATE,SCO,Aktau Airport,Aktau,KZ,43.8600997925,51.091999054,Asia/Aqtau
UATG,GUW,Atyrau Airport,Atyrau,KZ,47.1218986511,51.8213996887,Asia/Atyrau
UATT,AKX,Aktobe Airport,Aktyubinsk,KZ,50.2458000183,57.2066993713,Asia/Aqtobe
UAUR,AYK,Arkalyk North Airport,Arkalyk,KZ,50.3185997009,66.952796936,Asia/Qostanay
UAUU,KSN,Kostanay West Airport,Kostanay,KZ,53.2069015503,63.5503005981,Asia/Qostanay
UBBB,GYD,Heydar Aliyev International Airport,Baku,AZ,40.4674987793,50.0466995239,Asia/Baku
UBBG,GNJ,Ganja Airport,Ganja,AZ,40.737701416,46.3176002502,Asia/Baku
UBBL,LLK,Lankaran International Airport,Lankaran,AZ,38.7463989258,48.8180007935,Asia/Baku
UBBN,NAJ,Nakhchivan Airport,Nakhchivan,AZ,39.1888008118,45.4584007263,Asia/Baku
UBBQ,GBB,Gabala International Airport,Gabala,AZ,40.8266666667,47.7125,Asia/Baku
UBBY,ZTU,Zaqatala International Airport,Zaqatala,AZ,41.5622215271,46.6672210693,Asia/Baku
UBBZ,ZZE,Zangilan International Airport,Zangilan,AZ,39.094414,46.734098,Asia/Baku
UBEE,YLV,Yevlakh Airport,Yevlakh,AZ,40.6319007874,47.1418991089,Asia/Baku
UCFL,IKU,Issyk-Kul International Airport,Tamchy,KG,42.585714,76.701811,Asia/Bishkek
UCFM,BSZ,Manas International Airport,Bishkek,KG,43.061272,74.477508,Asia/Bishkek
UCFO,OSS,Osh Airport,Osh,KG,40.608997,72.793214,Asia/Bishkek
UDSG,LWN,Gyumri Shirak Airport,Gyumri,AM,40.7504005432,43.8592987061,Asia/Yerevan
UDYZ,EVN,Zvartnots International Airport,Yerevan,AM,40.1473007202,44.3959007263,Asia/Yerevan
UEBT,UKG,Ust-Kuyga Airport,Ust-Kuyga,RU,70.0110015869,135.6450042725,Asia/Vladivostok
UECT,TLK,Talakan Airport,Unknown,RU,59.876389,111.044444,Asia/Yakutsk
UEEA,ADH,Aldan Airport,Aldan,RU,58.6027984619,125.408996582,Asia/Yakutsk
UEEE,YKS,Yakutsk Airport,Yakutsk,RU,62.0932998657,129.7709960938,Asia/Yakutsk
UELL,NER,Chulman Airport,Chulman,RU,56.913898468,124.9140014648,Asia/Yakutsk
UEMA,MQJ,Moma Airport,Honuu,RU,66.4508590698,143.2615509033,Asia/Srednekolymsk
UEMH,KDY,Tyopliy Klyuch Airport,Tyopliy Klyuch,RU,62.7890014648,136.8549957275,Asia/Khandyga
UEMM,GYG,Magan Airport,Magan,RU,62.1034812927,129.5452880859,Asia/Yakutsk
UEMO,OLZ,Olyokminsk Airport,Olyokminsk,RU,60.3974990845,120.471000671,Asia/Yakutsk
UEMT,USR,Ust-Nera Airport,Ust-Nera,RU,64.5500030518,143.1150054932,Asia/Ust-Nera
UEMU,UMS,Ust-Maya Airport,Ust-Maya,RU,60.3569984436,134.4349975586,Asia/Khandyga
UENI,VHV,Verkhnevilyuisk Airport,Verkhnevilyuisk,RU,63.4580574036,120.2691650391,Asia/Yakutsk
UENN,NYR,Nyurba Airport,Nyurba,RU,63.2949981689,118.3369979858,Asia/Yakutsk
UENS,SUY,Suntar Airport,Suntar,RU,62.1850013733,117.6350021362,Asia/Yakutsk
UENW,VYI,Vilyuisk Airport,Vilyuisk,RU,63.7566680908,121.6933364868,Asia/Yakutsk
UERL,ULK,Lensk Airport,Lensk,RU,60.7206001282,114.825996399,Asia/Yakutsk
UERO,ONK,Olenyok Airport,Olenyok,RU,68.5149993896,112.4800033569,Asia/Yakutsk
UERP,PYJ,Polyarny Airport,Yakutia,RU,66.4003982544,112.029998779,Asia/Yakutsk
UERR,MJZ,Mirny Airport,Mirny,RU,62.5346984863,114.0390014648,Asia/Yakutsk
UERS,SYS,Saskylakh Airport,Saskylakh,RU,71.9279022217,114.0800018311,Asia/Yakutsk
UESG,BGN,Belaya Gora Airport,Belaya Gora,RU,68.556944,146.234722,Asia/Srednekolymsk
UESO,CKH,Chokurdakh Airport,Chokurdah,RU,70.6231002808,147.9019927979,Asia/Srednekolymsk
UESS,CYX,Cherskiy Airport,Cherskiy,RU,68.7406005859,161.3379974365,Asia/Srednekolymsk
UEST,IKS,Tiksi Airport,Tiksi,RU,71.6977005005,128.9029998779,Asia/Yakutsk
UESU,ZKP,Zyryanka Airport,Zyryanka,RU,65.7367019653,150.705001831,Asia/Srednekolymsk
UEVV,ZIX,Zhigansk Airport,Zhigansk,RU,66.7965011597,123.361000061,Asia/Yakutsk
UGKO,KUT,Kopitnari Airport,Kutaisi,GE,42.176700592,42.4826011658,Asia/Tbilisi
UGSB,BUS,Batumi International Airport,Batumi,GE,41.6102981567,41.5997009277,Asia/Tbilisi
UGSS,SUI,Sukhumi Dranda Airport,Sukhumi,GE,42.8582000732,41.1281013489,Asia/Tbilisi
UGTB,TBS,Tbilisi International Airport,Tbilisi,GE,41.6692008972,44.95470047,Asia/Tbilisi
UHBB,BQS,Ignatyevo Airport,Blagoveschensk,RU,50.4253997803,127.4120025635,Asia/Yakutsk
UHBI,GDG,Magdagachi Airport,Magdagachi,RU,53.4733009338,125.7949981689,Asia/Yakutsk
UHBW,TYD,Tynda Airport,Tynda,RU,55.284198761,124.7789993286,Asia/Yakutsk
UHHH,KHV,Khabarovsk-Novy Airport,Khabarovsk,RU,48.5279998779,135.18800354,Asia/Vladivostok
UHKK,KXK,Komsomolsk-on-Amur Airport,Komsomolsk-on-Amur,RU,50.4090003967,136.9340057373,Asia/Vladivostok
UHKM,GVN,Maygatka Airport.,Sovetskaya Gavan,RU,48.9269981384,140.033996582,Asia/Vladivostok
UHMA,DYR,Ugolny Airport,Anadyr,RU,64.7349014282,177.7409973145,Asia/Anadyr
UHMD,PVS,Provideniya Bay Airport,Chukotka,RU,64.3780975342,-173.2429962158,Asia/Anadyr
UHMK,KPW,Keperveem Airport,Keperveem,RU,67.8450012207,166.13999939,Asia/Anadyr
UHMM,GDX,Sokol Airport,Magadan,RU,59.9109992981,150.7200012207,Asia/Magadan
UHMO,KVM,Markovo Airport,Markovo,RU,64.6669998169,170.4170074463,Asia/Anadyr
UHMP,PWE,Pevek Airport,Pevek,RU,69.7833023071,170.5970001221,Asia/Anadyr
UHMW,SWV,Severo-Evensk Airport,Evensk,RU,61.9216651917,159.2299957275,Asia/Magadan
UHNB,BQG,Bogorodskoye Airport,Bogorodskoye,RU,52.38,140.448,Asia/Vladivostok
UHNN,NLI,Nikolayevsk-na-Amure Airport,Nikolayevsk-na-Amure Airport,RU,53.1549987793,140.6499938965,Asia/Vladivostok
UHOO,OHO,Okhotsk Airport,Okhotsk,RU,59.4100646973,143.0565032959,Asia/Vladivostok
UHPP,PKC,Yelizovo Airport,Petropavlovsk-Kamchatsky,RU,53.1679000854,158.453994751,Asia/Kamchatka
UHSB,BVV,Burevestnik Airport,Iturup Island,RU,44.9199981689,147.6219940186,Asia/Magadan
UHSH,OHH,Okha Airport,Okha,RU,53.5200004578,142.88999939,Asia/Sakhalin
UHSK,EKS,Shakhtyorsk Airport,Shakhtersk,RU,49.1902999878,142.082992554,Asia/Sakhalin
UHSM,DEE,Mendeleyevo Airport,Kunashir Island,RU,43.9584007263,145.682998657,Asia/Magadan
UHSO,ZZO,Zonalnoye Airport,Tymovskoye,RU,50.6692008972,142.761001587,Asia/Sakhalin
UHSS,UUS,Yuzhno-Sakhalinsk Airport,Yuzhno-Sakhalinsk,RU,46.8886985779,142.7180023193,Asia/Sakhalin
UHTG,AEM,Amgu Airport,Amgu,RU,45.84126,137.673568,Asia/Vladivostok
UHWP,TLY,Plastun Airport,Plastun,RU,44.8149986267,136.2920074463,Asia/Vladivostok
UHWW,VVO,Vladivostok International Airport,Vladivostok,RU,43.3989982605,132.1479949951,Asia/Vladivostok
UIAA,HTA,Chita-Kadala Airport,Chita,RU,52.0262985229,113.3059997559,Asia/Chita
UIBB,BTK,Bratsk Airport,Bratsk,RU,56.3706016541,101.6979980469,Asia/Irkutsk
UIBS,UIK,Ust-Ilimsk Airport,Ust-Ilimsk,RU,58.136100769,102.5650024414,Asia/Irkutsk
UIII,IKT,Irkutsk Airport,Irkutsk,RU,52.2680015564,104.388999939,Asia/Irkutsk
UIKB,ODO,Bodaybo Airport,Bodaybo,RU,57.8661003113,114.242996216,Asia/Irkutsk
UIKE,ERG,Yerbogachen Airport,Erbogachen,RU,61.2750015259,108.029998779,Asia/Irkutsk
UIKK,KCK,Kirensk Airport,Kirensk,RU,57.7729988098,108.0640029907,Asia/Irkutsk
UITT,UKX,Ust-Kut Airport,Ust-Kut,RU,56.8567008972,105.7300033569,Asia/Irkutsk
UIUU,UUD,Ulan-Ude Airport (Mukhino),Ulan Ude,RU,51.807800293,107.43800354,Asia/Irkutsk
UJAP,UJE,Ujae Atoll Airport,Ujae Atoll,MH,8.9280595779,165.7619934082,Pacific/Majuro
UKBB,KBP,Boryspil International Airport,Kiev,UA,50.3450012207,30.8946990967,Europe/Kyiv
UKBM,MXR,Myrhorod Air Base,Myrhorod,UA,49.931667,33.639444,Europe/Kiev
UKCC,DOK,Donetsk International Airport,Donetsk,UA,48.073600769,37.7397003174,Europe/Kyiv
UKCK,KRQ,Kramatorsk Airport,Kramatorsk,UA,48.7056007385,37.6288986206,Europe/Kyiv
UKCM,MPW,Mariupol International Airport,Mariupol,UA,47.0760993958,37.4496002197,Europe/Kyiv
UKCS,SEV,Sievierodonetsk Airport,Sievierodonetsk,UA,48.9003301015,38.5416698456,Europe/Kyiv
UKCW,VSG,Luhansk International Airport,Luhansk,UA,48.4174003601,39.3740997314,Europe/Kyiv
UKDB,ERD,Berdyansk Airport,Berdyansk,UA,46.8149986267,36.7580986023,Europe/Kyiv
UKDD,DNK,Dnipropetrovsk International Airport,Dnipropetrovsk,UA,48.3572006226,35.1006011963,Europe/Kyiv
UKDE,OZH,Zaporizhzhia International Airport,Zaporizhia,UA,47.8670005798,35.315700531,Europe/Kyiv
UKDR,KWG,Kryvyi Rih International Airport,Kryvyi Rih,UA,48.0433006287,33.2099990845,Europe/Kyiv
UKFF,SIP,Simferopol International Airport,Simferopol,UA,45.0522003174,33.9751014709,Europe/Simferopol
UKFK,KHC,Kerch Airport,Kerch,UA,45.3725013733,36.4014015198,Europe/Simferopol
UKHH,HRK,Kharkiv International Airport,Kharkiv,UA,49.9248008728,36.2900009155,Europe/Kyiv
UKHP,PLV,Suprunovka Airport,Poltava,UA,49.5685997009,34.3972015381,Europe/Kyiv
UKHS,UMY,Sumy Airport,Sumy,UA,50.8582992554,34.7625007629,Europe/Kyiv
UKKE,CKC,Cherkasy International Airport,Cherkasy,UA,49.415599823,31.995300293,Europe/Kyiv
UKKG,KGO,Kirovograd Airport,Kirovograd,UA,48.5428009033,32.2849998474,Europe/Kyiv
UKKK,IEV,Kiev Zhuliany International Airport,Kiev,UA,50.4016990662,30.4496994019,Europe/Kyiv
UKKM,GML,Gostomel Airport,Kiev,UA,50.6035003662,30.1919002533,Europe/Kyiv
UKKV,ZTR,Zhytomyr Airport,Unknown,UA,50.270556,28.738611,Europe/Kyiv
UKLC,UCK,Lutsk Airport,Lutsk,UA,50.6784041103,25.487165451,Europe/Kyiv
UKLH,HMJ,Khmelnytskyi Airport,Khmelnytskyi,UA,49.3596992493,26.9333992004,Europe/Kyiv
UKLI,IFO,Ivano-Frankivsk International Airport,Ivano-Frankivsk,UA,48.8842010498,24.6861000061,Europe/Kyiv
UKLL,LWO,Lviv International Airport,Lviv,UA,49.8125,23.9561004639,Europe/Kyiv
UKLN,CWC,Chernivtsi International Airport,Chernivtsi,UA,48.2593002319,25.9808006287,Europe/Kyiv
UKLR,RWN,Rivne International Airport,Rivne,UA,50.6071014404,26.1415996552,Europe/Kyiv
UKLT,TNL,Ternopil International Airport,Ternopil,UA,49.5242004395,25.7000999451,Europe/Kyiv
UKLU,UDJ,Uzhhorod International Airport,Uzhhorod,UA,48.6343002319,22.2633991241,Europe/Bratislava
UKOH,KHE,Chernobayevka Airport,Kherson,UA,46.6758003235,32.506401062,Europe/Kyiv
UKON,NLV,Mykolaiv International Airport,Nikolayev,UA,47.0578994751,31.9197998047,Europe/Kyiv
UKOO,ODS,Odessa International Airport,Odessa,UA,46.4267997742,30.6765003204,Europe/Kyiv
UKWW,VIN,Vinnytsia/Gavyryshivka Airport,Vinnitsa,UA,49.242531,28.613778,Europe/Kyiv
ULAA,ARH,Talagi Airport,Archangelsk,RU,64.6003036499,40.7167015076,Europe/Moscow
ULAH,VKV,Vaskovo Airport,Arkhangelsk,RU,64.4417037964,40.4216995239,Europe/Moscow
ULAL,LDG,Leshukonskoye Airport,Leshukonskoye,RU,64.8960037231,45.7229995728,Europe/Moscow
ULAM,NNM,Naryan Mar Airport,Naryan Mar,RU,67.6399993896,53.1218986511,Europe/Moscow
ULAS,CSH,Solovki Airport,Solovetsky Islands,RU,65.0299987793,35.7333335876,Europe/Moscow
ULDD,AMV,Amderma Airport,Amderma,RU,69.7632980347,61.5564002991,Europe/Moscow
ULDW,VRI,Varandey Airport,Unknown,RU,68.8485031128,58.2014007568,Europe/Moscow
ULKK,KSZ,Kotlas Airport,Kotlas,RU,61.2358016968,46.6974983215,Europe/Moscow
ULLI,LED,Pulkovo Airport,St. Petersburg,RU,59.8003005981,30.2625007629,Europe/Moscow
ULMK,KVK,Kirovsk-Apatity Airport,Apatity,RU,67.4633026123,33.5882987976,Europe/Moscow
ULMM,MMK,Murmansk Airport,Murmansk,RU,68.7817001343,32.7508010864,Europe/Moscow
ULOL,VLU,Velikiye Luki Airport,Velikiye Luki,RU,56.3810997009,30.6081008911,Europe/Moscow
ULOO,PKV,Pskov Airport,Pskov,RU,57.7839012146,28.3955993652,Europe/Moscow
ULPB,PES,Petrozavodsk Airport,Petrozavodsk,RU,61.8852005005,34.1547012329,Europe/Moscow
ULWC,CEE,Cherepovets Airport,Cherepovets,RU,59.276667,38.028333,Europe/Moscow
ULWU,VUS,Velikiy Ustyug Airport,Velikiy Ustyug,RU,60.7882995605,46.2599983215,Europe/Moscow
ULWW,VGD,Vologda Airport,Vologda,RU,59.2825012207,39.9444007874,Europe/Moscow
UMBB,BQT,Brest Airport,Brest,BY,52.1082992554,23.8980998993,Europe/Minsk
UMGG,GME,Gomel Airport,Gomel,BY,52.5270004272,31.0167007446,Europe/Minsk
UMII,VTB,Vitebsk East Airport,Vitebsk,BY,55.126499176,30.3495998383,Europe/Minsk
UMKK,KGD,Khrabrovo Airport,Kaliningrad,RU,54.8899993896,20.5925998688,Europe/Kaliningrad
UMMG,GNA,Hrodna Airport,Hrodna,BY,53.6020011902,24.0538005829,Europe/Minsk
UMMM,MHP,Minsk 1 Airport,Minsk,BY,53.8644981384,27.5396995544,Europe/Minsk
UMMS,MSQ,Minsk International Airport,Minsk,BY,53.8824996948,28.0307006836,Europe/Minsk
UMOO,MVQ,Mogilev Airport,Mogilev,BY,53.9548988342,30.0951004028,Europe/Minsk
UNAA,ABA,Abakan Airport,Abakan,RU,53.7400016785,91.3850021362,Asia/Krasnoyarsk
UNBB,BAX,Barnaul Airport,Barnaul,RU,53.3638000488,83.5384979248,Asia/Barnaul
UNBG,RGK,Gorno-Altaysk Airport,Gorno-Altaysk,RU,51.9667015076,85.8332977295,Asia/Barnaul
UNEE,KEJ,Kemerovo Airport,Kemerovo,RU,55.2700996399,86.1072006226,Asia/Novokuznetsk
UNII,EIE,Yeniseysk Airport,Yeniseysk,RU,58.4742012024,92.1125030518,Asia/Krasnoyarsk
UNIP,TGP,Podkamennaya Tunguska Airport,Bor,RU,61.5896987915,89.9940032959,Asia/Krasnoyarsk
UNKL,KJA,Yemelyanovo Airport,Krasnoyarsk,RU,56.1729011536,92.4933013916,Asia/Krasnoyarsk
UNKS,ACS,Achinsk Airport,Achinsk,RU,56.2682991028,90.5708007813,Asia/Krasnoyarsk
UNKY,KYZ,Kyzyl Airport,Kyzyl,RU,51.6693992615,94.4005966187,Asia/Krasnoyarsk
UNNT,OVB,Tolmachevo Airport,Novosibirsk,RU,55.0125999451,82.6507034302,Asia/Novosibirsk
UNOO,OMS,Omsk Central Airport,Omsk,RU,54.966999054,73.3105010986,Asia/Omsk
UNSS,SWT,Strezhevoy Airport,Strezhevoy,RU,60.709400177,77.6600036621,Asia/Tomsk
UNTT,TOF,Bogashevo Airport,Tomsk,RU,56.3802986145,85.2082977295,Asia/Tomsk
UNWW,NOZ,Spichenkovo Airport,Novokuznetsk,RU,53.8114013672,86.8771972656,Asia/Novokuznetsk
UODD,DKS,Dikson Airport,Dikson,RU,73.5178070068,80.3796691895,Asia/Krasnoyarsk
UOHH,HTG,Khatanga Airport,Khatanga,RU,71.9781036377,102.4909973145,Asia/Krasnoyarsk
UOII,IAA,Igarka Airport,Igarka,RU,67.4372024536,86.6219024658,Asia/Krasnoyarsk
UOOO,NSK,Norilsk-Alykel Airport,Norilsk,RU,69.3110961914,87.3321990967,Asia/Krasnoyarsk
UOTT,THX,Turukhansk Airport,Turukhansk,RU,65.797203064,87.9353027344,Asia/Krasnoyarsk
URFB,UKS,Belbek Airport,Sevastopol,UA,44.688999176,33.5709991455,Europe/Simferopol
URKA,AAQ,Anapa Airport,Anapa,RU,45.0021018982,37.3473014832,Europe/Moscow
URKE,EIK,Yeysk Airport,Yeysk,RU,46.68,38.21,Europe/Moscow
URKG,GDZ,Gelendzhik Airport,Gelendzhik,RU,44.5820926295,38.0124807358,Europe/Moscow
URKK,KRR,Krasnodar International Airport,Krasnodar,RU,45.0346984863,39.170501709,Europe/Moscow
URMG,GRV,Grozny North Airport,Grozny,RU,43.3883018494,45.698600769,Europe/Moscow
URML,MCX,Uytash Airport,Makhachkala,RU,42.8167991638,47.6523017883,Europe/Moscow
URMM,MRV,Mineralnyye Vody Airport,Mineralnyye Vody,RU,44.2251014709,43.0819015503,Europe/Moscow
URMN,NAL,Nalchik Airport,Nalchik,RU,43.5129013062,43.6366004944,Europe/Moscow
URMO,OGZ,Beslan Airport,Beslan,RU,43.2051010132,44.6066017151,Europe/Moscow
URMS,IGT,Magas Airport,Magas,RU,43.3222999573,45.0125999451,Europe/Moscow
URMT,STW,Stavropol Shpakovskoye Airport,Stavropol,RU,45.1091995239,42.1128005981,Europe/Moscow
URRP,ROV,Platov International Airport,Rostov-on-Don,RU,47.50083333,39.93361111,Europe/Moscow
URRR,RVI,Rostov-na-Donu Airport,Rostov-on-Don,RU,47.2582015991,39.8180999756,Europe/Moscow
URRT,TGK,Taganrog Yuzhny Airport,Taganrog,RU,47.2000007629,38.8499984741,Europe/Moscow
URRY,VLK,Zavetnoe Airport,Unknown,RU,46.5443000793,43.6456985474,Europe/Moscow
URSS,AER,Sochi International Airport,Sochi,RU,43.4499015808,39.9566001892,Europe/Moscow
URWA,ASF,Astrakhan Airport,Astrakhan,RU,46.2832984924,48.0063018799,Europe/Astrakhan
URWI,ESL,Elista Airport,Elista,RU,46.3739013672,44.3308982849,Europe/Moscow
URWW,VOG,Volgograd International Airport,Volgograd,RU,48.7825012207,44.345500946,Europe/Volgograd
USCC,CEK,Chelyabinsk Balandino Airport,Chelyabinsk,RU,55.3058013916,61.5032997131,Asia/Yekaterinburg
USCM,MQF,Magnitogorsk International Airport,Magnitogorsk,RU,53.3931007385,58.7556991577,Asia/Yekaterinburg
USDA,SBT,Sabetta Airport,Sabetta,RU,71.215,72.038,Asia/Yekaterinburg
USDB,BVJ,Bovanenkovo,Bovanenkovo,RU,70.315277778,68.333611111,Asia/Yekaterinburg
USDD,SLY,Salekhard Airport,Salekhard,RU,66.5907974243,66.611000061,Asia/Yekaterinburg
USDK,YMK,Mys Kamenny Airport,Mys Kamennyi,RU,68.483001709,73.5670013428,Asia/Yekaterinburg
USDP,KKQ,Krasnoselkup Airport,Krasnoselkup,RU,65.717,82.455,Asia/Yekaterinburg
USDS,TQL,Tarko-Sale Airport,Tarko-Sale,RU,64.9308013916,77.8180999756,Asia/Yekaterinburg
USDU,UEN,Urengoy Airport,Urengoy,RU,65.9599990845,78.43699646,Asia/Yekaterinburg
USHB,EZV,Berezovo Airport,Unknown,RU,63.9210014343,65.0305023193,Asia/Yekaterinburg
USHH,HMA,Khanty Mansiysk Airport,Khanty-Mansiysk,RU,61.0284996033,69.0860977173,Asia/Yekaterinburg
USHI,IRM,Igrim Airport,Unknown,RU,63.1987991333,64.4393005371,Asia/Yekaterinburg
USHK,KXD,Kondinskoye Airport,Kondinskoye,RU,59.6550827026,67.4300460815,Asia/Yekaterinburg
USHN,NYA,Nyagan Airport,Nyagan,RU,62.1100006104,65.6149978638,Asia/Yekaterinburg
USHS,OVS,Sovetskiy Airport,Sovetskiy,RU,61.3266220093,63.6019134521,Asia/Yekaterinburg
USHU,URJ,Uray Airport,Uray,RU,60.1032981873,64.8266983032,Asia/Yekaterinburg
USII,IJK,Izhevsk Airport,Izhevsk,RU,56.8280982971,53.4575004578,Europe/Samara
USKK,KVX,Pobedilovo Airport,Kirov,RU,58.5032997131,49.3483009338,Europe/Kirov
USMM,NYM,Nadym Airport,Nadym,RU,65.4809036255,72.6988983154,Asia/Yekaterinburg
USMU,NUX,Novy Urengoy Airport,Novy Urengoy,RU,66.0693969727,76.5203018188,Asia/Yekaterinburg
USNN,NJC,Nizhnevartovsk Airport,Nizhnevartovsk,RU,60.9492988586,76.4835968018,Asia/Yekaterinburg
USPP,PEE,Bolshoye Savino Airport,Perm,RU,57.9145011902,56.0211982727,Asia/Yekaterinburg
USRK,KGP,Kogalym International Airport,Kogalym,RU,62.1903991699,74.5337982178,Asia/Yekaterinburg
USRN,NFG,Nefteyugansk Airport,Nefteyugansk,RU,61.1082992554,72.6500015259,Asia/Yekaterinburg
USRO,NOJ,Noyabrsk Airport,Noyabrsk,RU,63.1833000183,75.2699966431,Asia/Yekaterinburg
USRR,SGC,Surgut Airport,Surgut,RU,61.3437004089,73.401802063,Asia/Yekaterinburg
USSS,SVX,Koltsovo Airport,Yekaterinburg,RU,56.7430992126,60.8027000427,Asia/Yekaterinburg
USTO,TOX,Tobolsk Airport,Tobolsk,RU,58.135799408,68.2319030762,Asia/Yekaterinburg
USTR,TJM,Roshchino International Airport,Tyumen,RU,57.1896018982,65.3243026733,Asia/Yekaterinburg
USUU,KRO,Kurgan Airport,Kurgan,RU,55.4752998352,65.4156036377,Asia/Yekaterinburg
UTAA,ASB,Ashgabat Airport,Ashgabat,TM,37.9868011475,58.361000061,Asia/Ashgabat
UTAE,KEA,Kerki International Airport,Kerki,TM,37.808889,65.2125,Asia/Ashgabat
UTAK,KRW,Turkmenbashi Airport,Krasnovodsk,TM,40.0633010864,53.0071983337,Asia/Ashgabat
UTAM,MYP,Mary Airport,Mary,TM,37.6194000244,61.8967018127,Asia/Ashgabat
UTAN,BKN,Balkanabat International Airport,Jebel,TM,39.6805,54.204667,Asia/Ashgabat
UTAT,TAZ,Dashoguz Airport,Dashoguz,TM,41.761100769,59.8266983032,Asia/Ashgabat
UTAV,CRZ,Turkmenabat International Airport,Turkmenabat,TM,38.930833,63.563889,Asia/Ashgabat
UTDD,DYU,Dushanbe Airport,Dushanbe,TJ,38.5433006287,68.8249969482,Asia/Dushanbe
UTDK,TJU,Kulob Airport,Kulyab,TJ,37.9880981445,69.8050003052,Asia/Dushanbe
UTDL,LBD,Khudzhand Airport,Khudzhand,TJ,40.2154006958,69.6947021484,Asia/Dushanbe
UTDT,KQT,Qurghonteppa International Airport,Kurgan-Tyube,TJ,37.8664016724,68.8647003174,Asia/Dushanbe
UUBA,KMW,Kostroma Sokerkino Airport,Kostroma,RU,57.7969017029,41.0194015503,Europe/Moscow
UUBB,BKA,Bykovo Airport,Moscow,RU,55.6171989441,38.0600013733,Europe/Moscow
UUBC,KLF,Grabtsevo Airport,Kaluga,RU,54.5499992371,36.3666687012,Europe/Moscow
UUBI,IWA,Ivanovo South Airport,Ivanovo,RU,56.9393997192,40.9407997131,Europe/Moscow
UUBK,RYB,Staroselye Airport,Rybinsk,RU,58.1041984558,38.9294013977,Europe/Moscow
UUBP,BZK,Bryansk Airport,Bryansk,RU,53.2141990662,34.176399231,Europe/Moscow
UUBS,LNX,Smolensk South Airport,Smolensk,RU,54.745,32.065,Europe/Moscow
UUBW,ZIA,Ramenskoye Airport,Zhukovsky,RU,55.5532989502,38.1500015259,Europe/Moscow
UUDD,DME,Domodedovo International Airport,Moscow,RU,55.4087982178,37.9062995911,Europe/Moscow
UUDL,IAR,Tunoshna Airport,Unknown,RU,57.5606994629,40.1573982239,Europe/Moscow
UUEE,SVO,Sheremetyevo International Airport,Moscow,RU,55.9725990295,37.4146003723,Europe/Moscow
UUEM,KLD,Migalovo Air Base,Tver,RU,56.8246994019,35.7577018738,Europe/Moscow
UUMO,OSF,Ostafyevo International Airport,Moscow,RU,55.5116996765,37.5071983337,Europe/Moscow
UUMU,CKL,Chkalovskiy Airport,Moscow,RU,55.8782997131,38.0616989136,Europe/Moscow
UUOB,EGO,Belgorod International Airport,Belgorod,RU,50.6437988281,36.5900993347,Europe/Moscow
UUOK,URS,Kursk East Airport,Kursk,RU,51.7505989075,36.2956008911,Europe/Moscow
UUOL,LPK,Lipetsk Airport,Lipetsk,RU,52.7028007507,39.5377998352,Europe/Moscow
UUOO,VOZ,Voronezh International Airport,Voronezh,RU,51.814201355,39.229598999,Europe/Moscow
UUOR,OEL,Oryol Yuzhny Airport,Orel,RU,52.9347000122,36.0022010803,Europe/Moscow
UUOT,TBW,Donskoye Airport,Tambov,RU,52.806098938,41.48279953,Europe/Moscow
UUWR,RZN,Turlatovo Airport,Ryazan,RU,54.5559005737,39.8552017212,Europe/Moscow
UUWW,VKO,Vnukovo International Airport,Moscow,RU,55.5914993286,37.2615013123,Europe/Moscow
UUYH,UCT,Ukhta Airport,Ukhta,RU,63.5668983459,53.8046989441,Europe/Moscow
UUYI,INA,Inta Airport,Inta,RU,66.0548324585,60.1103210449,Europe/Moscow
UUYP,PEX,Pechora Airport,Pechora,RU,65.1211013794,57.1307983398,Europe/Moscow
UUYS,USK,Usinsk Airport,Usinsk,RU,66.004699707,57.3671989441,Europe/Moscow
UUYW,VKT,Vorkuta Airport,Vorkuta,RU,67.4886016846,63.9930992126,Europe/Moscow
UUYX,UTS,Ust-Tsylma Airport,Ust-Tsylma,RU,65.4372940063,52.2003364563,Europe/Moscow
UUYY,SCW,Syktyvkar Airport,Syktyvkar,RU,61.6469993591,50.8451004028,Europe/Moscow
UWGG,GOJ,Nizhny Novgorod International Airport,Nizhny Novgorod,RU,56.2300987244,43.7840003967,Europe/Moscow
UWKB,UUA,Bugulma Airport,Bugulma,RU,54.6399993896,52.801700592,Europe/Moscow
UWKD,KZN,Kazan International Airport,Kazan,RU,55.6062011719,49.2787017822,Europe/Moscow
UWKE,NBC,Begishevo Airport,Nizhnekamsk,RU,55.5647010803,52.0924987793,Europe/Moscow
UWKJ,JOK,Yoshkar-Ola Airport,Yoshkar-Ola,RU,56.7005996704,47.9047012329,Europe/Moscow
UWKS,CSY,Cheboksary Airport,Cheboksary,RU,56.0903015137,47.3473014832,Europe/Moscow
UWLL,ULV,Ulyanovsk Baratayevka Airport,Ulyanovsk,RU,54.2682991028,48.2266998291,Europe/Ulyanovsk
UWLW,ULY,Ulyanovsk East Airport,Ulyanovsk,RU,54.4010009766,48.8027000427,Europe/Ulyanovsk
UWOO,REN,Orenburg Central Airport,Orenburg,RU,51.7957992554,55.4566993713,Asia/Yekaterinburg
UWOR,OSW,Orsk Airport,Orsk,RU,51.0724983215,58.5956001282,Asia/Yekaterinburg
UWPP,PEZ,Penza Airport,Penza,RU,53.1105995178,45.0210990906,Europe/Moscow
UWPS,SKX,Saransk Airport,Saransk,RU,54.1251296997,45.2122573853,Europe/Moscow
UWSB,BWO,Balakovo Airport,Balakovo,RU,51.8582992554,47.7456016541,Europe/Saratov
UWSG,GSV,Saratov Gagarin Airport,Saratov,RU,51.712778,46.171111,Europe/Saratov
UWSS,RTW,Saratov Central Airport,Saratov,RU,51.5649986267,46.0466995239,Europe/Saratov
UWUB,BCX,Beloretsk Airport,Beloretsk,RU,53.9380989075,58.3400001526,Asia/Yekaterinburg
UWUF,NEF,Neftekamsk Airport,Neftekamsk,RU,56.1068992615,54.3471984863,Asia/Yekaterinburg
UWUK,OKT,Oktyabrskiy Airport,Kzyl-Yar,RU,54.4399986267,53.3883018494,Asia/Yekaterinburg
UWUU,UFA,Ufa International Airport,Ufa,RU,54.5574989319,55.8744010925,Asia/Yekaterinburg
UWWW,KUF,Kurumoch International Airport,Samara,RU,53.504901886,50.1642990112,Europe/Samara
UZFA,AZN,Andijan Airport,Andijan,UZ,40.7276992798,72.2939987183,Asia/Tashkent
UZFF,FEG,Fergana Airport,Fergana,UZ,40.3587989807,71.7450027466,Asia/Tashkent
UZFN,NMA,Namangan Airport,Namangan,UZ,40.9846000671,71.5567016602,Asia/Tashkent
UZKK,OQN,Kokand Airport,Kokand,UZ,40.5397987366,70.9748001099,Asia/Tashkent
UZNM,MOK,Muynak Airport,Muynak,UZ,43.7551994324,59.0308990479,Asia/Samarkand
UZNN,NCU,Nukus Airport,Nukus,UZ,42.4883995056,59.623298645,Asia/Samarkand
UZNU,UGC,Urgench Airport,Urgench,UZ,41.5843009949,60.6417007446,Asia/Samarkand
UZSA,NVI,Navoi Airport,Navoi,UZ,40.1171989441,65.1707992554,Asia/Samarkand
UZSB,BHK,Bukhara Airport,Bukhara,UZ,39.7750015259,64.4832992554,Asia/Samarkand
UZSK,KSQ,Karshi Airport,Karshi,UZ,38.8025,65.773056,Asia/Samarkand
UZSN,AFS,Sugraly Airport,Zarafshan,UZ,41.613899231,64.2332000732,Asia/Samarkand
UZSS,SKD,Samarkand Airport,Samarkand,UZ,39.7005004883,66.9838027954,Asia/Samarkand
UZST,TMJ,Termez Airport,Termez,UZ,37.2867012024,67.3099975586,Asia/Samarkand
UZTT,TAS,Tashkent International Airport,Tashkent,UZ,41.257900238,69.2811965942,Asia/Tashkent
UZTZ,OMN,Zomin Airport,Lyaylyakul,UZ,40.015128,68.409758,Asia/Tashkent
VA1P,DIU,Diu Airport,Diu,IN,20.7131004333,70.9210968018,Asia/Kolkata
VAAH,AMD,Sardar Vallabhbhai Patel International Airport,Ahmedabad,IN,23.0771999359,72.6346969604,Asia/Kolkata
VAAK,AKD,Akola Airport,Unknown,IN,20.6989994049,77.0586013794,Asia/Kolkata
VAAU,IXU,Aurangabad Airport,Aurangabad,IN,19.8626995087,75.3981018066,Asia/Kolkata
VABB,BOM,Chhatrapati Shivaji International Airport,Mumbai,IN,19.0886993408,72.8678970337,Asia/Kolkata
VABI,PAB,Bilaspur Airport,Unknown,IN,21.9883995056,82.111000061,Asia/Kolkata
VABJ,BHJ,Bhuj Airport,Bhuj,IN,23.2877998352,69.6701965332,Asia/Kolkata
VABM,IXG,Belgaum Airport,Unknown,IN,15.8592996597,74.6183013916,Asia/Kolkata
VABO,BDQ,Vadodara Airport,Vadodara,IN,22.3362007141,73.2263031006,Asia/Kolkata
VABP,BHO,Bhopal Airport,Bhopal,IN,23.2875003815,77.3374023438,Asia/Kolkata
VABV,BHU,Bhavnagar Airport,Bhavnagar,IN,21.752199173,72.1852035522,Asia/Kolkata
VADN,NMB,Daman Airport,Unknown,IN,20.4344005585,72.8432006836,Asia/Kolkata
VAGN,GUX,Guna Airport,Unknown,IN,24.6546993256,77.3472976685,Asia/Kolkata
VAHB,HBX,Hubli Airport,Hubli,IN,15.361700058,75.0848999023,Asia/Kolkata
VAHS,HSR,Rajkot International Airport,Rajkot,IN,22.381915,71.031681,Asia/Kolkata
VAID,IDR,Devi Ahilyabai Holkar Airport,Indore,IN,22.7217998505,75.8011016846,Asia/Kolkata
VAJB,JLR,Jabalpur Airport,Unknown,IN,23.1777992249,80.0520019531,Asia/Kolkata
VAJM,JGA,Jamnagar Airport,Jamnagar,IN,22.4654998779,70.0126037598,Asia/Kolkata
VAKE,IXY,Kandla Airport,Kandla,IN,23.1126995087,70.1003036499,Asia/Kolkata
VAKJ,HJR,Khajuraho Airport,Khajuraho,IN,24.817199707,79.9186019897,Asia/Kolkata
VAKP,KLH,Kolhapur Airport,Unknown,IN,16.6646995544,74.2893981934,Asia/Kolkata
VAKS,IXK,Keshod Airport,Unknown,IN,21.3171005249,70.270401001,Asia/Kolkata
VALT,LTU,Murod Kond Airport,Latur,IN,18.4115009308,76.4646987915,Asia/Kolkata
VAND,NDC,Nanded Airport,Nanded,IN,19.1833000183,77.3167037964,Asia/Kolkata
VANM,NMI,Navi Mumbai International Airport,Navi Mumbai,IN,18.994383,73.070264,Asia/Kolkata
VANP,NAG,Dr. Babasaheb Ambedkar International Airport,Naqpur,IN,21.0921993256,79.047203064,Asia/Kolkata
VAOZ,ISK,Ozar Airport,Nasik,IN,20.1191005707,73.912902832,Asia/Kolkata
VAPO,PNQ,Pune Airport,Pune,IN,18.5820999146,73.9197006226,Asia/Kolkata
VAPR,PBD,Porbandar Airport,Porbandar,IN,21.6487007141,69.6572036743,Asia/Kolkata
VARG,RTC,Ratnagiri Airport,Unknown,IN,17.0135993958,73.327796936,Asia/Kolkata
VARK,RAJ,Rajkot Airport,Rajkot,IN,22.3092002869,70.7795028687,Asia/Kolkata
VARP,RPR,Raipur Airport,Raipur,IN,21.1804008484,81.7388000488,Asia/Kolkata
VASD,SAG,Shirdi Airport,Kakadi,IN,19.688611,74.378889,Asia/Kolkata
VASL,SSE,Solapur Airport,Solapur,IN,17.6280002594,75.9347991943,Asia/Kolkata
VASU,STV,Surat Airport,Unknown,IN,21.1140995026,72.7417984009,Asia/Kolkata
VAUD,UDR,Maharana Pratap Airport,Udaipur,IN,24.6177005768,73.8961029053,Asia/Kolkata
VCBI,CMB,Bandaranaike International Colombo Airport,Colombo,LK,7.1807599068,79.8841018677,Asia/Colombo
VCCA,ACJ,Anuradhapura Air Force Base,Anuradhapura,LK,8.30148983,80.4279022217,Asia/Colombo
VCCB,BTC,Batticaloa Airport,Batticaloa,LK,7.7057600021,81.6788024902,Asia/Colombo
VCCC,RML,Colombo Ratmalana Airport,Colombo,LK,6.8219900131,79.8861999512,Asia/Colombo
VCCG,ADP,Ampara Airport,Ampara,LK,7.336944,81.630278,Asia/Colombo
VCCH,HIM,Hingurakgoda Airport,Polonnaruwa Town,LK,8.0498104095,80.9813995361,Asia/Colombo
VCCJ,JAF,Kankesanturai Airport,Jaffna,LK,9.7923297882,80.070098877,Asia/Colombo
VCCK,KCT,Koggala Airport,Galle,LK,5.9936800003,80.3202972412,Asia/Colombo
VCCN,KTY,Katukurunda Air Force Base,Kalutara,LK,6.5521202087,79.9775009155,Asia/Colombo
VCCS,GIU,Sigiriya Air Force Base,Sigiriya,LK,7.9566698074,80.7285003662,Asia/Colombo
VCCT,TRR,China Bay Airport,Trincomalee,LK,8.5385103226,81.1819000244,Asia/Colombo
VCCW,WRZ,Weerawila International Airport,Weerawila,LK,6.2544898987,81.2351989746,Asia/Colombo
VCRI,HRI,Mattala Rajapaksa International Airport,Mattala,LK,6.288889,81.123611,Asia/Colombo
VDBG,BBM,Battambang Airport,Battambang,KH,13.0956001282,103.2239990234,Asia/Phnom_Penh
VDKH,KZC,Kampong Chhnang Airport,Unknown,KH,12.255200386,104.5640029907,Asia/Phnom_Penh
VDKK,KKZ,Kaoh Kong Airport,Kaoh Kong,KH,11.6133971186,102.997083664,Asia/Phnom_Penh
VDMK,MWV,Mondulkiri Airport,Sen Monorom,KH,12.4636479116,107.187252045,Asia/Phnom_Penh
VDPP,PNH,Phnom Penh International Airport,Phnom Penh,KH,11.5466003418,104.84400177,Asia/Phnom_Penh
VDRK,RBE,Ratanakiri Airport,Ratanakiri,KH,13.7299995422,106.9869995117,Asia/Phnom_Penh
VDSA,SAI,Siem Reap–Angkor International Airport,Siem Reap,KH,13.375278,104.220833,Asia/Phnom_Penh
VDSR,REP,Angkor International Airport,Siem Reap,KH,13.4106998444,103.81300354,Asia/Phnom_Penh
VDST,TNX,Stung Treng Airport,Stung Treng,KH,13.5319004059,106.0149993896,Asia/Phnom_Penh
VDSV,KOS,Sihanoukville International Airport,Sihanukville,KH,10.57970047,103.637001038,Asia/Phnom_Penh
VDTI,KTI,Techo International Airport,Phnom Penh,KH,11.362917,104.916611,Asia/Phnom_Penh
VEAH,AZH,Azamgarh Airport,Azamgarh,IN,26.153333,83.118333,Asia/Kolkata
VEAN,IXV,Along Airport,Unknown,IN,28.1753005981,94.8020019531,Asia/Kolkata
VEAT,IXA,Agartala Airport,Agartala,IN,23.8869991302,91.2404022217,Asia/Kolkata
VEAY,AYJ,Ayodhya Airport,Ayodhya,IN,26.748034,82.150781,Asia/Kolkata
VEBD,IXB,Bagdogra Airport,Siliguri,IN,26.6812000275,88.3285980225,Asia/Kolkata
VEBG,RGH,Balurghat Airport,Balurghat,IN,25.2616996765,88.7956008911,Asia/Kolkata
VEBI,SHL,Shillong Airport,Shillong,IN,25.7035999298,91.9786987305,Asia/Kolkata
VEBN,VNS,Lal Bahadur Shastri Airport,Varanasi,IN,25.4524002075,82.8592987061,Asia/Kolkata
VEBS,BBI,Biju Patnaik Airport,Bhubaneswar,IN,20.2444000244,85.8178024292,Asia/Kolkata
VECC,CCU,Netaji Subhash Chandra Bose International Airport,Kolkata,IN,22.6546993256,88.4467010498,Asia/Kolkata
VECO,COH,Cooch Behar Airport,Unknown,IN,26.330499649,89.4672012329,Asia/Kolkata
VECT,CWK,Chitrakoot Airport,Chitrakoot,IN,25.167694,80.9358,Asia/Kolkata
VECX,KNU,Kanpur Airport,Kanpur,IN,26.399462,80.42695,Asia/Kolkata
VEDB,DBD,Dhanbad Airport,Unknown,IN,23.8339996338,86.4253005981,Asia/Kolkata
VEDH,DBR,Darbhanga Airport,Darbhanga,IN,26.194722,85.9175,Asia/Kolkata
VEDO,DGH,Deoghar Airport,Deoghar,IN,24.444722,86.7025,Asia/Kolkata
VEDZ,DEP,Daporijo Airport,Daporijo,IN,27.9855003357,94.2228012085,Asia/Kolkata
VEGK,GOP,Gorakhpur Airport,Gorakhpur,IN,26.7397003174,83.4496994019,Asia/Kolkata
VEGT,GAU,Lokpriya Gopinath Bordoloi International Airport,Guwahati,IN,26.1061000824,91.585899353,Asia/Kolkata
VEGY,GAY,Gaya Airport,Unknown,IN,24.7443008423,84.9512023926,Asia/Kolkata
VEHO,HGI,Donyi Polo Airport,Itanagar,IN,26.971841,93.642308,Asia/Kolkata
VEIM,IMF,Imphal Airport,Imphal,IN,24.7600002289,93.896697998,Asia/Kolkata
VEJH,JRG,Jharsuguda Airport,Jharsuguda,IN,21.9134998322,84.0503997803,Asia/Kolkata
VEJP,PYB,Jeypore Airport,Jeypore,IN,18.8799991608,82.5520019531,Asia/Kolkata
VEJS,IXW,Jamshedpur Airport,Unknown,IN,22.8131999969,86.168800354,Asia/Kolkata
VEJT,JRH,Jorhat Airport,Jorhat,IN,26.7315006256,94.1754989624,Asia/Kolkata
VEKI,KBK,Kushinagar International Airport,Kushinagar,IN,26.77,83.908056,Asia/Kolkata
VEKM,IXQ,Kamalpur Airport,Unknown,IN,24.1317005157,91.814201355,Asia/Kolkata
VEKR,IXH,Kailashahar Airport,Unknown,IN,24.3082008362,92.0072021484,Asia/Dhaka
VEKU,IXS,Silchar Airport,Silchar,IN,24.9129009247,92.9786987305,Asia/Kolkata
VEKW,IXN,Khowai Airport,Khowai,IN,24.0618991852,91.6038970947,Asia/Dhaka
VELP,AJL,Lengpui Airport,Aizawl,IN,23.8405990601,92.6196975708,Asia/Kolkata
VELR,IXI,North Lakhimpur Airport,Lilabari,IN,27.2954998016,94.0976028442,Asia/Kolkata
VEMH,LDA,Malda Airport,Malda,IN,25.011,88.127,Asia/Kolkata
VEMN,DIB,Dibrugarh Airport,Dibrugarh,IN,27.4839000702,95.0168991089,Asia/Kolkata
VEMR,DMU,Dimapur Airport,Dimapur,IN,25.8838996887,93.7711029053,Asia/Kolkata
VEMZ,MZU,Muzaffarpur Airport,Unknown,IN,26.1191005707,85.3136978149,Asia/Kolkata
VEPG,IXT,Pasighat Airport,Pasighat,IN,28.0660991669,95.3356018066,Asia/Kolkata
VEPT,PAT,Lok Nayak Jayaprakash Airport,Patna,IN,25.591299057,85.0879974365,Asia/Kolkata
VEPY,PYG,Pakyong Airport,Pakyong,IN,27.2325,88.588333,Asia/Kolkata
VERC,IXR,Birsa Munda Airport,Ranchi,IN,23.3143005371,85.3217010498,Asia/Kolkata
VERK,RRK,Rourkela Airport,Unknown,IN,22.2567005157,84.8145980835,Asia/Kolkata
VERU,RUP,Rupsi India Airport,Unknown,IN,26.1396999359,89.9100036621,Asia/Kolkata
VETJ,TEI,Tezu Airport,Tezu,IN,27.9412002563,96.1343994141,Asia/Kolkata
VETZ,TEZ,Tezpur Airport,Unknown,IN,26.7091007233,92.7846984863,Asia/Kolkata
VEZO,ZER,Zero Airport,Unknown,IN,27.588300705,93.8281021118,Asia/Kolkata
VGBR,BZL,Barisal Airport,Barisal,BD,22.8010005951,90.3012008667,Asia/Dhaka
VGCB,CXB,Cox's Bazar Airport,Cox's Bazar,BD,21.4521999359,91.9638977051,Asia/Dhaka
VGCM,CLA,Comilla Airport,Comilla,BD,23.4372005463,91.1896972656,Asia/Dhaka
VGEG,CGP,Shah Amanat International Airport,Chittagong,BD,22.2495994568,91.8133010864,Asia/Dhaka
VGHS,DAC,Dhaka / Hazrat Shahjalal International Airport,Dhaka,BD,23.843347,90.397783,Asia/Dhaka
VGIS,IRD,Ishurdi Airport,Ishurdi,BD,24.1525001526,89.0494003296,Asia/Dhaka
VGJR,JSR,Jessore Airport,Jashahor,BD,23.1837997437,89.1607971191,Asia/Dhaka
VGLM,LLJ,Lalmonirhat Airport,Lalmonirhat,BD,25.8875007629,89.4330978394,Asia/Dhaka
VGRJ,RJH,Shah Mokhdum Airport,Rajshahi,BD,24.4372005463,88.6165008545,Asia/Dhaka
VGSD,SPD,Saidpur Airport,Saidpur,BD,25.7591991425,88.9088973999,Asia/Dhaka
VGSG,TKR,Thakurgaon Airport,Thakurgaon,BD,26.0163993835,88.4036026001,Asia/Dhaka
VGSH,ZHM,Shamshernagar Airport,Shamshernagar,BD,24.4169998169,91.8830032349,Asia/Dhaka
VGSY,ZYL,Osmany International Airport,Sylhet,BD,24.9631996155,91.8667984009,Asia/Dhaka
VHHH,HKG,Chek Lap Kok International Airport,Hong Kong,HK,22.3089008331,113.915000916,Asia/Hong_Kong
VIAG,AGR,Agra Airport,Unknown,IN,27.1557998657,77.960899353,Asia/Kolkata
VIAH,HRH,Dhanipur Airstrip,Aligarth,IN,27.860856311,78.1468677521,Asia/Kolkata
VIAL,IXD,Allahabad Airport,Allahabad,IN,25.4400997162,81.7339019775,Asia/Kolkata
VIAR,ATQ,Sri Guru Ram Dass Jee International Airport Amritsar,Amritsar,IN,31.7096004486,74.7973022461,Asia/Kolkata
VIAX,AIP,Adampur Air Force Station,Unknown,IN,31.4337997437,75.7587966919,Asia/Kolkata
VIBK,BKB,Nal Airport,Bikaner,IN,28.0706005096,73.2071990967,Asia/Kolkata
VIBR,KUU,Kullu Manali Airport,Unknown,IN,31.8766994476,77.1544036865,Asia/Kolkata
VIBT,BUP,Bhatinda Air Force Station,Unknown,IN,30.2700996399,74.7557983398,Asia/Kolkata
VIBY,BEK,Bareilly Air Force Station,Unknown,IN,28.4221000671,79.4507980347,Asia/Kolkata
VICG,IXC,Chandigarh Airport,Chandigarh,IN,30.673500061,76.7884979248,Asia/Kolkata
VIDN,DED,Dehradun Airport,Dehradun,IN,30.189699173,78.1802978516,Asia/Kolkata
VIDP,DEL,Indira Gandhi International Airport,New Delhi,IN,28.5664997101,77.1031036377,Asia/Kolkata
VIDX,HDO,Hindon Air Force Station,Unknown,IN,28.7077007294,77.3589019775,Asia/Kolkata
VIGG,DHM,Kangra Airport,Unknown,IN,32.1651000977,76.2633972168,Asia/Kolkata
VIGR,GWL,Gwalior Airport,Gwalior,IN,26.2933006287,78.2277984619,Asia/Kolkata
VIHR,HSS,Hissar Airport,Unknown,IN,29.1793994904,75.7553024292,Asia/Kolkata
VIJO,JDH,Jodhpur Airport,Jodhpur,IN,26.2511005402,73.0488967896,Asia/Kolkata
VIJP,JAI,Jaipur International Airport,Jaipur,IN,26.8241996765,75.8122024536,Asia/Kolkata
VIJR,JSA,Jaisalmer Airport,Unknown,IN,26.8887004852,70.8649978638,Asia/Kolkata
VIJU,IXJ,Jammu Airport,Jammu,IN,32.6890983582,74.8374023438,Asia/Kolkata
VIKG,KQH,"Kishangarh Airport, Ajmer",Kishangarh,IN,26.591167,74.816167,Asia/Kolkata
VIKO,KTU,Kota Airport,Unknown,IN,25.160200119,75.8455963135,Asia/Kolkata
VILD,LUH,Ludhiana Airport,Unknown,IN,30.8547000885,75.9525985718,Asia/Kolkata
VILH,IXL,Leh Kushok Bakula Rimpochee Airport,Leh,IN,34.1358985901,77.5465011597,Asia/Kolkata
VILK,LKO,Chaudhary Charan Singh International Airport,Lucknow,IN,26.7605991364,80.8892974854,Asia/Kolkata
VIND,DXN,Noida International Airport,Noida,IN,28.17,77.61,Asia/Kolkata
VIPK,IXP,Pathankot Air Force Station,Unknown,IN,32.2337989807,75.6345977783,Asia/Kolkata
VIPT,PGH,Pantnagar Airport,Pantnagar,IN,29.0333995819,79.4737014771,Asia/Kolkata
VISM,SLV,Shimla Airport,Unknown,IN,31.0818004608,77.0680007935,Asia/Kolkata
VISR,SXR,Sheikh ul Alam Airport,Srinagar,IN,33.9870986938,74.7742004395,Asia/Kolkata
VIST,TNI,Satna Airport,Unknown,IN,24.5622997284,80.8548965454,Asia/Kolkata
VISV,VSV,Shravasti Airport,Shravasti,IN,27.503056,82.026944,Asia/Kolkata
VLAP,AOU,Attopeu Airport,Attopeu,LA,14.814715357,106.821699142,Asia/Vientiane
VLFL,PCQ,Boun Neau Airport,Boun Neau,LA,21.6475,101.9,Asia/Vientiane
VLHS,OUI,Ban Huoeisay Airport,Unknown,LA,20.2572994232,100.43699646,Asia/Bangkok
VLLB,LPQ,Luang Phabang International Airport,Luang Phabang,LA,19.8973007202,102.1610031128,Asia/Vientiane
VLLN,LXG,Luang Namtha Airport,Luang Namtha,LA,20.966999054,101.4000015259,Asia/Vientiane
VLNK,NEU,Nong Khang Airport,Nong Khang,LA,20.611824,104.068158,Asia/Vientiane
VLOS,ODY,Oudomsay Airport,Oudomsay,LA,20.6826992035,101.9940032959,Asia/Vientiane
VLPS,PKZ,Pakse International Airport,Pakse,LA,15.1321001053,105.78099823,Asia/Vientiane
VLSB,ZBY,Sayaboury Airport,Sayaboury,LA,19.2329998016,101.733001709,Asia/Vientiane
VLSK,ZVK,Savannakhet Airport,Unknown,LA,16.5566005707,104.7600021362,Asia/Bangkok
VLSV,VNA,Saravane Airport,Saravane,LA,15.7094392077,106.410698891,Asia/Vientiane
VLTK,THK,Thakhek Airport,Thakhek,LA,17.3999996185,104.8000030518,Asia/Bangkok
VLVT,VTE,Wattay International Airport,Vientiane,LA,17.9883003235,102.56300354,Asia/Vientiane
VLXK,XKH,Xieng Khouang Airport,Xieng Khouang,LA,19.4500007629,103.1579971313,Asia/Vientiane
VMMC,MFM,Macau International Airport,Taipa,MO,22.1495990753,113.5920028687,Asia/Macau
VNBG,BJH,Bajhang Airport,Bajhang,NP,29.5389995575,81.1854019165,Asia/Kathmandu
VNBJ,BHP,Bhojpur Airport,Bhojpur,NP,27.1473999023,87.0507965088,Asia/Kathmandu
VNBL,BGL,Baglung Airport,Baglung,NP,28.2127990723,83.6662979126,Asia/Kathmandu
VNBP,BHR,Bharatpur Airport,Bharatpur,NP,27.6781005859,84.429397583,Asia/Kathmandu
VNBR,BJU,Bajura Airport,Bajura,NP,29.5020008087,81.6689987183,Asia/Kathmandu
VNBT,BIT,Baitadi Airport,Baitadi,NP,29.4652996063,80.5492019653,Asia/Kathmandu
VNBW,BWA,Bhairahawa Airport,Bhairawa,NP,27.5056991577,83.4162979126,Asia/Kathmandu
VNCG,BDP,Bhadrapur Airport,Bhadrapur,NP,26.5708007812,88.0795974731,Asia/Kathmandu
VNDG,DNP,Tulsipur Airport,Dang,NP,28.1110992432,82.2941970825,Asia/Kathmandu
VNDH,DHI,Dhangarhi Airport,Dhangarhi,NP,28.7532997131,80.5819015503,Asia/Kathmandu
VNDL,DAP,Darchula Airport,Darchula,NP,29.6692008972,80.5484008789,Asia/Kathmandu
VNDP,DOP,Dolpa Airport,Dolpa,NP,28.9857006073,82.8190994263,Asia/Kathmandu
VNDT,SIH,Silgadi Doti Airport,Silgadi Doti,NP,29.2630996704,80.9359970093,Asia/Kathmandu
VNGK,GKH,Gorkha Airport,Gorkha,NP,28.0499992371,84.483001709,Asia/Kathmandu
VNJI,JIR,Jiri Airport,Jiri,NP,27.6170005798,86.2170028687,Asia/Kathmandu
VNJL,JUM,Jumla Airport,Jumla,NP,29.2742004395,82.1932983398,Asia/Kathmandu
VNJP,JKR,Janakpur Airport,Janakpur,NP,26.7087993622,85.9224014282,Asia/Kathmandu
VNJS,JMO,Jomsom Airport,Jomsom,NP,28.780426,83.723,Asia/Kathmandu
VNKT,KTM,Tribhuvan International Airport,Kathmandu,NP,27.6965999603,85.3591003418,Asia/Kathmandu
VNLD,LDN,Lamidanda Airport,Lamidanda,NP,27.2530994415,86.6699981689,Asia/Kathmandu
VNLK,LUA,Lukla Airport,Lukla,NP,27.6868991852,86.7296981812,Asia/Kathmandu
VNLT,LTG,Langtang Airport,Langtang,NP,28.2000007629,85.5830001831,Asia/Kathmandu
VNMA,NGX,Manang Airport,Ngawal,NP,28.6413993835,84.0892028809,Asia/Kathmandu
VNMG,MEY,Meghauli Airport,Meghauli,NP,27.5774,84.22875,Asia/Kathmandu
VNMN,XMG,Mahendranagar Airport,Mahendranagar,NP,28.9631996155,80.1479034424,Asia/Kathmandu
VNNG,KEP,Nepalgunj Airport,Nepalgunj,NP,28.1035995483,81.6669998169,Asia/Kathmandu
VNPK,PKR,Pokhara Airport,Pokhara,NP,28.2008991241,83.9821014404,Asia/Kathmandu
VNPL,PPL,Phaplu Airport,Phaplu,NP,27.5177868809,86.5844535828,Asia/Kathmandu
VNPR,PHH,Pokhara International Airport,Pokhara,NP,28.18450655929956,84.01324890177672,Asia/Kathmandu
VNRB,RJB,Rajbiraj Airport,Rajbiraj,NP,26.5170001984,86.75,Asia/Kathmandu
VNRC,RHP,Ramechhap Airport,Ramechhap,NP,27.3939990997,86.0614013672,Asia/Kathmandu
VNRK,RUK,Rukumkot Airport,Rukumkot,NP,28.6270008087,82.1949996948,Asia/Kathmandu
VNRP,RPA,Rolpa Airport,Rolpa,NP,28.2670001984,82.766998291,Asia/Kathmandu
VNRT,RUM,Rumjatar Airport,Rumjatar,NP,27.3034992218,86.5503997803,Asia/Kathmandu
VNSI,SIF,Simara Airport,Simara,NP,27.1595001221,84.9801025391,Asia/Kathmandu
VNSK,SKH,Surkhet Airport,Surkhet,NP,28.5860004425,81.6360015869,Asia/Kathmandu
VNSR,FEB,Sanfebagar Airport,Sanfebagar,NP,29.2329998016,81.2170028687,Asia/Kathmandu
VNST,IMK,Simikot Airport,Simikot,NP,29.9710998535,81.818901062,Asia/Kathmandu
VNTJ,TPJ,Suketar Airport,Taplejung,NP,27.3509,87.69525,Asia/Kathmandu
VNTP,TPU,Tikapur Airport,Tikapur,NP,28.5170001984,81.1500015259,Asia/Kathmandu
VNTR,TMI,Tumling Tar Airport,Tumling Tar,NP,27.3150005341,87.1932983398,Asia/Kathmandu
VNVT,BIR,Biratnagar Airport,Biratnagar,NP,26.4815006256,87.263999939,Asia/Kathmandu
VOAT,AGX,Agatti Airport,Unknown,IN,10.8236999512,72.1760025024,Asia/Kolkata
VOBI,BEP,Bellary Airport,Bellary,IN,15.1627998352,76.8827972412,Asia/Kolkata
VOBL,BLR,Bengaluru International Airport,Bangalore,IN,13.1978998184,77.7062988281,Asia/Kolkata
VOBZ,VGA,Vijayawada Airport,Unknown,IN,16.5303993225,80.7967987061,Asia/Kolkata
VOCB,CJB,Coimbatore International Airport,Coimbatore,IN,11.029999733,77.0434036255,Asia/Kolkata
VOCI,COK,Cochin International Airport,Cochin,IN,10.1520004272,76.4019012451,Asia/Kolkata
VOCL,CCJ,Calicut International Airport,Calicut,IN,11.1367998123,75.9552993774,Asia/Kolkata
VOCP,CDP,Cuddapah Airport,Unknown,IN,14.5100002289,78.7727966309,Asia/Kolkata
VOCX,CBD,Car Nicobar Air Force Station,Unknown,IN,9.1525096893,92.8196029663,Asia/Kolkata
VOGA,GOX,Manohar International Airport,Mopa,IN,15.7322,73.868,Asia/Kolkata
VOGB,GBI,Gulbarga Kalaburagi Airport,Kalaburagi,IN,17.307778,76.958056,Asia/Kolkata
VOGO,GOI,Dabolim Airport,Dabolim,IN,15.380833,73.827,Asia/Kolkata
VOHS,HYD,Rajiv Gandhi International Airport Shamshabad,Hyderabad,IN,17.2313175201,78.4298553467,Asia/Kolkata
VOHY,BPM,Begumpet Airport,Hyderabad,IN,17.4531002045,78.4675979614,Asia/Kolkata
VOJV,VDY,Vijayanagar Aerodrome (JSW),Unknown,IN,15.1749666667,76.6349472222,Asia/Kolkata
VOKN,CNN,Kannur International Airport,Mattanur,IN,11.92,75.55,Asia/Kolkata
VOKU,KJB,Kurnool Airport,Kurnool,IN,15.713681,78.161561,Asia/Kolkata
VOMD,IXM,Madurai Airport,Madurai,IN,9.8345098496,78.0933990479,Asia/Kolkata
VOML,IXE,Mangalore International Airport,Mangalore,IN,12.9612998962,74.8900985718,Asia/Kolkata
VOMM,MAA,Chennai International Airport,Chennai,IN,12.9900054932,80.1692962646,Asia/Kolkata
VOMY,MYQ,Mysore Airport,Mysore,IN,12.3072004318,76.6496963501,Asia/Kolkata
VOPB,IXZ,Vir Savarkar International Airport,Port Blair,IN,11.6412000656,92.7296981812,Asia/Kolkata
VOPC,PNY,Pondicherry Airport,Unknown,IN,11.9687004089,79.8100967407,Asia/Kolkata
VORY,RJA,Rajahmundry Airport,Rajahmundry,IN,17.1103992462,81.8181991577,Asia/Kolkata
VOSH,RQY,Shivamogga Airport,Shimoga,IN,13.854722,75.610556,Asia/Kolkata
VOSM,SXV,Salem Airport,Unknown,IN,11.7833003998,78.0655975342,Asia/Kolkata
VOTJ,TJV,Tanjore Air Force Base,Thanjavur,IN,10.7223997116,79.101600647,Asia/Kolkata
VOTK,TCR,Tuticorin Airport,Thoothukkudi,IN,8.724167,78.025833,Asia/Kolkata
VOTP,TIR,Tirupati Airport,Tirupati,IN,13.6324996948,79.543296814,Asia/Kolkata
VOTR,TRZ,Tiruchirapally Civil Airport Airport,Tiruchirappally,IN,10.7653999329,78.7097015381,Asia/Kolkata
VOTV,TRV,Trivandrum International Airport,Trivandrum,IN,8.4821195602,76.9200973511,Asia/Kolkata
VOVZ,VTZ,Vishakhapatnam Airport,Visakhapatnam,IN,17.721200943,83.2245025635,Asia/Kolkata
VOWA,WGC,Warangal Airport,Warrangal,IN,17.9144001007,79.6022033691,Asia/Kolkata
VQBT,BUT,Bathpalathang Airport,Jakar,BT,27.5622,90.7471,Asia/Thimphu
VQGP,GLU,Gelephu Airport,Gelephu,BT,26.884639,90.464165,Asia/Thimphu
VQPR,PBH,Paro Airport,Paro,BT,27.4032001495,89.4245986938,Asia/Thimphu
VRAH,HRF,Hoarafushi Airport,Hoarafushi,MV,6.96918179924556,72.8965012685153,Indian/Maldives
VRBK,HDK,Kulhudhuffushi Airport,Kulhudhuffushi,MV,6.631111,73.066667,Indian/Maldives
VRCF,FND,Funadhoo Airport,Funadhoo,MV,6.161111,73.287222,Indian/Maldives
VRDA,NMF,Maafaru International Airport,Maafaru,MV,5.822222,73.474722,Indian/Maldives
VREI,IFU,Ifuru Airport,Ifuru,MV,5.7083,73.025,Indian/Maldives
VRGD,LMV,Madivaru Airport,Naifaru,MV,5.4574,73.3701,Indian/Maldives
VRMF,FVM,Fuvahmulah Airport,Fuvahmulah Island,MV,-0.3097222222,73.435,Indian/Maldives
VRMG,GAN,Gan International Airport,Gan,MV,-0.6933419704,73.1556015015,Indian/Maldives
VRMH,HAQ,Hanimaadhoo Airport,Haa Dhaalu Atoll,MV,6.7442297935,73.170501709,Indian/Maldives
VRMK,KDO,Kadhdhoo Airport,Kadhdhoo,MV,1.85916996,73.5218963623,Indian/Maldives
VRMM,MLE,Male International Airport,Male,MV,4.1918301582,73.5290985107,Indian/Maldives
VRMO,GKK,Kooddoo Airport,Kooddoo,MV,0.733078,73.434202,Indian/Maldives
VRMT,KDM,Kaadedhdhoo Airport,Huvadhu Atoll,MV,0.4881309867,72.9969024658,Indian/Maldives
VRMU,DDD,Dhaalu Airport,Kudahuvadhoo,MV,2.667222,72.892778,Indian/Maldives
VRMV,VAM,Villa Airport,Maamigili,MV,3.4705555556,72.8358333333,Indian/Maldives
VRNT,TMF,Thimarafushi Airport,Thimarafushi,MV,2.211487,73.153751,Indian/Maldives
VRQM,RUL,Maavaarulaa Airport,Gadhdhoo,MV,0.336667,73.511389,Indian/Maldives
VTBD,DMK,Don Mueang International Airport,Bangkok,TH,13.9125995636,100.6070022583,Asia/Bangkok
VTBK,KDT,Kamphaeng Saen Airport,Nakhon Pathom,TH,14.1020002365,99.9171981812,Asia/Bangkok
VTBL,KKM,Khok Kathiam Airport,Unknown,TH,14.8746004105,100.663002014,Asia/Bangkok
VTBO,TDX,Trat Airport,Unknown,TH,12.274600029,102.319000244,Asia/Bangkok
VTBS,BKK,Suvarnabhumi Airport,Bangkok,TH,13.6810998917,100.7470016479,Asia/Bangkok
VTBU,UTP,U-Tapao International Airport,Rayong,TH,12.6799001694,101.0049972534,Asia/Bangkok
VTCC,CNX,Chiang Mai International Airport,Chiang Mai,TH,18.7667999268,98.962600708,Asia/Bangkok
VTCH,HGN,Mae Hong Son Airport,Unknown,TH,19.3013000488,97.9757995605,Asia/Bangkok
VTCI,PYY,Mae Hong Son Airport,Mae Hong Son,TH,19.3719997406,98.43699646,Asia/Bangkok
VTCL,LPT,Lampang Airport,Unknown,TH,18.2709007263,99.5042037964,Asia/Bangkok
VTCN,NNT,Nan Airport,Unknown,TH,18.8078994751,100.7829971313,Asia/Bangkok
VTCP,PRH,Phrae Airport,Unknown,TH,18.1322002411,100.1650009155,Asia/Bangkok
VTCT,CEI,Chiang Rai International Airport,Chiang Rai,TH,19.952299118,99.8828964233,Asia/Bangkok
VTED,BAO,Udorn Air Base,Ban Mak Khaen,TH,17.3829994202,102.8000030518,Asia/Bangkok
VTPB,PHY,Phetchabun Airport,Unknown,TH,16.6760005951,101.194999695,Asia/Bangkok
VTPH,HHQ,Hua Hin Airport,Hua Hin,TH,12.6361999512,99.951499939,Asia/Bangkok
VTPI,TKH,Takhli Airport,Unknown,TH,15.277299881,100.29599762,Asia/Bangkok
VTPM,MAQ,Mae Sot Airport,Unknown,TH,16.6998996735,98.5450973511,Asia/Bangkok
VTPO,THS,Sukhothai Airport,Unknown,TH,17.2380008698,99.8181991577,Asia/Bangkok
VTPP,PHS,Phitsanulok Airport,Unknown,TH,16.7828998566,100.2789993286,Asia/Bangkok
VTPT,TKT,Tak Airport,Unknown,TH,16.8959999084,99.2533035278,Asia/Bangkok
VTPU,UTR,Uttaradit Airport,Uttaradit,TH,17.6170005798,100.0999984741,Asia/Bangkok
VTSB,URT,Surat Thani Airport,Surat Thani,TH,9.1325998306,99.135597229,Asia/Bangkok
VTSC,NAW,Narathiwat Airport,Unknown,TH,6.5199198723,101.7429962158,Asia/Bangkok
VTSE,CJM,Chumphon Airport,Unknown,TH,10.7111997604,99.3617019653,Asia/Bangkok
VTSF,NST,Nakhon Si Thammarat Airport,Nakhon Si Thammarat,TH,8.5396203995,99.9447021484,Asia/Bangkok
VTSG,KBV,Krabi Airport,Krabi,TH,8.0991201401,98.9861984253,Asia/Bangkok
VTSH,SGZ,Songkhla Airport,Unknown,TH,7.186560154,100.608001709,Asia/Bangkok
VTSK,PAN,Pattani Airport,Unknown,TH,6.7854599953,101.1539993286,Asia/Bangkok
VTSM,USM,Samui Airport,Na Thon (Ko Samui Island),TH,9.5477895737,100.06199646,Asia/Bangkok
VTSP,HKT,Phuket International Airport,Phuket,TH,8.1132001877,98.3169021606,Asia/Bangkok
VTSR,UNN,Ranong Airport,Unknown,TH,9.7776203156,98.5855026245,Asia/Bangkok
VTSS,HDY,Hat Yai International Airport,Hat Yai,TH,6.9332098961,100.392997742,Asia/Bangkok
VTST,TST,Trang Airport,Unknown,TH,7.5087399483,99.6166000366,Asia/Bangkok
VTSY,BTZ,Yala Betong International Airport,Yarom,TH,5.7862881,101.1475228,Asia/Bangkok
VTUD,UTH,Udon Thani Airport,Udon Thani,TH,17.3864002228,102.788002014,Asia/Bangkok
VTUI,SNO,Sakon Nakhon Airport,Unknown,TH,17.1951007843,104.1190032959,Asia/Bangkok
VTUJ,PXR,Surin Airport,Unknown,TH,14.8683004379,103.4980010986,Asia/Bangkok
VTUK,KKC,Khon Kaen Airport,Khon Kaen,TH,16.4666004181,102.783996582,Asia/Bangkok
VTUL,LOE,Loei Airport,Unknown,TH,17.4391002655,101.7220001221,Asia/Bangkok
VTUO,BFV,Buri Ram Airport,Unknown,TH,15.2294998169,103.2529983521,Asia/Bangkok
VTUQ,NAK,Nakhon Ratchasima Airport,Unknown,TH,14.9495000839,102.31300354,Asia/Bangkok
VTUU,UBP,Ubon Ratchathani Airport,Ubon Ratchathani,TH,15.2512998581,104.870002747,Asia/Bangkok
VTUV,ROI,Roi Et Airport,Unknown,TH,16.1168003082,103.7740020752,Asia/Bangkok
VTUW,KOP,Nakhon Phanom Airport,Unknown,TH,17.3838005066,104.6429977417,Asia/Bangkok
VVBM,BMV,Buon Ma Thuot Airport,Buon Ma Thuot,VN,12.668299675,108.120002747,Asia/Ho_Chi_Minh
VVCA,VCL,Chu Lai International Airport,Dung Quat Bay,VN,15.4033002853,108.706001282,Asia/Ho_Chi_Minh
VVCI,HPH,Cat Bi International Airport,Haiphong,VN,20.8194007874,106.7249984741,Asia/Bangkok
VVCM,CAH,Ca Mau Airport,Ca Mau City,VN,9.1776666667,105.177777778,Asia/Ho_Chi_Minh
VVCR,CXR,Cam Ranh Airport,Nha Trang,VN,11.9982004166,109.21900177,Asia/Ho_Chi_Minh
VVCS,VCS,Co Ong Airport,Con Ong,VN,8.7318296433,106.633003235,Asia/Ho_Chi_Minh
VVCT,VCA,Tra Noc Airport,Can Tho,VN,10.085100174,105.7119979858,Asia/Ho_Chi_Minh
VVDB,DIN,Dien Bien Phu Airport,Dien Bien Phu,VN,21.3974990845,103.008003235,Asia/Bangkok
VVDH,VDH,Dong Hoi Airport,Dong Hoi,VN,17.515,106.590556,Asia/Bangkok
VVDL,DLI,Lien Khuong Airport,Dalat,VN,11.75,108.3669967651,Asia/Ho_Chi_Minh
VVDN,DAD,Da Nang International Airport,Da Nang,VN,16.0438995361,108.1989974976,Asia/Ho_Chi_Minh
VVNB,HAN,Noi Bai International Airport,Hanoi,VN,21.221200943,105.8069992065,Asia/Bangkok
VVNS,SQH,Na-San Airport,Son-La,VN,21.216999054,104.0329971313,Asia/Bangkok
VVNT,NHA,Nha Trang Air Base,Nha Trang,VN,12.2274999619,109.192001343,Asia/Ho_Chi_Minh
VVPB,HUI,Phu Bai Airport,Hue,VN,16.4015007019,107.70300293,Asia/Ho_Chi_Minh
VVPC,UIH,Phu Cat Airport,Quy Nohn,VN,13.9549999237,109.041999817,Asia/Ho_Chi_Minh
VVPK,PXU,Pleiku Airport,Pleiku,VN,14.0045003891,108.016998291,Asia/Ho_Chi_Minh
VVPQ,PQC,Phu Quoc Airport,Duong Dong,VN,10.167759,103.995451,Asia/Ho_Chi_Minh
VVPR,PHA,Phan Rang Airport,Phan Rang,VN,11.6335000992,108.952003479,Asia/Ho_Chi_Minh
VVRG,VKG,Rach Gia Airport,Rach Gia,VN,9.9580299723,105.132379532,Asia/Ho_Chi_Minh
VVTH,TBB,Dong Tac Airport,Tuy Hoa,VN,13.0495996475,109.333999634,Asia/Ho_Chi_Minh
VVTS,SGN,Tan Son Nhat International Airport,Ho Chi Minh City,VN,10.8187999725,106.652000427,Asia/Ho_Chi_Minh
VVTX,THD,Thọ Xuân Airport,Thanh Hóa,VN,19.901667,105.467778,Asia/Bangkok
VVVD,VDO,Van Don International Airport,Vân Đồn,VN,21.117778,107.414167,Asia/Bangkok
VVVH,VII,Vinh Airport,Vinh,VN,18.7376003265,105.67099762,Asia/Bangkok
VVVT,VTG,Vung Tau Airport,Vung Tau,VN,10.3725004196,107.0950012207,Asia/Ho_Chi_Minh
VYAN,VBA,Ann Airport,Aeng,MM,19.7691993713,94.0261001587,Asia/Yangon
VYBG,NYU,Bagan Airport,Nyaung U,MM,21.1788005829,94.9301986694,Asia/Yangon
VYBM,BMO,Banmaw Airport,Banmaw,MM,24.2689990997,97.2462005615,Asia/Yangon
VYBP,VBP,Bokpyinn Airport,Bokpyinn,MM,11.2670001984,98.766998291,Asia/Yangon
VYCZ,VBC,Chanmyathazi Airport,Mandalay,MM,21.9405002594,96.0895996094,Asia/Yangon
VYDW,TVY,Dawei Airport,Dawei,MM,14.1038999557,98.2035980225,Asia/Yangon
VYEL,NYT,Naypyidaw Airport,Pyinmana,MM,19.623500824,96.2009963989,Asia/Yangon
VYGG,GAW,Gangaw Airport,Gangaw,MM,22.1746997833,94.1343994141,Asia/Yangon
VYGW,GWA,Gwa Airport,Gwa,MM,17.6000003815,94.5832977295,Asia/Yangon
VYHH,HEH,Heho Airport,Heho,MM,20.7469997406,96.7919998169,Asia/Yangon
VYHL,HOX,Hommalinn Airport,Hommalinn,MM,24.8995990753,94.9140014648,Asia/Yangon
VYHN,TIO,Tilin Airport,Tilin,MM,21.7000007629,94.0999984741,Asia/Yangon
VYKG,KET,Kengtung Airport,Kengtung,MM,21.3015995026,99.6360015869,Asia/Yangon
VYKI,KHM,Kanti Airport,Kanti,MM,25.9883003235,95.6744003296,Asia/Yangon
VYKL,KMV,Kalay Airport,Kalemyo,MM,23.1888008118,94.0511016846,Asia/Yangon
VYKP,KYP,Kyaukpyu Airport,Kyaukpyu,MM,19.426399231,93.5347976685,Asia/Yangon
VYKT,KAW,Kawthoung Airport,Kawthoung,MM,10.0493001938,98.5380020142,Asia/Yangon
VYKU,KYT,Kyauktu Airport,Kyauktu,MM,21.3999996185,94.1333007813,Asia/Yangon
VYLK,LIW,Loikaw Airport,Loikaw,MM,19.6914997101,97.2147979736,Asia/Yangon
VYLS,LSH,Lashio Airport,Lashio,MM,22.9778995514,97.7521972656,Asia/Yangon
VYMD,MDL,Mandalay International Airport,Mandalay,MM,21.7021999359,95.977897644,Asia/Yangon
VYME,MGZ,Myeik Airport,Mkeik,MM,12.4398002625,98.6214981079,Asia/Yangon
VYMK,MYT,Myitkyina Airport,Myitkyina,MM,25.383600235,97.3518981934,Asia/Yangon
VYMM,MNU,Mawlamyine Airport,Mawlamyine,MM,16.4447002411,97.660697937,Asia/Yangon
VYMN,MGU,Manaung Airport,Manaung,MM,18.8458003998,93.6889038086,Asia/Yangon
VYMO,MOE,Momeik Airport,Unknown,MM,23.0925006866,96.6453018188,Asia/Yangon
VYMS,MOG,Mong Hsat Airport,Mong Hsat,MM,20.5167999268,99.2567977905,Asia/Yangon
VYMT,MGK,Mong Tong Airport,Mong Tong,MM,20.2966995239,98.8989028931,Asia/Yangon
VYMW,MWQ,Magway Airport,Magway,MM,20.165599823,94.9413986206,Asia/Yangon
VYMY,NYW,Monywar Airport,Monywar,MM,22.2329998016,95.1169967651,Asia/Yangon
VYNS,NMS,Namsang Airport,Namsang,MM,20.890499115,97.7359008789,Asia/Yangon
VYNT,NMT,Namtu Airport,Namtu,MM,23.0830001831,97.3830032349,Asia/Yangon
VYPA,PAA,Hpa-N Airport,Hpa-N,MM,16.893699646,97.6745986938,Asia/Yangon
VYPK,PAU,Pauk Airport,Pauk,MM,21.4491996765,94.4869003296,Asia/Yangon
VYPN,BSX,Pathein Airport,Pathein,MM,16.8152008057,94.7798995972,Asia/Yangon
VYPP,PPU,Hpapun Airport,Pa Pun,MM,18.0666999817,97.449798584,Asia/Yangon
VYPT,PBU,Putao Airport,Putao,MM,27.3299007416,97.4263000488,Asia/Yangon
VYPU,PKK,Pakhokku Airport,Pakhokku,MM,21.4043,95.11125,Asia/Yangon
VYPY,PRU,Pyay Airport,Pye,MM,18.8244991302,95.2659988403,Asia/Yangon
VYSW,AKY,Sittwe Airport,Sittwe,MM,20.1326999664,92.8725967407,Asia/Yangon
VYTD,SNW,Thandwe Airport,Thandwe,MM,18.4606990814,94.3001022339,Asia/Yangon
VYTL,THL,Tachileik Airport,Tachileik,MM,20.4838008881,99.9354019165,Asia/Yangon
VYYE,XYE,Ye Airport,Ye,MM,15.3000001907,97.8669967651,Asia/Yangon
VYYY,RGN,Yangon International Airport,Yangon,MM,16.9073009491,96.1332015991,Asia/Yangon
WA44,TQQ,Maranggo Airport,Waha-Tomea Island,ID,-5.7645702362,123.9169998169,Asia/Makassar
WAAA,UPG,Hasanuddin International Airport,Ujung Pandang-Celebes Island,ID,-5.0616297722,119.5540008545,Asia/Makassar
WABB,BIK,Frans Kaisiepo Airport,Biak-Supiori Island,ID,-1.1900199652,136.108001709,Asia/Jayapura
WABD,ONI,Moanamani Airport,Moanamani-Papua Island,ID,-3.9834020138,136.0832977295,Asia/Jayapura
WABF,FOO,Kornasoren Airfield,Kornasoren-Numfoor Island,ID,-0.9363250136,134.871994019,Asia/Jayapura
WABG,WET,Wagethe Airport,Wagethe-Papua Island,ID,-4.0442299843,136.2779998779,Asia/Jayapura
WABI,NBX,Nabire Airport,Nabire-Papua Island,ID,-3.3681800365,135.4960021973,Asia/Jayapura
WABL,ILA,Illaga Airport,Illaga-Papua Island,ID,-3.8332800865,137.5829925537,Asia/Jayapura
WABN,KOX,Kokonau Airport,Kokonau-Papua Island,ID,-4.7166671753,136.4333343506,Asia/Jayapura
WABO,ZRI,Serui Airport,Serui-Japen Island,ID,-1.8755799532,136.2409973145,Asia/Jayapura
WABP,TIM,Moses Kilangin Airport,Timika-Papua Island,ID,-4.5282797813,136.8869934082,Asia/Jayapura
WABT,EWI,Enarotali Airport,Enarotali-Papua Island,ID,-3.9258999825,136.3769989014,Asia/Jayapura
WADA,AMI,Selaparang Airport,Mataram-Lombok Island,ID,-8.5607099533,116.095001221,Asia/Makassar
WADB,BMU,Muhammad Salahuddin Airport,Bima-Sumbawa Island,ID,-8.5396499634,118.68699646,Asia/Makassar
WADD,DPS,Ngurah Rai (Bali) International Airport,Denpasar-Bali Island,ID,-8.748169899,115.1669998169,Asia/Makassar
WADL,LOP,Bandara International Lombok Airport,Mataram,ID,-8.757322,116.276675,Asia/Makassar
WADS,SWQ,Sumbawa Besar Airport,Sumbawa Island,ID,-8.4890403748,117.4120025635,Asia/Makassar
WADT,TMC,Tambolaka Airport,Waikabubak-Sumba Island,ID,-9.4097204208,119.2440032959,Asia/Makassar
WADW,WGP,Waingapu Airport,Waingapu-Sumba Island,ID,-9.6692199707,120.302001953,Asia/Makassar
WAHI,YIA,Yogyakarta International Airport,Yogyakarta,ID,-7.907459,110.05448,Asia/Jakarta
WAJA,ARJ,Arso Airport,Arso-Papua Island,ID,-2.9333329201,140.7833404541,Asia/Jayapura
WAJB,BUI,Bokondini Airport,Bokondini-Papua Island,ID,-3.5836451054,138.5334472656,Asia/Jayapura
WAJI,ZRM,Sarmi Airport,Sarmi-Papua Island,ID,-1.8695499897,138.75,Asia/Jayapura
WAJJ,DJJ,Sentani International Airport,Jayapura-Papua Island,ID,-2.5769500732,140.5160064697,Asia/Jayapura
WAJL,LHI,Lereh Airport,Lereh-Papua Island,ID,-3.1278998852,139.9429931641,Asia/Jayapura
WAJM,LII,Mulia Airport,Mulia-Papua Island,ID,-3.7094700336,137.9759979248,Asia/Jayapura
WAJO,OKL,Oksibil Airport,Oksibil-Papua Island,ID,-5.0910601616,140.6100006104,Asia/Jayapura
WAJR,WAR,Waris Airport,Waris-Papua Island,ID,-3.2224299908,140.9790039063,Asia/Jayapura
WAJS,SEH,Senggeh Airport,Senggeh-Papua Island,ID,-3.4333300591,140.8170013428,Asia/Jayapura
WAJU,UBR,Ubrub Airport,Ubrub-Papua Island,ID,-3.666670084,140.8500061035,Asia/Jayapura
WAJW,WMX,Wamena Airport,Wamena-Papua Island,ID,-4.1025099754,138.9570007324,Asia/Jayapura
WAKD,MDP,Mindiptana Airport,Mindiptana-Papua Island,ID,-5.75,140.3670043945,Asia/Jayapura
WAKE,BXD,Bade Airport,Bade-Papua Island,ID,-7.714630127,139.5749969482,Asia/Jayapura
WAKK,MKQ,Mopah Airport,Merauke-Papua Island,ID,-8.5202903748,140.4179992676,Asia/Jayapura
WAKO,OKQ,Okaba Airport,Okaba-Papua Island,ID,-8.0882196426,139.7189941406,Asia/Jayapura
WAKP,KEI,Kepi Airport,Kepi-Papua Island,ID,-6.5943698883,139.3569946289,Asia/Jayapura
WAKT,TMH,Tanah Merah Airport,Tanah Merah-Papua Island,ID,-6.099219799,140.2980041504,Asia/Jayapura
WALG,TJS,Tanjung Harapan Airport,Tanjung Selor-Borneo Island,ID,2.8364100456,117.3740005493,Asia/Makassar
WALJ,DTD,Datadawai Airport,Datadawai-Borneo Island,ID,0.626,116.6006,Asia/Makassar
WALK,BEJ,Barau(Kalimaru) Airport,Tanjung Redep-Borneo Island,ID,2.1554999352,117.431999207,Asia/Makassar
WALL,BPN,Sepinggan International Airport,Balikpapan-Borneo Island,ID,-1.2682700157,116.8939971924,Asia/Makassar
WALR,TRK,Juwata Airport,Tarakan Island,ID,3.3266899586,117.5660018921,Asia/Makassar
WALS,AAP,Aji Pangeran Tumenggung Pranoto International Airport,Samarinda,ID,-0.373611,117.255556,Asia/Makassar
WALT,TSX,Tanjung Santan Airport,Santan-Borneo Island,ID,-0.0929730013,117.4530029297,Asia/Makassar
WALV,BYQ,Bunyu Airport,Bunju Island,ID,3.4557199478,117.866996765,Asia/Makassar
WAMA,GLX,Gamarmalamo Airport,Galela-Celebes Island,ID,1.8383300304,127.7860031128,Asia/Jayapura
WAMG,GTO,Jalaluddin Airport,Gorontalo-Celebes Island,ID,0.6371189952,122.8499984741,Asia/Makassar
WAMH,NAH,Naha Airport,Tahuna-Sangihe Island,ID,3.6832098961,125.5279998779,Asia/Makassar
WAMI,TLI,Toli Toli Airport,Toli Toli-Celebes Island,ID,-1.0297700167,120.8170013428,Asia/Makassar
WAMJ,GEB,Gebe Airport,Gebe Island,ID,-0.0788889974,129.4579925537,Asia/Jayapura
WAMK,KAZ,Kao Airport,Kao-Celebes Island,ID,1.1852799654,127.8960037231,Asia/Jayapura
WAML,PLW,Mutiara Airport,Palu-Celebes Island,ID,-0.9185420275,119.9100036621,Asia/Makassar
WAMM,MDC,Sam Ratulangi Airport,Manado-Celebes Island,ID,1.5492600203,124.9260025024,Asia/Makassar
WAMN,MNA,Melangguane Airport,Karakelong Island,ID,4.006939888,126.672996521,Asia/Makassar
WAMP,PSJ,Kasiguncu Airport,Poso-Celebes Island,ID,-1.4167499542,120.657997131,Asia/Makassar
WAMR,OTI,Pitu Airport,Gotalalamo-Morotai Island,ID,2.0459899902,128.324996948,Asia/Jayapura
WAMT,TTE,Sultan Khairun Babullah Airport,Sango-Ternate Island,ID,0.8314139843,127.3809967041,Asia/Jayapura
WAMW,LUW,Bubung Airport,Luwok-Celebes Island,ID,-1.0389200449,122.7720031738,Asia/Makassar
WAMY,UOL,Buol Airport,Buol-Celebes Island,ID,1.1590499878,121.4280014038,Asia/Makassar
WAOC,BTW,Batu Licin Airport,Batu Licin-Borneo Island,ID,-3.4124100208,115.995002747,Asia/Makassar
WAOI,PKN,Iskandar Airport,Pangkalanbun-Borneo Island,ID,-2.7051999569,111.672996521,Asia/Pontianak
WAOK,KBU,Stagen Airport,Laut Island,ID,-3.2947199345,116.1650009155,Asia/Makassar
WAON,TJG,Warukin Airport,Tanta-Tabalong-Borneo Island,ID,-2.2165598869,115.435997009,Asia/Makassar
WAOO,BDJ,Syamsudin Noor Airport,Banjarmasin-Borneo Island,ID,-3.4423599243,114.7630004883,Asia/Makassar
WAOP,PKY,Tjilik Riwut Airport,Palangkaraya-Kalimantan Tengah,ID,-2.2251300812,113.9430007935,Asia/Pontianak
WAOS,SMQ,Sampit(Hasan) Airport,Sampit-Borneo Island,ID,-2.4991900921,112.9749984741,Asia/Pontianak
WAPA,AHI,Amahai Airport,Amahai-Seram Island,ID,-3.3480000496,128.925994873,Asia/Jayapura
WAPC,NDA,Banda Airport Kepulauan,Banda Island,ID,5.1166701317,97.1166992188,Asia/Jakarta
WAPD,DOB,Dobo Airport,Dobo-Kobror Island,ID,-5.7722201347,134.2120056152,Asia/Jayapura
WAPE,MAL,Mangole Airport Falabisahaya,Mangole Island,ID,-1.87579,125.8300018311,Asia/Jayapura
WAPG,NRE,Namrole Airport,Namrole-Buru Island,ID,-3.8208100796,126.7180023193,Asia/Jayapura
WAPH,LAH,Oesman Sadik Airport Labuha,Labuha-Halmahera Island,ID,-0.6352589726,127.5019989014,Asia/Jayapura
WAPI,SXK,Saumlaki Airport,Saumlaki-Yamdena Island,ID,-7.9886097908,131.3059997559,Asia/Jayapura
WAPK,BJK,Nangasuri Airport,Maikoor Island,ID,-6.0661997795,134.2740020752,Asia/Jayapura
WAPL,LUV,Dumatumbun Airport,Langgur-Seram Island,ID,-5.6616201401,132.7310028076,Asia/Jayapura
WAPN,SQN,Emalamo Sanana Airport,Sanana-Seram Island,ID,-2.080509901,125.9670028687,Asia/Jayapura
WAPP,AMQ,Pattimura Airport Ambon,Ambon,ID,-3.7102599144,128.0890045166,Asia/Jayapura
WAPR,NAM,Namlea Airport,Namlea-Buru Island,ID,-3.2355699539,127.0999984741,Asia/Jayapura
WAPT,TAX,Taliabu Island Airport,Tikong-Taliabu Island,ID,-1.642629981,124.5589981079,Asia/Jayapura
WAPV,WBA,WahaiSeram Island,Seram Island,ID,-2.8141698837,129.4819946289,Asia/Jayapura
WAQC,RTU,Maratua Airport,Maratua Island,ID,2.1975,118.599167,Asia/Makassar
WARA,MLG,Abdul Rachman Saleh Airport,Malang-Java Island,ID,-7.9265599251,112.714996338,Asia/Jakarta
WARC,CPF,Cepu Airport,Tjepu-Java Island,ID,-7.1948416667,111.548166667,Asia/Jakarta
WARJ,JOG,Adi Sutjipto International Airport,Yogyakarta-Java Island,ID,-7.7881798744,110.4319992065,Asia/Jakarta
WARQ,SOC,Adi Sumarmo Wiryokusumo Airport,Sukarata(Solo)-Java Island,ID,-7.5160899162,110.7570037842,Asia/Jakarta
WARR,SUB,Juanda International Airport,Surabaya,ID,-7.3798298836,112.7870025635,Asia/Jakarta
WARS,SRG,Achmad Yani Airport,Semarang-Java Island,ID,-6.9727301598,110.375,Asia/Jakarta
WART,SUP,Trunojoyo Airport,Sumenep-Madura Island,ID,-7.02425,113.890205556,Asia/Jakarta
WASB,NTI,Stenkol Airport,Bintuni-Papua Island,ID,-2.1041600704,133.5220031738,Asia/Jayapura
WASC,RSK,Abresso Airport,Ransiki-Papua Island,ID,-1.5084500313,134.18699646,Asia/Jayapura
WASE,KEQ,Kebar Airport,Kebar-Papua Island,ID,-0.6371009946,133.1280059814,Asia/Jayapura
WASF,FKQ,Fakfak Airport,Fakfak-Papua Island,ID,-2.9201900959,132.266998291,Asia/Jayapura
WASI,INX,Inanwatan Airport,Inanwatan Airport-Papua Island,ID,-2.1280999184,132.1609954834,Asia/Jayapura
WASK,KNG,Kaimana Airport,Kaimana-Papua Island,ID,-3.6445200443,133.6959991455,Asia/Jayapura
WASM,RDE,Merdei Airport,Merdei-Papua Island,ID,-1.5833300352,133.3329925537,Asia/Jayapura
WASO,BXB,Babo Airport,Babo-Papua Island,ID,-2.5322399139,133.4389953613,Asia/Jayapura
WASR,MKW,Rendani Airport,Manokwari-Papua Island,ID,-0.8918330073,134.0489959717,Asia/Jayapura
WASS,SOQ,Sorong (Jefman) Airport,Sorong-Papua Island,ID,-0.9263579845,131.1210021973,Asia/Jayapura
WAST,TXM,Teminabuan Airport,Atinjoe-Papua Island,ID,-1.4447200298,132.0209960938,Asia/Jayapura
WASW,WSR,Wasior Airport,Wasior-Papua Island,ID,-2.7335898876,134.5180053711,Asia/Jayapura
WATB,BJW,Bajawa Soa Airport,Bajawa,ID,-8.7074349801,121.057426929,Asia/Makassar
WATC,MOF,Maumere(Wai Oti) Airport,Maumere-Flores Island,ID,-8.6406497955,122.236999512,Asia/Makassar
WATE,ENE,Ende (H Hasan Aroeboesman) Airport,Ende-Flores Island,ID,-8.8492898941,121.661003113,Asia/Makassar
WATG,RTG,Satar Tacik Airport,Satar Tacik-Flores Island,ID,-8.5970096588,120.4769973755,Asia/Makassar
WATM,ARD,Mali Airport,Alor Island,ID,-8.1323404312,124.5970001221,Asia/Makassar
WATO,LBJ,Komodo (Mutiara II) Airport,Labuan Bajo-Flores Island,ID,-8.4866600037,119.888999939,Asia/Makassar
WATT,KOE,El Tari Airport,Kupang-Timor Island,ID,-10.1716003418,123.6709976196,Asia/Makassar
WAWB,BUW,Betoambari Airport,Bau Bau-Butung Island,ID,-5.4868798256,122.5690002441,Asia/Makassar
WAWJ,MJU,Tampa Padang Airport,Mamuju-Celebes Island,ID,-2.583333,119.033333,Asia/Makassar
WAWM,MXB,Andi Jemma Airport,Masamba-Celebes Island,ID,-2.5580399036,120.3239974976,Asia/Makassar
WAWP,KXB,Sangia Nibandera Airport,Kolaka,ID,-4.341217,121.523983,Asia/Makassar
WAWS,SQR,Soroako Airport,Soroako-Celebes Island,ID,-2.5311999321,121.358001709,Asia/Makassar
WAWT,TTR,Pongtiku Airport,Tanah Toraja-Celebes Island,ID,-3.0447399616,119.8219985962,Asia/Makassar
WAWW,KDI,Wolter Monginsidi Airport,Kendari-Celebes Island,ID,-4.0816102028,122.4179992676,Asia/Makassar
WBGB,BTU,Bintulu Airport,Bintulu,MY,3.1238501072,113.019996643,Asia/Kuching
WBGC,BLG,Belaga Airport,Belaga,MY,2.6500000954,113.766998291,Asia/Kuching
WBGD,LSM,Long Semado Airport,Long Semado,MY,4.2170000076,115.599998474,Asia/Kuching
WBGF,LGL,Long Lellang Airport,Long Datih,MY,3.4210000038,115.1539993286,Asia/Kuching
WBGG,KCH,Kuching International Airport,Kuching,MY,1.4846999645,110.3470001221,Asia/Kuching
WBGI,ODN,Long Seridan Airport,Long Seridan,MY,3.9670000076,115.0500030518,Asia/Kuching
WBGJ,LMN,Limbang Airport,Limbang,MY,4.8083000183,115.0100021362,Asia/Brunei
WBGK,MKM,Mukah Airport,Mukah,MY,2.9063899517,112.0800018311,Asia/Kuching
WBGL,LKH,Long Akah Airport,Long Akah,MY,3.2999999523,114.7829971313,Asia/Kuching
WBGM,MUR,Marudi Airport,Marudi,MY,4.1789798737,114.3290023804,Asia/Kuching
WBGN,BSE,Sematan Airport,Sematan,MY,1.8136099577,109.7630004883,Asia/Kuching
WBGP,KPI,Kapit Airport,Kapit,MY,2.0169999599,112.9499969482,Asia/Kuching
WBGQ,BKM,Bakalalan Airport,Bakalalan,MY,3.9739999771,115.6179962158,Asia/Kuching
WBGR,MYY,Miri Airport,Miri,MY,4.3220100403,113.9869995117,Asia/Kuching
WBGS,SBW,Sibu Airport,Sibu,MY,2.2616000175,111.9850006104,Asia/Kuching
WBGT,TGC,Tanjung Manis Airport,Tanjung Manis,MY,2.1778399944,111.202003479,Asia/Kuching
WBGU,LSU,Long Sukang Airport,Long Sukang,MY,4.5522198677,115.4940032959,Asia/Kuching
WBGW,LWY,Lawas Airport,Lawas,MY,4.849170208,115.4079971313,Asia/Kuching
WBGY,SGG,Simanggang Airport,Simanggang,MY,1.2170000076,111.4499969482,Asia/Kuching
WBGZ,BBN,Bario Airport,Bario,MY,3.7338900566,115.4789962769,Asia/Kuching
WBKA,SMM,Semporna Airport,Semporna,MY,4.4499998093,118.5830001831,Asia/Kuching
WBKD,LDU,Lahad Datu Airport,Lahad Datu,MY,5.0322499275,118.3239974976,Asia/Kuching
WBKE,TEL,Telupid Airport,Telupid,MY,5.6286101341,117.1259994507,Asia/Kuching
WBKG,KGU,Keningau Airport,Keningau,MY,5.3574900627,116.1620025635,Asia/Kuching
WBKH,SXS,Sahabat [Sahabat 16] Airport,Sahabat,MY,5.0877799988,119.09400177,Asia/Kuching
WBKK,BKI,Kota Kinabalu International Airport,Kota Kinabalu,MY,5.937210083,116.0510025024,Asia/Kuching
WBKL,LBU,Labuan Airport,Labuan,MY,5.3006801605,115.25,Asia/Kuching
WBKM,TMG,Tomanggong Airport,Tomanggong,MY,5.4000000954,118.6500015259,Asia/Kuching
WBKN,GSA,Long Pasia Airport,Long Miau,MY,4.4000000954,115.7170028687,Asia/Kuching
WBKO,SPE,Sepulot Airport,Sepulot,MY,4.7329998016,116.4670028687,Asia/Kuching
WBKP,PAY,Pamol Airport,Pamol,MY,5.9993000031,117.3999176025,Asia/Kuching
WBKR,RNU,Ranau Airport,Ranau,MY,5.9499998093,116.6669998169,Asia/Kuching
WBKS,SDK,Sandakan Airport,Sandakan,MY,5.9008998871,118.0589981079,Asia/Kuching
WBKT,KUD,Kudat Airport,Kudat,MY,6.9225001335,116.8359985352,Asia/Kuching
WBKW,TWU,Tawau Airport,Tawau,MY,4.3201599121,118.1279983521,Asia/Kuching
WBMU,MZV,Mulu Airport,Mulu,MY,4.0483298302,114.8050003052,Asia/Kuching
WBSB,BWN,Brunei International Airport,Bandar Seri Begawan,BN,4.9442000389,114.9280014038,Asia/Brunei
WIAG,AKQ,Menggala Airport,Menggala-Sumatra Island,ID,-4.4894399643,105.2170028687,Asia/Jakarta
WIBB,PKU,Sultan Syarif Kasim Ii (Simpang Tiga) Airport,Pekanbaru-Sumatra Island,ID,0.4607860148,101.4449996948,Asia/Jakarta
WIBD,DUM,Pinang Kampai Airport,Dumai-Sumatra Island,ID,1.6091899872,101.4339981079,Asia/Jakarta
WIBR,RKO,Rokot Airport,Sipora Island,ID,-2.0991199017,99.7006988525,Asia/Jakarta
WIBS,SEQ,Sungai Pakning Bengkalis Airport,Bengkalis-Sumatra Island,ID,1.3700000048,102.1399993896,Asia/Jakarta
WIBT,TJB,Tanjung Balai Airport,Karinmunbesar Island,ID,1.0499999523,103.3830032349,Asia/Jakarta
WICA,KJT,Majalengka Kertajati International Airport,Kertajati,ID,-6.647686335455713,108.16580263864314,Asia/Jakarta
WICC,BDO,Husein Sastranegara International Airport,Bandung-Java Island,ID,-6.9006299973,107.5759963989,Asia/Jakarta
WICD,CBN,Penggung Airport,Cirebon-Java Island,ID,-6.7561402321,108.540000916,Asia/Jakarta
WICM,TSY,Cibeureum Airport,Tasikmalaya-Java Island,ID,-7.3466000557,108.246002197,Asia/Jakarta
WICT,TKG,Radin Inten II (Branti) Airport,Bandar Lampung-Sumatra Island,ID,-5.240556,105.175556,Asia/Jakarta
WIDD,BTH,Hang Nadim Airport,Batam Island,ID,1.121029973,104.1190032959,Asia/Jakarta
WIDE,PPR,Pasir Pangaraan Airport,Pasir Pengarayan-Sumatra Island,ID,0.8454310298,100.3700027466,Asia/Jakarta
WIDN,TNJ,Kijang Airport,Tanjung Pinang-Bintan Island,ID,0.9226830006,104.531997681,Asia/Jakarta
WIDS,SIQ,Dabo Airport,Pasirkuning-Singkep Island,ID,-0.4791890085,104.5790023804,Asia/Jakarta
WIEE,PDG,Minangkabau Airport,Ketaping/Padang-Sumatra Island,ID,-0.7869169712,100.28099823,Asia/Jakarta
WIHH,HLP,Halim Perdanakusuma International Airport,Jakarta,ID,-6.2666101456,106.8909988403,Asia/Jakarta
WIHL,CXP,Tunggul Wulung Airport,Cilacap-Java Island,ID,-7.6450600624,109.033996582,Asia/Jakarta
WIHP,PCB,Pondok Cabe Air Base,Jakarta,ID,-6.3369598389,106.7649993896,Asia/Jakarta
WIIG,PPJ,Pulau Panjang Airport,Tjipara-Java Island,ID,-5.644444,106.5625,Asia/Jakarta
WIII,CGK,Soekarno-Hatta International Airport,Jakarta,ID,-6.1255698204,106.65599823,Asia/Jakarta
WIJI,KRC,Depati Parbo Airport,Sungai Penuh,ID,-2.091111,101.462778,Asia/Jakarta
WIMB,GNS,Binaka Airport,Gunung Sitoli-Nias Island,ID,1.1663800478,97.7046966553,Asia/Jakarta
WIME,AEG,Aek Godang Airport,Padang Sidempuan,ID,1.400103,99.430453,Asia/Jakarta
WIMK,MES,Soewondo Air Force Base,Medan,ID,3.559167,98.671111,Asia/Jakarta
WIMM,KNO,Polonia International Airport,Medan-Sumatra Island,ID,3.637847,98.870566,Asia/Jakarta
WIMN,DTB,Sisingamangaraja XII International Airport,Siborong-Borong,ID,2.259722,98.995278,Asia/Jakarta
WIMP,SIW,Parapat Airport,Parapat-Sumatra Island,ID,2.6666669846,98.9333343506,Asia/Jakarta
WIMS,FLZ,Dr Ferdinand Lumban Tobing Airport,Sibolga-Sumatra Island,ID,1.555940032,98.8889007568,Asia/Jakarta
WIOD,TJQ,Buluh Tumbang (H A S Hanandjoeddin) Airport,Tanjung Pandan-Belitung Island,ID,-2.7457199097,107.754997253,Asia/Jakarta
WIOG,NPO,Nanga Pinoh I Airport,Nanga Pinoh-Borneo Island,ID,-0.3488689959,111.7480010986,Asia/Pontianak
WIOK,KTG,Ketapang(Rahadi Usman) Airport,Ketapang-Borneo Island,ID,-1.8166400194,109.9629974365,Asia/Pontianak
WIOM,MWK,Tarempa Airport,Matak Island,ID,3.3481199741,106.2580032349,Asia/Jakarta
WION,NTX,Ranai Airport,Ranai-Natuna Besar Island,ID,3.9087100029,108.3880004883,Asia/Jakarta
WIOO,PNK,Supadio Airport,Pontianak-Borneo Island,ID,-0.150711,109.4039993286,Asia/Pontianak
WIOP,PSU,Pangsuma Airport,Putussibau-Borneo Island,ID,0.8355780244,112.93699646,Asia/Pontianak
WIOS,SQG,Sintang(Susilo) Airport,Sintang-Borneo Island,ID,0.0636190027,111.4729995728,Asia/Pontianak
WIPA,DJB,Sultan Thaha Airport,Jambi-Sumatra Island,ID,-1.6380200386,103.6439971924,Asia/Jakarta
WIPK,PGK,Pangkal Pinang (Depati Amir) Airport,Pangkal Pinang-Palaubangka Island,ID,-2.1621999741,106.138999939,Asia/Jakarta
WIPL,BKS,Padang Kemiling (Fatmawati Soekarno) Airport,Bengkulu-Sumatra Island,ID,-3.863699913,102.3389968872,Asia/Jakarta
WIPP,PLM,Sultan Mahmud Badaruddin Ii Airport,Palembang-Sumatra Island,ID,-2.898250103,104.6999969482,Asia/Jakarta
WIPQ,PDO,Pendopo Airport,Talang Gudang-Sumatra Island,ID,-3.2860701084,103.8799972534,Asia/Jakarta
WIPR,RGT,Japura Airport,Rengat-Sumatra Island,ID,-0.3528079987,102.3349990845,Asia/Jakarta
WIPU,MPC,Muko Muko Airport,Muko Muko-Sumatra Island,ID,-2.5418601036,101.0879974365,Asia/Jakarta
WIPV,KLQ,Keluang Airport,Keluang-Sumatra Island,ID,-2.623529911,103.9550018311,Asia/Jakarta
WITA,TPK,Teuku Cut Ali Airport,Tapak Tuan-Sumatra Island,ID,3.263420105,97.1837997437,Asia/Jakarta
WITC,MEQ,Seunagan Airport,Peureumeue-Sumatra Island,ID,4.25,96.2170028687,Asia/Jakarta
WITL,LSX,Lhok Sukon Airport,Lhok Sukon-Sumatra Island,ID,5.0695099831,97.2592010498,Asia/Jakarta
WITM,LSW,Malikus Saleh Airport,Lhok Seumawe-Sumatra Island,ID,5.2266798019,96.950302124,Asia/Jakarta
WITN,SBG,Maimun Saleh Airport,Sabang-We Island,ID,5.8741297722,95.3396987915,Asia/Jakarta
WITT,BTJ,Sultan Iskandarmuda Airport,Banda Aceh-Sumatra Island,ID,5.5235199928,95.4204025269,Asia/Jakarta
WMAN,SXT,Sungai Tiang Airport,Taman Negara,MY,4.3302779198,102.3949966431,Asia/Kuala_Lumpur
WMAU,MEP,Mersing Airport,Mersing,MY,2.382999897,103.8669967651,Asia/Kuala_Lumpur
WMBA,SWY,Sitiawan Airport,Sitiawan,MY,4.2163882256,100.6986083984,Asia/Kuala_Lumpur
WMBI,TPG,Taiping (Tekah) Airport,Taiping,MY,4.867000103,100.7170028687,Asia/Kuala_Lumpur
WMBT,TOD,Pulau Tioman Airport,Pulau Tioman,MY,2.8181800842,104.1600036621,Asia/Kuala_Lumpur
WMKA,AOR,Sultan Abdul Halim Airport,Alor Satar,MY,6.1896700859,100.3980026245,Asia/Kuala_Lumpur
WMKB,BWH,Butterworth Airport,Butterworth,MY,5.4659199715,100.3909988403,Asia/Kuala_Lumpur
WMKC,KBR,Sultan Ismail Petra Airport,Kota Baharu,MY,6.16685009,102.2929992676,Asia/Kuala_Lumpur
WMKD,KUA,Kuantan Airport,Kuantan,MY,3.7753899097,103.2089996338,Asia/Kuala_Lumpur
WMKE,KTE,Kerteh Airport,Kerteh,MY,4.5372200012,103.4270019531,Asia/Kuala_Lumpur
WMKI,IPH,Sultan Azlan Shah Airport,Ipoh,MY,4.567969799,101.0920028687,Asia/Kuala_Lumpur
WMKJ,JHB,Senai International Airport,Senai,MY,1.6413099766,103.6699981689,Asia/Kuala_Lumpur
WMKK,KUL,Kuala Lumpur International Airport,Kuala Lumpur,MY,2.745579958,101.7099990845,Asia/Kuala_Lumpur
WMKL,LGK,Langkawi International Airport,Langkawi,MY,6.3297300339,99.7286987305,Asia/Kuala_Lumpur
WMKM,MKZ,Malacca Airport,Malacca,MY,2.2633600235,102.251998901,Asia/Kuala_Lumpur
WMKN,TGG,Sultan Mahmud Airport,Kuala Terengganu,MY,5.3826398849,103.1029968262,Asia/Kuala_Lumpur
WMKP,PEN,Penang International Airport,Penang,MY,5.2971401215,100.2770004272,Asia/Kuala_Lumpur
WMPA,PKG,Pulau Pangkor Airport,Pangkor Island,MY,4.2447199821,100.5530014038,Asia/Kuala_Lumpur
WMPR,RDN,LTS Pulau Redang Airport,Redang,MY,5.7652797699,103.0070037842,Asia/Kuala_Lumpur
WMSA,SZB,Sultan Abdul Aziz Shah International Airport,Subang,MY,3.1305799484,101.5490036011,Asia/Kuala_Lumpur
WN07,DTR,Decatur Shores Airport,Decatur,US,48.4998016357,-122.814002991,America/Los_Angeles
WPAT,AUT,Atauro Airport,Atauro,TL,-8.2105197906,125.6159973145,Asia/Dili
WPDB,UAI,Suai Airport,Suai,TL,-9.3033103943,125.2870025635,Asia/Dili
WPDL,DIL,Presidente Nicolau Lobato International Airport,Dili,TL,-8.5464000702,125.526000977,Asia/Dili
WPEC,BCH,Cakung Airport,Baucau,TL,-8.4890298843,126.401000977,Asia/Dili
WPMN,MPT,Maliana Airport,Maliana,TL,-8.972240448,125.2149963379,Asia/Dili
WPOC,OEC,Oecussi Airport,Oecussi-Ambeno,TL,-9.1980600357,124.3430023193,Asia/Dili
WPVQ,VIQ,Viqueque Airport,Viqueque,TL,-8.8837995529,126.3730010986,Asia/Dili
WRKA,ABU,Haliwen Airport,Atambua-Timor Island,ID,-9.0730495453,124.9049987793,Asia/Makassar
WRKL,LKA,Gewayentana Airport,Larantuka-Flores Island,ID,-8.3466596603,122.9810028076,Asia/Makassar
WRKS,SAU,Sawu Airport,Sawu-Sawu Island,ID,-10.483300209,121.9000015259,Asia/Makassar
WRLA,SGQ,Sanggata Airport,Sanggata-Timor Island,ID,0.5,117.3333587646,Asia/Makassar
WRLB,LBW,Long Bawan Airport,Long Bawan-Borneo Island,ID,3.867000103,115.6829986572,Asia/Makassar
WRLC,BXT,Bontang Airport,Bontang-Borneo Island,ID,0.1196909994,117.474998474,Asia/Makassar
WRLF,NNX,Nunukan Airport,Nunukan-Nunukan Island,ID,4.1365299225,117.6669998169,Asia/Kuching
WRLH,TNB,Tanah Grogot Airport,Tanah Grogot-Borneo Island,ID,-1.910130024,116.202003479,Asia/Makassar
WRLP,LPU,Long Apung Airport,Long Apung-Borneo Island,ID,1.704486,114.970297,Asia/Makassar
WSAP,QPG,Paya Lebar Air Base,Unknown,SG,1.3604199886,103.9100036621,Asia/Singapore
WSAT,TGA,Tengah Air Base,Unknown,SG,1.3872599602,103.7089996338,Asia/Singapore
WSSL,XSP,Seletar Airport,Seletar,SG,1.4169499874,103.8679962158,Asia/Kuala_Lumpur
WSSS,SIN,Singapore Changi International Airport,Singapore,SG,1.3501900434,103.9940032959,Asia/Singapore
XBRO,SKL,Skye Bridge Ashaig Airport,Broadford,GB,57.2533988953,-5.8278999329,Europe/London
YABA,ALH,Albany Airport,Albany,AU,-34.9432983398,117.8089981079,Australia/Perth
YABI,ABG,Abingdon Downs Airport,Unknown,AU,-17.6166992188,143.167007446,Australia/Brisbane
YADS,AWN,Alton Downs Airport,Unknown,AU,-26.5333003998,139.266998291,Australia/Adelaide
YAGD,AUD,Augustus Downs Airport,Unknown,AU,-18.5149993896,139.8780059814,Australia/Brisbane
YALA,MRP,Marla Airport,Unknown,AU,-27.3332996368,133.6269989014,Australia/Adelaide
YALX,AXL,Alexandria Homestead Airport,Unknown,AU,-19.0601997375,136.7100067139,Australia/Darwin
YAMC,AXC,Aramac Airport,Unknown,AU,-22.9666996002,145.2420043945,Australia/Brisbane
YAMK,ADO,Andamooka Airport,Unknown,AU,-30.4382991791,137.1369934082,Australia/Adelaide
YAMM,AMX,Ammaroo Airport,Unknown,AU,-21.7383003235,135.2420043945,Australia/Darwin
YAMT,AMT,Amata Airport,Unknown,AU,-26.1082992554,131.2070007324,Australia/Adelaide
YANG,WLP,West Angelas Airport,Unknown,AU,-23.1355555556,118.706975,Australia/Perth
YANL,AYL,Anthony Lagoon Airport,Unknown,AU,-18.018079031,135.535068512,Australia/Darwin
YAPH,ABH,Alpha Airport,Unknown,AU,-23.6460990906,146.5839996338,Australia/Brisbane
YARA,ARY,Ararat Airport,Unknown,AU,-37.3093986511,142.9889984131,Australia/Melbourne
YARG,GYL,Argyle Airport,Unknown,AU,-16.6368999481,128.4510040283,Australia/Perth
YARM,ARM,Armidale Airport,Armidale,AU,-30.5280990601,151.617004395,Australia/Sydney
YARY,AAB,Arrabury Airport,Unknown,AU,-26.7000007629,141.0500030518,Australia/Brisbane
YAUR,AUU,Aurukun Airport,Unknown,AU,-13.3538999557,141.720993042,Australia/Brisbane
YAUS,AWP,Austral Downs Airport,Unknown,AU,-20.5,137.75,Australia/Darwin
YAUV,AVG,Auvergne Airport,Unknown,AU,-15.6999998093,130,Australia/Darwin
YAYE,AYQ,Ayers Rock Connellan Airport,Ayers Rock,AU,-25.1861000061,130.9759979248,Australia/Darwin
YAYR,AYR,Ayr Airport,Unknown,AU,-19.584400177,147.328994751,Australia/Brisbane
YBAM,ABM,Bamaga Injinoo Airport,Unknown,AU,-10.950799942,142.4589996338,Australia/Brisbane
YBAR,BCI,Barcaldine Airport,Barcaldine,AU,-23.5652999878,145.307006836,Australia/Brisbane
YBAS,ASP,Alice Springs Airport,Alice Springs,AU,-23.8066997528,133.9019927979,Australia/Darwin
YBAU,BDD,Badu Island Airport,Unknown,AU,-10.1499996185,142.1734,Australia/Brisbane
YBAW,BKP,Barkly Downs Airport,Unknown,AU,-20.4958333333,138.474722222,Australia/Brisbane
YBBE,BBE,Big Bell Airport,Big Bell,AU,-27.3285999298,117.672996521,Australia/Perth
YBBN,BNE,Brisbane International Airport,Brisbane,AU,-27.3841991425,153.1170043945,Australia/Brisbane
YBCG,OOL,Gold Coast Airport,Gold Coast,AU,-28.1644001007,153.505004883,Australia/Brisbane
YBCK,BKQ,Blackall Airport,Blackall,AU,-24.4277992249,145.429000854,Australia/Brisbane
YBCS,CNS,Cairns International Airport,Cairns,AU,-16.885799408,145.755004883,Australia/Brisbane
YBCV,CTL,Charleville Airport,Charleville,AU,-26.4132995605,146.261993408,Australia/Brisbane
YBDF,BDW,Bedford Downs Airport,Unknown,AU,-17.286699295,127.462997437,Australia/Perth
YBDG,BXG,Bendigo Airport,Unknown,AU,-36.7393989563,144.330001831,Australia/Melbourne
YBDV,BVI,Birdsville Airport,Unknown,AU,-25.8974990845,139.3480072021,Australia/Brisbane
YBEB,BXF,Pumululu National Park,Bellburn,AU,-17.545,128.305,Australia/Perth
YBEO,BTX,Betoota Airport,Unknown,AU,-25.6417007446,140.7830047607,Australia/Brisbane
YBGD,OCM,Boolgeeda Airport,Unknown,AU,-22.54,117.275,Australia/Perth
YBGO,BQW,Balgo Hill Airport,Unknown,AU,-20.1483001709,127.9729995728,Australia/Perth
YBHI,BHQ,Broken Hill Airport,Broken Hill,AU,-32.0013999939,141.472000122,Australia/Broken_Hill
YBHM,HTI,Hamilton Island Airport,Hamilton Island,AU,-20.3581008911,148.95199585,Australia/Lindeman
YBIE,BEU,Bedourie Airport,Unknown,AU,-24.3460998535,139.4600067139,Australia/Brisbane
YBIL,BIW,Billiluna Airport,Unknown,AU,-19.5666999817,127.666999817,Australia/Perth
YBIZ,BZP,Bizant Airport,Lakefield National Park,AU,-14.7402777778,144.119444444,Australia/Brisbane
YBKE,BRK,Bourke Airport,Unknown,AU,-30.0391998291,145.9519958496,Australia/Sydney
YBKT,BUC,Burketown Airport,Unknown,AU,-17.7486000061,139.533996582,Australia/Brisbane
YBLA,BLN,Benalla Airport,Unknown,AU,-36.5518989563,146.0070037842,Australia/Melbourne
YBLC,LCN,Balcanoona Airport,Unknown,AU,-30.5349998474,139.3370056152,Australia/Adelaide
YBLL,BLS,Bollon Airport,Unknown,AU,-28.0583000183,147.483001709,Australia/Brisbane
YBLN,BQB,Busselton Regional Airport,Busselton,AU,-33.6884231567,115.401596069,Australia/Perth
YBMA,ISA,Mount Isa Airport,Mount Isa,AU,-20.6639003754,139.488998413,Australia/Brisbane
YBMC,MCY,Sunshine Coast Airport,Maroochydore,AU,-26.6033000946,153.091003418,Australia/Brisbane
YBMK,MKY,Mackay Airport,Mackay,AU,-21.1716995239,149.179992676,Australia/Brisbane
YBNA,BNK,Ballina Byron Gateway Airport,Ballina,AU,-28.8339004517,153.56199646,Australia/Sydney
YBNS,BSJ,Bairnsdale Airport,Unknown,AU,-37.8875007629,147.5679931641,Australia/Melbourne
YBOI,GIC,Boigu Airport,Unknown,AU,-9.2327804565,142.218002319,Australia/Brisbane
YBOK,OKY,Oakey Airport,Unknown,AU,-27.4113998413,151.7350006104,Australia/Brisbane
YBOU,BQL,Boulia Airport,Unknown,AU,-22.9132995605,139.8999938965,Australia/Brisbane
YBPI,BMP,Brampton Island Airport,Unknown,AU,-20.8033008575,149.2700042725,Australia/Brisbane
YBPN,PPP,Proserpine Whitsunday Coast Airport,Proserpine,AU,-20.4950008392,148.552001953,Australia/Brisbane
YBRK,ROK,Rockhampton Airport,Rockhampton,AU,-23.3819007874,150.475006104,Australia/Brisbane
YBRL,BOX,Borroloola Airport,Unknown,AU,-16.0753002167,136.3020019531,Australia/Darwin
YBRM,BME,Broome International Airport,Broome,AU,-17.9447002411,122.2320022583,Australia/Perth
YBRN,BZD,Balranald Airport,Unknown,AU,-34.6236000061,143.5780029297,Australia/Sydney
YBRU,BTD,Brunette Downs Airport,Unknown,AU,-18.6399993896,135.93800354,Australia/Darwin
YBRW,BWQ,Brewarrina Airport,Unknown,AU,-29.9738998413,146.8170013428,Australia/Sydney
YBRY,BYP,Barimunya Airport,Unknown,AU,-22.6739006042,119.1660003662,Australia/Perth
YBTH,BHS,Bathurst Airport,Bathurst,AU,-33.4094009399,149.651992798,Australia/Sydney
YBTI,BRT,Bathurst Island Airport,Unknown,AU,-11.769200325,130.6199951172,Australia/Darwin
YBTL,TSV,Townsville Airport,Townsville,AU,-19.2525005341,146.7649993896,Australia/Brisbane
YBTR,BLT,Blackwater Airport,Unknown,AU,-23.603099823,148.8070068359,Australia/Brisbane
YBUD,BDB,Bundaberg Airport,Bundaberg,AU,-24.9039001465,152.319000244,Australia/Brisbane
YBUN,BUY,Bunbury Airport,Unknown,AU,-33.3782997131,115.6770019531,Australia/Perth
YBWM,BIP,Bulimba Airport,Unknown,AU,-16.8808002472,143.479003906,Australia/Brisbane
YBWN,ZBO,Bowen Airport,Unknown,AU,-20.0182991028,148.2149963379,Australia/Brisbane
YBWP,WEI,Weipa Airport,Weipa,AU,-12.6786003113,141.925003052,Australia/Brisbane
YBWW,WTB,Toowoomba Wellcamp Airport,Wellcamp,AU,-27.558333,151.793333,Australia/Brisbane
YBWX,BWB,Barrow Island Airport,Unknown,AU,-20.8644008636,115.40599823,Australia/Perth
YBYS,BVZ,Beverley Springs Airport,Unknown,AU,-16.7332992554,125.4329986572,Australia/Perth
YCAG,CGV,Caiguna Airport,Unknown,AU,-32.2649993896,125.4929962158,Australia/Eucla
YCAH,CLH,Coolah Airport,Unknown,AU,-31.7733001709,149.6100006104,Australia/Sydney
YCAR,CVQ,Carnarvon Airport,Unknown,AU,-24.8805999756,113.6719970703,Australia/Perth
YCAS,CSI,Casino Airport,Unknown,AU,-28.8827991486,153.0670013428,Australia/Sydney
YCBA,CAZ,Cobar Airport,Unknown,AU,-31.5382995605,145.7940063477,Australia/Sydney
YCBB,COJ,Coonabarabran Airport,Unknown,AU,-31.3325004578,149.266998291,Australia/Sydney
YCBE,CBY,Canobie Airport,Canobie,AU,-19.4794006348,140.927001953,Australia/Brisbane
YCBN,CBI,Cape Barren Island Airport,Unknown,AU,-40.3917007446,148.016998291,Australia/Hobart
YCBP,CPD,Coober Pedy Airport,Unknown,AU,-29.0400009155,134.720993042,Australia/Adelaide
YCBR,CRB,Collarenebri Airport,Unknown,AU,-29.5216999054,148.5820007324,Australia/Sydney
YCCA,CCL,Chinchilla Airport,Unknown,AU,-26.7749996185,150.6170043945,Australia/Brisbane
YCCT,CNC,Coconut Island Airport,Unknown,AU,-10.0500001907,143.0700073242,Australia/Brisbane
YCCY,CNJ,Cloncurry Airport,Cloncurry,AU,-20.6686000824,140.503997803,Australia/Brisbane
YCDO,CBX,Condobolin Airport,Unknown,AU,-33.0643997192,147.2089996338,Australia/Sydney
YCDR,CUD,Caloundra Airport,Unknown,AU,-26.7999992371,153.1000061035,Australia/Brisbane
YCDU,CED,Ceduna Airport,Unknown,AU,-32.1305999756,133.7100067139,Australia/Adelaide
YCEE,CVC,Cleve Airport,Unknown,AU,-33.7097015381,136.5050048828,Australia/Adelaide
YCFD,CFI,Camfield Airport,Unknown,AU,-17.0216999054,131.3269958496,Australia/Darwin
YCFH,CFH,Clifton Hills Landing Strip,Clifton Hills Station,AU,-27.015879,138.89275,Australia/Adelaide
YCGO,LLG,Chillagoe Airport,Unknown,AU,-17.1427993774,144.529006958,Australia/Brisbane
YCHK,CKW,Graeme Rowley Aerodrome,Christmas Creek mine,AU,-22.355556,119.652222,Australia/Perth
YCHT,CXT,Charters Towers Airport,Unknown,AU,-20.0431003571,146.2729949951,Australia/Brisbane
YCIN,DCN,RAAF Base Curtin,Unknown,AU,-17.5813999176,123.82800293,Australia/Perth
YCKI,CKI,Croker Island Airport,Unknown,AU,-11.1649999619,132.483001709,Australia/Darwin
YCKN,CTN,Cooktown Airport,Unknown,AU,-15.4447002411,145.1840057373,Australia/Brisbane
YCMT,CMQ,Clermont Airport,Unknown,AU,-22.7730998993,147.6210021973,Australia/Brisbane
YCMU,CMA,Cunnamulla Airport,Unknown,AU,-28.0300006866,145.6219940186,Australia/Brisbane
YCMW,CML,Camooweal Airport,Unknown,AU,-19.911699295,138.125,Australia/Brisbane
YCNF,NIF,Camp Nifty Airport,Unknown,AU,-21.6716995239,121.5869979858,Australia/Perth
YCNK,CES,Cessnock Airport,Unknown,AU,-32.7874984741,151.3419952393,Australia/Sydney
YCNM,CNB,Coonamble Airport,Unknown,AU,-30.9832992554,148.3760070801,Australia/Sydney
YCOD,ODL,Cordillo Downs Airport,Cordillo Downs,AU,-26.745300293,140.6380004883,Australia/Adelaide
YCOE,CUQ,Coen Airport,Unknown,AU,-13.7608003616,143.1139984131,Australia/Brisbane
YCOI,CIE,Collie Airport,Unknown,AU,-33.3666992188,116.2170028687,Australia/Perth
YCOM,OOM,Cooma Snowy Mountains Airport,Cooma,AU,-36.3005981445,148.973999023,Australia/Sydney
YCOO,CDA,Cooinda Airport,Unknown,AU,-12.9033002853,132.5319976807,Australia/Darwin
YCOR,CWW,Corowa Airport,Unknown,AU,-35.9947013855,146.3569946289,Australia/Melbourne
YCRG,CYG,Corryong Airport,Unknown,AU,-36.182800293,147.8880004883,Australia/Melbourne
YCRK,CXQ,Christmas Creek Station Airport,Unknown,AU,-18.8833007813,125.9169998169,Australia/Perth
YCRY,CDQ,Croydon Airport,Unknown,AU,-18.2250003815,142.2579956055,Australia/Brisbane
YCSV,KCE,Collinsville Airport,Unknown,AU,-20.5967006683,147.8600006104,Australia/Brisbane
YCTM,CMD,Cootamundra Airport,Unknown,AU,-34.6239013672,148.0279998779,Australia/Sydney
YCUA,CUG,Cudal Airport,Unknown,AU,-33.278301239,148.7630004883,Australia/Sydney
YCUE,CUY,Cue Airport,Unknown,AU,-27.4466991425,117.9179992676,Australia/Perth
YCWA,CJF,Coondewanna Wa Airport,Unknown,AU,-22.966667,118.802222,Australia/Perth
YCWI,CWR,Cowarie Airport,Unknown,AU,-27.7117004395,138.3280029297,Australia/Adelaide
YCWL,CCW,Cowell Airport,Unknown,AU,-33.6666984558,136.891998291,Australia/Adelaide
YCWR,CWT,Cowra Airport,Unknown,AU,-33.8446998596,148.6490020752,Australia/Sydney
YCWY,COY,Coolawanyah Airport,Unknown,AU,-21.7833003998,117.8000030518,Australia/Perth
YDAJ,DJR,Dajarra Airport,Unknown,AU,-21.7082996368,139.5330047607,Australia/Brisbane
YDAY,DBY,Dalby Airport,Unknown,AU,-27.1553001404,151.266998291,Australia/Brisbane
YDBI,DRN,Dirranbandi Airport,Unknown,AU,-28.5916996002,148.2169952393,Australia/Brisbane
YDBR,DNB,Dunbar Airport,Unknown,AU,-16.0499992371,142.3999938965,Australia/Brisbane
YDBY,DRB,Derby Airport,Unknown,AU,-17.3700008392,123.6610031128,Australia/Perth
YDDF,DFP,Drumduff Airport,Drumduff,AU,-16.0529994965,143.011993408,Australia/Brisbane
YDGA,DGD,Dalgaranga Gold Mine Airport,Unknown,AU,-27.8302777778,117.316388889,Australia/Perth
YDIX,DXD,Dixie Airport,New Dixie,AU,-15.1174944348,143.316049576,Australia/Brisbane
YDKI,DKI,Dunk Island Airport,Unknown,AU,-17.9416999817,146.1399993896,Australia/Brisbane
YDLK,DLK,Dulkaninna Airport,Dulkaninna,AU,-29.013299942,138.4810028076,Australia/Adelaide
YDLQ,DNQ,Deniliquin Airport,Unknown,AU,-35.5593986511,144.945999146,Australia/Sydney
YDLT,DDN,Delta Downs Airport,Unknown,AU,-16.9916992188,141.3170013428,Australia/Brisbane
YDLV,DLV,Delissaville Airport,Unknown,AU,-12.5500001907,130.6849975586,Australia/Darwin
YDLW,DYW,Daly Waters Airport,Daly Waters,AU,-16.2646950664,133.383378983,Australia/Darwin
YDMG,DMD,Doomadgee Airport,Unknown,AU,-17.9402999878,138.8220062256,Australia/Brisbane
YDMN,DVR,Daly River Airport,Unknown,AU,-13.7498064041,130.6938781738,Australia/Darwin
YDNI,NLF,Darnley Island Airport,Darnley Island,AU,-9.5833301544,143.766998291,Australia/Brisbane
YDOR,DRD,Dorunda Airport,Unknown,AU,-16.5583000183,141.8079986572,Australia/Brisbane
YDPD,DVP,Davenport Downs Airport,Unknown,AU,-24.1499996185,141.108001709,Australia/Brisbane
YDPO,DPO,Devonport Airport,Devonport,AU,-41.1697006226,146.429992676,Australia/Hobart
YDRA,DOX,Dongara Airport,Unknown,AU,-29.2999992371,114.932998657,Australia/Perth
YDRD,DRY,Drysdale River Airport,Unknown,AU,-15.7135703992,126.38109684,Australia/Perth
YDRH,DHD,Durham Downs Airport,Unknown,AU,-27.0750007629,141.8999938965,Australia/Brisbane
YDRI,DRR,Durrie Airport,Unknown,AU,-25.6849994659,140.2279968262,Australia/Brisbane
YDVR,DKV,Docker River Airport,Unknown,AU,-24.8600006104,129.0700073242,Australia/Darwin
YDYS,DYA,Dysart Airport,Unknown,AU,-22.6222000122,148.3639984131,Australia/Brisbane
YECH,ECH,Echuca Airport,Unknown,AU,-36.1571998596,144.7619934082,Australia/Melbourne
YECL,EUC,Eucla Airport,Unknown,AU,-31.7000007629,128.8829956055,Australia/Eucla
YEDA,ETD,Etadunna Airport,Etadunna,AU,-28.7408008575,138.5890045166,Australia/Adelaide
YEEB,ENB,Eneabba Airport,Eneabba,AU,-29.8325004578,115.2460021973,Australia/Perth
YEIN,EIH,Einasleigh Airport,Einasleigh,AU,-18.5032997131,144.093994141,Australia/Brisbane
YELD,ELC,Elcho Island Airport,Elcho Island,AU,-12.0193996429,135.570999146,Australia/Darwin
YEML,EMD,Emerald Airport,Emerald,AU,-23.5674991608,148.179000854,Australia/Brisbane
YERN,ERB,Ernabella Airport,Unknown,AU,-26.263299942,132.1820068359,Australia/Adelaide
YESP,EPR,Esperance Airport,Unknown,AU,-33.6843986511,121.8229980469,Australia/Perth
YEVA,EVD,Eva Downs Airport,Eva Downs,AU,-18.0009994507,134.863006592,Australia/Darwin
YEVD,EVH,Evans Head Aerodrome,Unknown,AU,-29.0932998657,153.4199981689,Australia/Sydney
YEXM,EXM,Exmouth Airport,Unknown,AU,-22.0333003998,114.0999984741,Australia/Perth
YFBS,FRB,Forbes Airport,Forbes,AU,-33.3636016846,147.934997559,Australia/Sydney
YFDF,KFE,Fortescue - Dave Forrest Aerodrome,Cloudbreak Village,AU,-22.291944,119.437222,Australia/Perth
YFIL,FLY,Finley Airport,Unknown,AU,-35.6666984558,145.550003052,Australia/Sydney
YFLI,FLS,Flinders Island Airport,Unknown,AU,-40.0917015076,147.9929962158,Australia/Hobart
YFLO,FVL,Flora Valley Airport,Unknown,AU,-18.2833003998,128.417007446,Australia/Perth
YFNE,FIK,Finke Airport,Finke,AU,-25.5946998596,134.582992554,Australia/Darwin
YFRT,FOS,Forrest Airport,Unknown,AU,-30.8381004333,128.1150054932,Australia/Perth
YFST,FOT,Forster (Wallis Is) Airport,Unknown,AU,-32.2042007446,152.4790039063,Australia/Sydney
YFTZ,FIZ,Fitzroy Crossing Airport,Unknown,AU,-18.1819000244,125.5589981079,Australia/Perth
YGAM,GBP,Gamboola Airport,Unknown,AU,-16.5499992371,143.6670074463,Australia/Brisbane
YGAY,GAH,Gayndah Airport,Unknown,AU,-25.6144008636,151.6190032959,Australia/Brisbane
YGBI,GBL,South Goulburn Is Airport,Unknown,AU,-11.6499996185,133.3820037842,Australia/Darwin
YGDH,GUH,Gunnedah Airport,Unknown,AU,-30.9610996246,150.2510070801,Australia/Sydney
YGDI,GOO,Goondiwindi Airport,Unknown,AU,-28.5214004517,150.3200073242,Australia/Brisbane
YGDN,GDD,Gordon Downs Airport,Gordon Downs,AU,-18.6781005859,128.5919952393,Australia/Perth
YGDS,GGD,Gregory Downs Airport,Unknown,AU,-18.625,139.233001709,Australia/Brisbane
YGEL,GET,Geraldton Airport,Unknown,AU,-28.7961006165,114.7070007324,Australia/Perth
YGFN,GFN,Grafton Airport,Unknown,AU,-29.7593994141,153.0299987793,Australia/Sydney
YGIA,GBW,Ginbata,Ginbata,AU,-22.578666,120.039409,Australia/Perth
YGIB,GBV,Gibb River Airport,Unknown,AU,-16.4232997894,126.4449996948,Australia/Perth
YGKL,GKL,Great Keppel Is Airport,Unknown,AU,-23.1833000183,150.9420013428,Australia/Brisbane
YGLA,GLT,Gladstone Airport,Gladstone,AU,-23.8696994781,151.223007202,Australia/Brisbane
YGLB,GUL,Goulburn Airport,Unknown,AU,-34.8102989197,149.7259979248,Australia/Sydney
YGLE,GLG,Glengyle Airport,Unknown,AU,-24.8083000183,139.6000061035,Australia/Brisbane
YGLG,GEX,Geelong Airport,Unknown,AU,-38.2249984741,144.3329925537,Australia/Melbourne
YGLI,GLI,Glen Innes Airport,Unknown,AU,-29.6749992371,151.6889953613,Australia/Sydney
YGLO,GLM,Glenormiston Airport,Unknown,AU,-22.888299942,138.8249969482,Australia/Brisbane
YGNV,GVP,Greenvale Airport,Unknown,AU,-18.9832992554,145.1170043945,Australia/Brisbane
YGPT,GPN,Garden Point Airport,Unknown,AU,-11.4025001526,130.4219970703,Australia/Darwin
YGRM,GYZ,Gruyere Mine Airport,Gruyere,AU,-28.0339912,123.8140464,Australia/Perth
YGSC,GSC,Gascoyne Junction Airport,Unknown,AU,-25.0499992371,115.1999969482,Australia/Perth
YGTE,GTE,Groote Eylandt Airport,Groote Eylandt,AU,-13.9750003815,136.460006714,Australia/Darwin
YGTH,GFF,Griffith Airport,Griffith,AU,-34.2508010864,146.067001343,Australia/Sydney
YGTN,GTT,Georgetown Airport,Unknown,AU,-18.3050003052,143.5299987793,Australia/Brisbane
YGTO,GEE,Georgetown (Tas) Airport,Unknown,AU,-41.0800018311,146.8399963379,Australia/Hobart
YGYM,GYP,Gympie Airport,Unknown,AU,-26.2828006744,152.7019958496,Australia/Brisbane
YHAW,HWK,Wilpena Pound Airport,Hawker,AU,-31.8559074402,138.4680786133,Australia/Adelaide
YHAY,HXX,Hay Airport,Unknown,AU,-34.5313987732,144.8300018311,Australia/Sydney
YHBA,HVB,Hervey Bay Airport,Hervey Bay,AU,-25.3188991547,152.880004883,Australia/Brisbane
YHBR,HUB,Humbert River Airport,Unknown,AU,-16.4896697998,130.630279541,Australia/Darwin
YHBY,HRY,Henbury Airport,Unknown,AU,-24.5499992371,133.2169952393,Australia/Darwin
YHDY,HIP,Headingly Airport,Unknown,AU,-21.3332996368,138.2830047607,Australia/Brisbane
YHHY,HIG,Highbury Airport,Unknown,AU,-16.4333000183,143.1499938965,Australia/Brisbane
YHID,HID,Horn Island Airport,Horn Island,AU,-10.586400032,142.289993286,Australia/Brisbane
YHIL,HLL,Hillside Airport,Unknown,AU,-21.75,119.4169998169,Australia/Perth
YHLC,HCQ,Halls Creek Airport,Unknown,AU,-18.2339000702,127.6699981689,Australia/Perth
YHMB,HMG,Hermannsburg Airport,Unknown,AU,-23.9300003052,132.8049926758,Australia/Darwin
YHML,HLT,Hamilton Airport,Unknown,AU,-37.6488990784,142.0650024414,Australia/Melbourne
YHOO,HOK,Hooker Creek Airport,Unknown,AU,-18.3367004395,130.6380004883,Australia/Darwin
YHOT,MHU,Mount Hotham Airport,Mount Hotham,AU,-37.0475006104,147.333999634,Australia/Melbourne
YHPN,HTU,Hopetoun Airport,Unknown,AU,-35.7153015137,142.3600006104,Australia/Melbourne
YHSM,HSM,Horsham Airport,Unknown,AU,-36.6697006226,142.1730041504,Australia/Melbourne
YHTL,HAT,Heathlands Airport,Unknown,AU,-11.75,142.5829925537,Australia/Brisbane
YHUG,HGD,Hughenden Airport,Unknown,AU,-20.8150005341,144.2250061035,Australia/Brisbane
YIDK,IDK,Indulkana Airport,Unknown,AU,-26.9666996002,133.3249969482,Australia/Adelaide
YIFL,IFL,Innisfail Airport,Unknown,AU,-17.5594005585,146.0119934082,Australia/Brisbane
YIFY,IFF,Iffley Airport,Unknown,AU,-18.8999996185,141.2169952393,Australia/Brisbane
YIGM,IGH,Ingham Airport,Unknown,AU,-18.6606006622,146.1519927979,Australia/Brisbane
YIKM,IKP,Inkerman Airport,Unknown,AU,-16.2749996185,141.4420013428,Australia/Brisbane
YINJ,INJ,Injune Airport,Unknown,AU,-25.8500003815,148.5330047607,Australia/Brisbane
YINN,INM,Innamincka Airport,Unknown,AU,-27.7000007629,140.733001709,Australia/Adelaide
YINW,IVW,Inverway Airport,Inverway,AU,-17.8411006927,129.643005371,Australia/Darwin
YISF,ISI,Isisford Airport,Unknown,AU,-24.2583007813,144.4250030518,Australia/Brisbane
YIVL,IVR,Inverell Airport,Unknown,AU,-29.888299942,151.1439971924,Australia/Sydney
YJAB,JAB,Jabiru Airport,Unknown,AU,-12.6583003998,132.8930053711,Australia/Darwin
YJDA,JUN,Jundah Airport,Unknown,AU,-24.8416996002,143.0579986572,Australia/Brisbane
YJIN,QJD,Jindabyne Airport,Unknown,AU,-36.426700592,148.6020050049,Australia/Sydney
YJLC,JCK,Julia Creek Airport,Unknown,AU,-20.6683006287,141.7230072021,Australia/Brisbane
YJNB,JUR,Jurien Bay Airport,Unknown,AU,-30.2999992371,115.0329971313,Australia/Perth
YKAL,UBU,Kalumburu Airport,Unknown,AU,-14.2882995605,126.6320037842,Australia/Perth
YKBL,KDB,Kambalda Airport,Unknown,AU,-31.1833000183,121.5999984741,Australia/Perth
YKBR,KAX,Kalbarri Airport,Unknown,AU,-27.6900005341,114.2620010376,Australia/Perth
YKBY,KBY,Streaky Bay Airport,Unknown,AU,-32.8358001709,134.2929992676,Australia/Adelaide
YKCA,KBJ,Kings Canyon Airport,Unknown,AU,-24.2600002289,131.4900054932,Australia/Darwin
YKCS,KCS,Kings Creek Airport,Unknown,AU,-24.4232997894,131.8350067139,Australia/Darwin
YKDD,OOD,Gudai-Darri Airstrip,Newman,AU,-22.503574253549,119.07625111164,Australia/Perth
YKER,KRA,Kerang Airport,Unknown,AU,-35.7513999939,143.9389953613,Australia/Melbourne
YKII,KNS,King Island Airport,Unknown,AU,-39.8774986267,143.8780059814,Australia/Hobart
YKIR,KBB,Kirkimbie Station Airport,Kirkimbie,AU,-17.7791996002,129.210006714,Australia/Darwin
YKKG,KFG,Kalkgurung Airport,Unknown,AU,-17.4319000244,130.8079986572,Australia/Darwin
YKLA,KOH,Koolatah Airport,Unknown,AU,-15.9167003632,142.4499969482,Australia/Brisbane
YKLB,KKP,Koolburra Airport,Koolburra,AU,-15.3189001083,143.9550018311,Australia/Brisbane
YKMB,KRB,Karumba Airport,Unknown,AU,-17.4566993713,140.8300018311,Australia/Brisbane
YKML,KML,Kamileroi Airport,Unknown,AU,-19.375,140.0570068359,Australia/Brisbane
YKMP,KPS,Kempsey Airport,Unknown,AU,-31.0743999481,152.7700042725,Australia/Sydney
YKNG,KNI,Katanning Airport,Unknown,AU,-33.7167015076,117.6330032349,Australia/Perth
YKOW,KWM,Kowanyama Airport,Kowanyama,AU,-15.4856004715,141.7510070801,Australia/Brisbane
YKPR,KPP,Kalpowar Airport,Unknown,AU,-14.8999996185,144.1999969482,Australia/Brisbane
YKRY,KGY,Kingaroy Airport,Unknown,AU,-26.5807991028,151.841003418,Australia/Brisbane
YKSC,KGC,Kingscote Airport,Unknown,AU,-35.7139015198,137.5209960938,Australia/Adelaide
YKUB,KUG,Kubin Airport,Unknown,AU,-10.2250003815,142.2180023193,Australia/Brisbane
YLAH,LWH,Lawn Hill Airport,Unknown,AU,-18.5683002472,138.6349945068,Australia/Brisbane
YLEC,LGH,Leigh Creek Airport,Unknown,AU,-30.5983009338,138.425994873,Australia/Adelaide
YLEO,LNO,Leonora Airport,Leonora,AU,-28.8780994415,121.3150024414,Australia/Perth
YLEV,LEL,Lake Evella Airport,Lake Evella,AU,-12.4989004135,135.8059997559,Australia/Darwin
YLFD,LFP,Lakefield Airport,Unknown,AU,-14.9333000183,144.1999969482,Australia/Brisbane
YLHI,LDH,Lord Howe Island Airport,Lord Howe Island,AU,-31.5382995605,159.07699585,Australia/Lord_Howe
YLHR,IRG,Lockhart River Airport,Unknown,AU,-12.7868995667,143.3049926758,Australia/Brisbane
YLHS,LTP,Lyndhurst Airport,Lyndhurst,AU,-19.1958007812,144.371002197,Australia/Brisbane
YLIN,LDC,Lindeman Island Airport,Lindeman Island,AU,-20.4535999298,149.039993286,Australia/Lindeman
YLIS,LSY,Lismore Airport,Lismore,AU,-28.8302993774,153.259994507,Australia/Sydney
YLKN,LNH,Lake Nash Airport,Unknown,AU,-20.9666996002,137.9170074463,Australia/Darwin
YLLE,BBL,Ballera Airport,Unknown,AU,-27.4083003998,141.8079986572,Australia/Brisbane
YLND,LKD,Lakeland Airport,Unknown,AU,-15.8332996368,144.8500061035,Australia/Brisbane
YLOK,LOC,Lock Airport,Lock,AU,-33.5442008972,135.6929931641,Australia/Adelaide
YLOR,LOA,Lorraine Airport,Unknown,AU,-18.9932994843,139.9069976807,Australia/Brisbane
YLOV,LTV,Lotus Vale Airport,Lotus Vale,AU,-17.0482997894,141.37600708,Australia/Brisbane
YLRA,LUU,Laura Airport,Unknown,AU,-15.5500001907,144.4499969482,Australia/Brisbane
YLRD,LHG,Lightning Ridge Airport,Unknown,AU,-29.4566993713,147.9839935303,Australia/Sydney
YLRE,LRE,Longreach Airport,Longreach,AU,-23.4342002869,144.279998779,Australia/Brisbane
YLRS,LUT,New Laura Airport,Unknown,AU,-15.1833000183,144.3670043945,Australia/Brisbane
YLST,LER,Leinster Airport,Unknown,AU,-27.8432998657,120.7030029297,Australia/Perth
YLTN,LVO,Laverton Airport,Unknown,AU,-28.6135997772,122.4240036011,Australia/Perth
YLTV,TGN,Latrobe Valley Airport,Unknown,AU,-38.2071990967,146.470001221,Australia/Melbourne
YLZI,LZR,Lizard Island Airport,Unknown,AU,-14.6667003632,145.4499969482,Australia/Brisbane
YMAA,UBB,Mabuiag Island Airport,Mabuiag Island,AU,-9.9499998093,142.1829986572,Australia/Brisbane
YMAV,AVV,Avalon Airport,Melbourne,AU,-38.0393981934,144.468994141,Australia/Melbourne
YMAY,ABX,Albury Airport,Albury,AU,-36.0677986145,146.9579925537,Australia/Melbourne
YMBA,MRG,Mareeba Airport,Unknown,AU,-17.0692005157,145.4190063477,Australia/Brisbane
YMBL,MBB,Marble Bar Airport,Unknown,AU,-21.1632995605,119.8330001831,Australia/Perth
YMCO,XMC,Mallacoota Airport,Unknown,AU,-37.5983009338,149.7200012207,Australia/Melbourne
YMCR,MFP,Manners Creek Airport,Unknown,AU,-22.1000003815,137.983001709,Australia/Darwin
YMCT,MLR,Millicent Airport,Unknown,AU,-37.5835990906,140.3659973145,Australia/Adelaide
YMDG,DGE,Mudgee Airport,Mudgee,AU,-32.5625,149.610992432,Australia/Sydney
YMDI,MQA,Mandora Airport,Mandora,AU,-19.7383003235,120.837997437,Australia/Perth
YMDS,MNW,Macdonald Downs Airport,Unknown,AU,-22.4666996002,135.233001709,Australia/Darwin
YMEK,MKR,Meekatharra Airport,Unknown,AU,-26.611700058,118.547996521,Australia/Perth
YMEN,MEB,Melbourne Essendon Airport,Unknown,AU,-37.728099823,144.9019927979,Australia/Melbourne
YMER,MIM,Merimbula Airport,Merimbula,AU,-36.9085998535,149.901000977,Australia/Sydney
YMEU,MLV,Merluna Airport,Unknown,AU,-13.0500001907,142.483001709,Australia/Brisbane
YMGB,MGT,Milingimbi Airport,Milingimbi Island,AU,-12.0944004059,134.893997192,Australia/Darwin
YMGD,MNG,Maningrida Airport,Maningrida,AU,-12.0560998917,134.23399353,Australia/Darwin
YMGN,GSN,Mount Gunson Airport,Mount Gunson,AU,-31.4596996307,137.1739959717,Australia/Adelaide
YMGR,MGV,Margaret River (Station) Airport,Unknown,AU,-18.6217002869,126.883003235,Australia/Perth
YMGT,MQZ,Margaret River Airport,Unknown,AU,-33.9305992126,115.099998474,Australia/Perth
YMGV,MVU,Musgrave Airport,Unknown,AU,-14.7833003998,143.5,Australia/Brisbane
YMHB,HBA,Hobart International Airport,Hobart,AU,-42.836101532,147.509994507,Australia/Hobart
YMHO,MHO,Mount House Airport,Unknown,AU,-17.0550003052,125.7099990845,Australia/Perth
YMHU,MCV,McArthur River Mine Airport,McArthur River Mine,AU,-16.4424991608,136.083999634,Australia/Darwin
YMIA,MQL,Mildura Airport,Mildura,AU,-34.2291984558,142.085998535,Australia/Melbourne
YMIN,XML,Minlaton Airport,Unknown,AU,-34.75,137.5330047607,Australia/Adelaide
YMIP,MIH,Mitchell Plateau Airport,Mitchell Plateau,AU,-14.7913999557,125.8239974976,Australia/Perth
YMIR,MWY,Miralwyn Airport,Unknown,AU,-30.1499996185,147.3350067139,Australia/Sydney
YMIT,MTQ,Mitchell Airport,Unknown,AU,-26.4832992554,147.93699646,Australia/Brisbane
YMJM,MJP,Manjimup Airport,Unknown,AU,-34.2653007507,116.1399993896,Australia/Perth
YMLS,WLE,Miles Airport,Unknown,AU,-26.8083000183,150.1750030518,Australia/Brisbane
YMLT,LST,Launceston Airport,Launceston,AU,-41.54529953,147.214004517,Australia/Hobart
YMMB,MBW,Melbourne Moorabbin Airport,Melbourne,AU,-37.9757995605,145.1020050049,Australia/Melbourne
YMMI,WUI,Murrin Murrin Airport,Unknown,AU,-28.7052993774,121.8909988403,Australia/Perth
YMML,MEL,Melbourne International Airport,Melbourne,AU,-37.6733016968,144.8430023193,Australia/Melbourne
YMMU,MMM,Middlemount Airport,Unknown,AU,-22.8024997711,148.7050018311,Australia/Brisbane
YMND,MTL,Maitland Airport,Unknown,AU,-32.7033004761,151.488006592,Australia/Sydney
YMNE,WME,Mount Keith Airport,Unknown,AU,-27.2863998413,120.5550003052,Australia/Perth
YMNK,ONR,Monkira Airport,Unknown,AU,-24.8166999817,140.5330047607,Australia/Brisbane
YMNS,MSF,Mount Swan Airport,Unknown,AU,-22.6000003815,135.016998291,Australia/Darwin
YMNY,OXY,Morney Airport,Unknown,AU,-25.3582992554,141.4329986572,Australia/Brisbane
YMOG,MMG,Mount Magnet Airport,Unknown,AU,-28.1161003113,117.8420028687,Australia/Perth
YMOO,OOR,Mooraberree Airport,Unknown,AU,-25.25,140.983001709,Australia/Brisbane
YMOR,MRZ,Moree Airport,Moree,AU,-29.4988994598,149.845001221,Australia/Sydney
YMOT,MET,Moreton Airport,Moreton,AU,-12.4441995621,142.638000488,Australia/Brisbane
YMPA,MIN,Minnipa Airport,Unknown,AU,-32.8432998657,135.1450042725,Australia/Adelaide
YMQA,MQE,Marqua Airport,Marqua,AU,-22.8057994843,137.2510070801,Australia/Darwin
YMRB,MOV,Moranbah Airport,Moranbah,AU,-22.057800293,148.07699585,Australia/Brisbane
YMRE,RRE,Marree Airport,Unknown,AU,-29.6632995605,138.0650024414,Australia/Adelaide
YMRW,MWB,Morawa Airport,Unknown,AU,-29.2017002106,116.0220031738,Australia/Perth
YMRY,MYA,Moruya Airport,Moruya,AU,-35.8978004456,150.143997192,Australia/Sydney
YMSF,MTD,Mount Sanford Station Airport,Unknown,AU,-16.9783000946,130.5549926758,Australia/Darwin
YMTB,UTB,Muttaburra Airport,Unknown,AU,-22.5832996368,144.5330047607,Australia/Brisbane
YMTG,MGB,Mount Gambier Airport,Unknown,AU,-37.7456016541,140.7850036621,Australia/Adelaide
YMTI,ONG,Mornington Island Airport,Unknown,AU,-16.6625003815,139.1779937744,Australia/Brisbane
YMTO,MNQ,Monto Airport,Unknown,AU,-24.885799408,151.1000061035,Australia/Brisbane
YMUC,MUQ,Muccan Station Airport,Muccan Station,AU,-20.6588993073,120.0670013428,Australia/Perth
YMUG,MNE,Mungeranie Airport,Mungeranie,AU,-28.0091991425,138.6569976807,Australia/Adelaide
YMUI,MYI,Murray Island Airport,Murray Island,AU,-9.9166698456,144.0549926758,Australia/Brisbane
YMUK,MVK,Mulka Airport,Mulka,AU,-28.3477993011,138.6499938965,Australia/Adelaide
YMUP,MUP,Mulga Park Airport,Unknown,AU,-25.8999996185,131.6670074463,Australia/Darwin
YMVG,MKV,Mount Cavenagh Airport,Unknown,AU,-25.9666996002,133.1999969482,Australia/Darwin
YMWA,MXU,Mullewa Airport,Unknown,AU,-28.4750003815,115.516998291,Australia/Perth
YMWT,MWT,Moolawatana Airport,Unknown,AU,-29.9167003632,139.75,Australia/Adelaide
YMWX,MXD,Marion Downs Airport,Unknown,AU,-23.3666992188,139.6670074463,Australia/Brisbane
YMYB,MBH,Maryborough Airport,Unknown,AU,-25.513299942,152.7149963379,Australia/Brisbane
YMYR,MYO,Myroodan Station Airport,Unknown,AU,-18.1166992188,124.266998291,Australia/Perth
YMYT,RTY,Merty Merty Airport,Unknown,AU,-28.5832996368,140.3170013428,Australia/Adelaide
YNAP,NMR,Nappa Merrie Airport,Unknown,AU,-27.5583000183,141.1329956055,Australia/Brisbane
YNAR,NRA,Narrandera Airport,Narrandera,AU,-34.7022018433,146.511993408,Australia/Sydney
YNBR,NAA,Narrabri Airport,Narrabri,AU,-30.3192005157,149.82699585,Australia/Sydney
YNGU,RPM,Ngukurr Airport,Unknown,AU,-14.7228002548,134.7469940186,Australia/Darwin
YNHS,NBH,Nambucca Heads Airport,Nambucca Heads,AU,-30.6499996185,153,Australia/Sydney
YNIC,NLS,Nicholson Airport,Unknown,AU,-18.0499992371,128.8999938965,Australia/Perth
YNRC,NAC,Naracoorte Airport,Unknown,AU,-36.9852981567,140.7250061035,Australia/Adelaide
YNRG,NRG,Narrogin Airport,Unknown,AU,-32.9300003052,117.0800018311,Australia/Perth
YNRM,QRM,Narromine Airport,Unknown,AU,-32.2146987915,148.2250061035,Australia/Sydney
YNRV,RVT,Ravensthorpe Airport,Unknown,AU,-33.7971992493,120.208000183,Australia/Perth
YNSH,NSV,Noosa Airport,Unknown,AU,-26.4232997894,153.06300354,Australia/Brisbane
YNSM,NSM,Norseman Airport,Unknown,AU,-32.2099990845,121.7549972534,Australia/Perth
YNTN,NTN,Normanton Airport,Unknown,AU,-17.683599472,141.0700073242,Australia/Brisbane
YNUB,NUR,Nullabor Motel Airport,Unknown,AU,-31.4416999817,130.9019927979,Australia/Adelaide
YNUL,NLL,Nullagine Airport,Unknown,AU,-21.9132995605,120.1979980469,Australia/Perth
YNUM,NUB,Numbulwar Airport,Unknown,AU,-14.2716999054,135.7169952393,Australia/Darwin
YNWN,ZNE,Newman Airport,Newman,AU,-23.4178009033,119.803001404,Australia/Perth
YNYN,NYN,Nyngan Airport,Unknown,AU,-31.5510997772,147.2030029297,Australia/Sydney
YOEN,OPI,Oenpelli Airport,Unknown,AU,-12.3249998093,133.0059967041,Australia/Darwin
YOLA,XCO,Colac Airport,Unknown,AU,-38.2867012024,143.6799926758,Australia/Melbourne
YOLD,OLP,Olympic Dam Airport,Olympic Dam,AU,-30.4850006104,136.876998901,Australia/Adelaide
YOLW,ONS,Onslow Airport,Unknown,AU,-21.6683006287,115.1129989624,Australia/Perth
YOOD,ODD,Oodnadatta Airport,Unknown,AU,-27.5617008209,135.4470062256,Australia/Adelaide
YOOM,MOO,Moomba Airport,Unknown,AU,-28.0993995667,140.1970062256,Australia/Adelaide
YORB,RBS,Orbost Airport,Unknown,AU,-37.7900009155,148.6100006104,Australia/Melbourne
YORG,OAG,Orange Airport,Orange,AU,-33.3816986084,149.132995605,Australia/Sydney
YORV,ODR,Ord River Airport,Ord River,AU,-17.3407993317,128.9120025635,Australia/Perth
YOSB,OSO,Osborne Mine Airport,Unknown,AU,-22.0816993713,140.554992676,Australia/Brisbane
YOUY,OYN,Ouyen Airport,Unknown,AU,-35.0890124268,142.354488373,Australia/Melbourne
YPAD,ADL,Adelaide International Airport,Adelaide,AU,-34.9449996948,138.5310058594,Australia/Adelaide
YPAG,PUG,Port Augusta Airport,Unknown,AU,-32.5069007874,137.7169952393,Australia/Adelaide
YPAM,PMK,Palm Island Airport,Unknown,AU,-18.7553005219,146.5809936523,Australia/Brisbane
YPBO,PBO,Paraburdoo Airport,Paraburdoo,AU,-23.1711006165,117.745002747,Australia/Perth
YPCC,CCK,Cocos (Keeling) Islands Airport,Cocos (Keeling) Islands,CC,-12.1883001328,96.8339004517,Indian/Cocos
YPDA,PDN,Parndana Airport,Parndana,AU,-35.807,137.264,Australia/Adelaide
YPDI,PDE,Pandie Pandie Airport,Unknown,AU,-26.1166992188,139.3999938965,Australia/Adelaide
YPDN,DRW,Darwin International Airport,Darwin,AU,-12.4146995544,130.8769989014,Australia/Darwin
YPDO,PRD,Pardoo Airport,Pardoo,AU,-20.1175003052,119.5899963379,Australia/Perth
YPEC,BEO,Aeropelican Airport,Unknown,AU,-33.0666999817,151.6479949951,Australia/Sydney
YPGV,GOV,Gove Airport,Nhulunbuy,AU,-12.2693996429,136.817993164,Australia/Darwin
YPIR,PPI,Port Pirie Airport,Unknown,AU,-33.238899231,137.9949951172,Australia/Adelaide
YPJT,JAD,Perth Jandakot Airport,Perth,AU,-32.0974998474,115.8809967041,Australia/Perth
YPKA,KTA,Karratha Airport,Karratha,AU,-20.7122001648,116.773002625,Australia/Perth
YPKG,KGI,Kalgoorlie-Boulder Airport,Kalgoorlie,AU,-30.789444,121.461667,Australia/Perth
YPKS,PKE,Parkes Airport,Parkes,AU,-33.131401062,148.238998413,Australia/Sydney
YPKT,PKT,Port Keats Airport,Unknown,AU,-14.25,129.529006958,Australia/Darwin
YPKU,KNX,Kununurra Airport,Kununurra,AU,-15.7781000137,128.707992554,Australia/Perth
YPLC,PLO,Port Lincoln Airport,Port Lincoln,AU,-34.6053009033,135.880004883,Australia/Adelaide
YPLM,LEA,Learmonth Airport,Exmouth,AU,-22.2355995178,114.088996887,Australia/Perth
YPMP,EDR,Pormpuraaw Airport,Unknown,AU,-14.8966999054,141.6089935303,Australia/Brisbane
YPMQ,PQQ,Port Macquarie Airport,Port Macquarie,AU,-31.4358005524,152.863006592,Australia/Sydney
YPOD,PTJ,Portland Airport,Unknown,AU,-38.3180999756,141.470993042,Australia/Melbourne
YPOK,MBF,Porepunkah Airport,Unknown,AU,-36.7177307062,146.890039444,Australia/Melbourne
YPPD,PHE,Port Hedland International Airport,Port Hedland,AU,-20.3777999878,118.625999451,Australia/Perth
YPPH,PER,Perth International Airport,Perth,AU,-31.9402999878,115.9670028687,Australia/Perth
YPSH,PEA,Penneshaw Airport,Ironstone,AU,-35.7558462874,137.962875366,Australia/Adelaide
YPTN,KTR,Tindal Airport,Unknown,AU,-14.5211000443,132.3780059814,Australia/Darwin
YPWR,UMR,Woomera Airfield,Woomera,AU,-31.1441993713,136.8170013428,Australia/Adelaide
YPXM,XCH,Christmas Island Airport,Christmas Island,CX,-10.4505996704,105.6900024414,Indian/Christmas
YQDI,UIR,Quirindi Airport,Unknown,AU,-31.4906005859,150.5140075684,Australia/Sydney
YQLP,ULP,Quilpie Airport,Unknown,AU,-26.6121997833,144.2530059814,Australia/Brisbane
YQNS,UEE,Queenstown Airport,Unknown,AU,-42.0750007629,145.5319976807,Australia/Hobart
YREN,RMK,Renmark Airport,Unknown,AU,-34.1963996887,140.6739959717,Australia/Adelaide
YRMD,RCM,Richmond Airport,Unknown,AU,-20.7019004822,143.1150054932,Australia/Brisbane
YRNG,RAM,Ramingining Airport,Unknown,AU,-12.3563995361,134.8979949951,Australia/Darwin
YROB,ROH,Robinhood Airport,Unknown,AU,-18.8449993134,143.7100067139,Australia/Brisbane
YROE,RBU,Roebourne Airport,Roebourne,AU,-20.7616996765,117.156997681,Australia/Perth
YROI,RBC,Robinvale Airport,Unknown,AU,-34.6500015259,142.7830047607,Australia/Melbourne
YROM,RMA,Roma Airport,Roma,AU,-26.5450000763,148.774993896,Australia/Brisbane
YRRB,RPB,Roper Bar Airport,Unknown,AU,-14.7383003235,134.5180053711,Australia/Darwin
YRSB,RSB,Roseberth Airport,Unknown,AU,-25.8332996368,139.6499938965,Australia/Brisbane
YRTI,RTS,Rottnest Island Airport,Unknown,AU,-32.0066986084,115.5400009155,Australia/Perth
YRTP,RTP,Rutland Plains Airport,Unknown,AU,-15.6433000565,141.8430023193,Australia/Brisbane
YRYH,RHL,Roy Hill Station Airport,Unknown,AU,-22.625815891,119.959030151,Australia/Perth
YSAN,NDS,Sandstone Airport,Sandstone,AU,-27.9799995422,119.2969970703,Australia/Perth
YSBK,BWU,Sydney Bankstown Airport,Sydney,AU,-33.9244003296,150.9880065918,Australia/Sydney
YSCB,CBR,Canberra International Airport,Canberra,AU,-35.3069000244,149.1950073242,Australia/Sydney
YSCH,CFS,Coffs Harbour Airport,Coffs Harbour,AU,-30.3206005096,153.115997314,Australia/Sydney
YSCN,CDU,Camden Airport,Unknown,AU,-34.0402984619,150.68699646,Australia/Sydney
YSCO,NSO,Scone Airport,Unknown,AU,-32.0372009277,150.8320007324,Australia/Sydney
YSCR,SQC,Southern Cross Airport,Unknown,AU,-31.2399997711,119.3600006104,Australia/Perth
YSDU,DBO,Dubbo City Regional Airport,Dubbo,AU,-32.2167015076,148.574996948,Australia/Sydney
YSGE,SGO,St George Airport,Unknown,AU,-28.0496997833,148.5950012207,Australia/Brisbane
YSGT,SIX,Singleton Airport,Singleton,AU,-32.600832,151.193056,Australia/Sydney
YSGW,ZGL,South Galway Airport,Unknown,AU,-25.6833000183,142.108001709,Australia/Brisbane
YSHG,SGP,Shay Gap Airport,Shay Gap,AU,-20.4246997833,120.1409988403,Australia/Perth
YSHK,MJK,Shark Bay Airport,Monkey Mia,AU,-25.8938999176,113.577003479,Australia/Perth
YSHR,JHQ,Shute Harbour Airport,Unknown,AU,-20.2782993317,148.7570037842,Australia/Brisbane
YSHT,SHT,Shepparton Airport,Unknown,AU,-36.4289016724,145.3930053711,Australia/Melbourne
YSII,SBR,Saibai Island Airport,Saibai Island,AU,-9.3783302307,142.625,Australia/Brisbane
YSMI,SIO,Smithton Airport,Unknown,AU,-40.8349990845,145.0839996338,Australia/Hobart
YSMP,SHU,Smith Point Airport,Unknown,AU,-11.1499996185,132.149993896,Australia/Darwin
YSMR,STH,Strathmore Airport,Unknown,AU,-17.8500003815,142.5670013428,Australia/Brisbane
YSNB,SNB,Snake Bay Airport,Unknown,AU,-11.4228000641,130.654006958,Australia/Darwin
YSNF,NLK,Norfolk Island International Airport,Burnt Pine,NF,-29.0415992737,167.9389953613,Pacific/Norfolk
YSNW,NOA,Nowra Airport,Unknown,AU,-34.9488983154,150.5370025635,Australia/Sydney
YSOL,SLJ,Solomon Airport,Karijini National Park,AU,-22.255278,117.761944,Australia/Perth
YSPE,SNH,Stanthorpe Airport,Unknown,AU,-28.620300293,151.9909973145,Australia/Brisbane
YSPK,SCG,Spring Creek Airport,Unknown,AU,-18.6333007813,144.5670013428,Australia/Brisbane
YSPT,SHQ,Southport Airport,Unknown,AU,-27.9150009155,153.3730010986,Australia/Brisbane
YSPV,KSV,Springvale Airport,Unknown,AU,-23.5499992371,140.6999969482,Australia/Brisbane
YSRI,XRH,RAAF Base Richmond,Richmond,AU,-33.6006011963,150.7810058594,Australia/Sydney
YSRN,SRN,Strahan Airport,Unknown,AU,-42.1549987793,145.2920074463,Australia/Hobart
YSSY,SYD,Sydney Kingsford Smith International Airport,Sydney,AU,-33.9460983276,151.1770019531,Australia/Sydney
YSTH,HLS,St Helens Airport,Unknown,AU,-41.3367004395,148.2819976807,Australia/Hobart
YSTW,TMW,Tamworth Airport,Tamworth,AU,-31.0839004517,150.847000122,Australia/Sydney
YSWG,WGA,Wagga Wagga City Airport,Wagga Wagga,AU,-35.1652984619,147.466003418,Australia/Sydney
YSWH,SWH,Swan Hill Airport,Unknown,AU,-35.3758010864,143.5330047607,Australia/Melbourne
YSWL,SWC,Stawell Airport,Unknown,AU,-37.0717010498,142.7409973145,Australia/Melbourne
YTAA,XTR,Tara Airport,Unknown,AU,-27.1567001343,150.4770050049,Australia/Brisbane
YTAB,TBL,Tableland Homestead Airport,Unknown,AU,-17.2833003998,126.900001526,Australia/Perth
YTAM,XTO,Taroom Airport,Unknown,AU,-25.801700592,149.8999938965,Australia/Brisbane
YTAR,TAQ,Tarcoola Airport,Tarcoola,AU,-30.7033004761,134.583999634,Australia/Adelaide
YTBR,TBK,Timber Creek Airport,Unknown,AU,-15.6199998856,130.4450073242,Australia/Darwin
YTDR,TDR,Theodore Airport,Unknown,AU,-24.9932994843,150.0930023193,Australia/Brisbane
YTEE,TQP,Trepell Airport,Unknown,AU,-21.8349990845,140.8880004883,Australia/Brisbane
YTEF,TEF,Telfer Airport,Unknown,AU,-21.7150001526,122.2289962769,Australia/Perth
YTEM,TEM,Temora Airport,Unknown,AU,-34.4213981628,147.5119934082,Australia/Sydney
YTGA,TAN,Tangalooma Airport,Unknown,AU,-27.1299991608,153.363006592,Australia/Brisbane
YTGM,XTG,Thargomindah Airport,Unknown,AU,-27.9864006042,143.8110046387,Australia/Brisbane
YTGT,GTS,The Granites Airport,The Granites,AU,-20.5482997894,130.3470001221,Australia/Darwin
YTHD,TDN,Theda Station Airport,Unknown,AU,-14.7881002426,126.4960021973,Australia/Perth
YTHY,TYG,Thylungra Airport,Unknown,AU,-26.0832996368,143.4669952393,Australia/Brisbane
YTIB,TYB,Tibooburra Airport,Unknown,AU,-29.4510993958,142.0579986572,Australia/Sydney
YTKY,TKY,Turkey Creek Airport,Turkey Creek,AU,-17.0408000946,128.205993652,Australia/Perth
YTMO,PHQ,The Monument Airport,Unknown,AU,-21.8111000061,139.9239959717,Australia/Brisbane
YTMP,TPR,Tom Price Airport,Tom Price,AU,-22.7460002899,117.869003296,Australia/Perth
YTMU,TUM,Tumut Airport,Unknown,AU,-35.2627983093,148.2409973145,Australia/Sydney
YTMY,TYP,Tobermorey Airport,Tobermorey,AU,-22.2558002472,137.9530029297,Australia/Darwin
YTNG,THG,Thangool Airport,Biloela,AU,-24.4939002991,150.5760040283,Australia/Brisbane
YTNK,TCA,Tennant Creek Airport,Tennant Creek,AU,-19.6343994141,134.1829986572,Australia/Darwin
YTOC,TCW,Tocumwal Airport,Unknown,AU,-35.8116989136,145.608001709,Australia/Sydney
YTRE,TRO,Taree Airport,Taree,AU,-31.8885993958,152.514007568,Australia/Sydney
YTST,TTX,Truscott Mungalalu Airport,Unknown,AU,-14.0896997452,126.3809967041,Australia/Perth
YTWB,TWB,Toowoomba Airport,Unknown,AU,-27.5428009033,151.9160003662,Australia/Brisbane
YUDA,UDA,Undara Airport,Unknown,AU,-18.2000007629,144.6000061035,Australia/Brisbane
YUNY,CZY,Cluny Airport,Unknown,AU,-24.5167007446,139.6170043945,Australia/Brisbane
YUSL,USL,Useless Loop Airport,Unknown,AU,-26.1667003632,113.4000015259,Australia/Perth
YVRD,VCD,Victoria River Downs Airport,Unknown,AU,-16.4021244049,131.0049743652,Australia/Darwin
YVRS,VNR,Vanrook Station Airport,Unknown,AU,-16.963300705,141.9499969482,Australia/Brisbane
YWAL,WLA,Wallal Airport,Wallal,AU,-19.7735996246,120.649002075,Australia/Perth
YWAV,WAV,Wave Hill Airport,Unknown,AU,-17.3932991028,131.1179962158,Australia/Darwin
YWBL,WMB,Warrnambool Airport,Unknown,AU,-38.29529953,142.4470062256,Australia/Melbourne
YWBS,SYU,Warraber Island Airport,Sue Islet,AU,-10.2082996368,142.8249969482,Australia/Brisbane
YWCA,WIO,Wilcannia Airport,Unknown,AU,-31.5263996124,143.375,Australia/Sydney
YWCH,WLC,Walcha Airport,Unknown,AU,-31,151.5670013428,Australia/Sydney
YWCK,WAZ,Warwick Airport,Unknown,AU,-28.1494007111,151.9429931641,Australia/Brisbane
YWDA,WND,Windarra Airport,Unknown,AU,-28.4750003815,122.241996765,Australia/Perth
YWDH,WNR,Windorah Airport,Unknown,AU,-25.4130992889,142.6670074463,Australia/Brisbane
YWDL,WON,Wondoola Airport,Unknown,AU,-18.5750007629,140.891998291,Australia/Brisbane
YWGT,WGT,Wangaratta Airport,Unknown,AU,-36.4157981873,146.3070068359,Australia/Melbourne
YWHA,WYA,Whyalla Airport,Whyalla,AU,-33.0588989258,137.5140075684,Australia/Adelaide
YWHI,WSY,Whitsunday Island Airport,Unknown,AU,-20.2667007446,148.766998291,Australia/Brisbane
YWIT,WIT,Wittenoom Airport,Unknown,AU,-22.2182998657,118.3479995728,Australia/Perth
YWKB,WKB,Warracknabeal Airport,Unknown,AU,-36.3210983276,142.4190063477,Australia/Melbourne
YWLG,WGE,Walgett Airport,Unknown,AU,-30.0328006744,148.1260070801,Australia/Sydney
YWLM,NTL,Newcastle Airport,Williamtown,AU,-32.7949981689,151.8339996338,Australia/Sydney
YWLU,WUN,Wiluna Airport,Unknown,AU,-26.6291999817,120.2210006714,Australia/Perth
YWMP,WPK,Wrotham Park Airport,Unknown,AU,-16.6583003998,144.0019989014,Australia/Brisbane
YWND,WDI,Wondai Airport,Unknown,AU,-26.2833003998,151.858001709,Australia/Brisbane
YWOL,WOL,Wollongong Airport,Unknown,AU,-34.5611000061,150.7890014648,Australia/Sydney
YWOR,WLL,Wollogorang Airport,Unknown,AU,-17.2199993134,137.9230041504,Australia/Darwin
YWRN,QRR,Warren Airport,Unknown,AU,-31.7332992554,147.8029937744,Australia/Sydney
YWSL,SXE,West Sale Airport,West Sale,AU,-38.0917015076,146.964996338,Australia/Melbourne
YWTL,WLO,Waterloo Airport,Unknown,AU,-16.6299991608,129.3200073242,Australia/Darwin
YWTN,WIN,Winton Airport,Unknown,AU,-22.3635997772,143.0859985352,Australia/Brisbane
YWUD,WUD,Wudinna Airport,Unknown,AU,-33.0433006287,135.4470062256,Australia/Adelaide
YWWA,WEW,Wee Waa Airport,Unknown,AU,-30.2583007813,149.4080047607,Australia/Sydney
YWWG,WRW,Warrawagine Airport,Unknown,AU,-20.8464596515,120.705327988,Australia/Perth
YWWI,WWI,Woodie Woodie Airport,Woodie Woodie,AU,-21.6627998352,121.2340011597,Australia/Perth
YWWL,WWY,West Wyalong Airport,West Wyalong,AU,-33.9371986389,147.190994263,Australia/Sydney
YWYM,WYN,Wyndham Airport,Unknown,AU,-15.5114002228,128.1529998779,Australia/Perth
YWYY,BWT,Wynyard Airport,Burnie,AU,-40.9989013672,145.7310028076,Australia/Hobart
YYAL,YLG,Yalgoo Airport,Yalgoo,AU,-28.3553009033,116.683998108,Australia/Perth
YYKI,OKR,Yorke Island Airport,Yorke Island,AU,-9.7570295334,143.4109954834,Australia/Brisbane
YYLR,KYF,Yeelirrie Airport,Unknown,AU,-27.2770600378,120.095672607,Australia/Perth
YYMI,XMY,Yam Island Airport,Yam Island,AU,-9.9011096954,142.7760009766,Australia/Brisbane
YYND,YUE,Yuendumu Airport,Unknown,AU,-22.2541999817,131.7819976807,Australia/Darwin
YYNG,NGA,Young Airport,Unknown,AU,-34.2555999756,148.2480010986,Australia/Sydney
YYOR,ORR,Yorketown Airport,Unknown,AU,-35,137.6170043945,Australia/Adelaide
YYTA,KYI,Yalata Mission Airport,Yalata Mission,AU,-31.4706001282,131.8249969482,Australia/Adelaide
ZBAA,PEK,Beijing Capital International Airport,Beijing,CN,40.0801010132,116.5849990845,Asia/Shanghai
ZBAD,PKX,Beijing Daxing International Airport,Beijing,CN,39.509167,116.410556,Asia/Shanghai
ZBAL,AXF,Alxa Left Banner Bayanhot Airport,Bayanhot,CN,38.74831,105.58858,Asia/Shanghai
ZBAR,RHT,Alxa Right Banner Badanjilin Airport,Badanjilin,CN,39.225,101.546,Asia/Shanghai
ZBCD,CDE,Chengde Puning Airport,Chengde,CN,41.122919,118.071339,Asia/Shanghai
ZBCF,CIF,Chifeng Airport,Chifeng,CN,42.2350006104,118.9079971313,Asia/Shanghai
ZBCZ,CIH,Changzhi Airport,Changzhi,CN,36.2475013733,113.1259994507,Asia/Shanghai
ZBDS,DSN,Ordos Ejin Horo Airport,Ordos,CN,39.49,109.861388889,Asia/Shanghai
ZBDT,DAT,Datong Airport,Datong,CN,40.0602989197,113.4820022583,Asia/Shanghai
ZBEN,EJN,Ejina Banner Taolai Airport,Unknown,CN,42.015556,101.000556,Asia/Shanghai
ZBER,ERL,Erenhot Saiwusu International Airport,Erenhot,CN,43.4225,112.096666667,Asia/Shanghai
ZBES,YIE,Aershan Yiershi Airport,Arxan,CN,47.310556,119.911944,Asia/Shanghai
ZBGS,AEB,Tian Yang Air Base,Baise,CN,23.7206001282,106.959999084,Asia/Shanghai
ZBHD,HDG,Handan Airport,Handan,CN,36.5258333333,114.425555556,Asia/Shanghai
ZBHH,HET,Baita International Airport,Hohhot,CN,40.851398468,111.823997498,Asia/Shanghai
ZBHZ,HUO,Huolinguole Huolinhe Airport,Holingol,CN,45.487222,119.407222,Asia/Shanghai
ZBLA,HLD,Dongshan Airport,Hailar,CN,49.2050018311,119.824996948,Asia/Shanghai
ZBMZ,NZH,Manzhouli Xijiao Airport,Manzhouli,CN,49.566667,117.33,Asia/Shanghai
ZBNY,NAY,Beijing Nanyuan Airport,Beijing,CN,39.7827987671,116.3880004883,Asia/Shanghai
ZBOW,BAV,Baotou Airport,Baotou,CN,40.5600013733,109.9970016479,Asia/Shanghai
ZBSG,SZH,Shuozhou Zirun Airport,Shuozhou,CN,39.273056,112.691111,Asia/Shanghai
ZBSH,SHP,Shanhaiguan Airport,Qinhuangdao,CN,39.9681015015,119.731002808,Asia/Shanghai
ZBSJ,SJW,Shijiazhuang Daguocun International Airport,Shijiazhuang,CN,38.2807006836,114.6969985962,Asia/Shanghai
ZBTJ,TSN,Tianjin Binhai International Airport,Tianjin,CN,39.1244010925,117.346000671,Asia/Shanghai
ZBTL,TGO,Tongliao Airport,Tongliao,CN,43.5567016602,122.1999969482,Asia/Shanghai
ZBTS,TVS,Tangshan Sannühe Airport,Tangshan,CN,39.7178001404,118.002624512,Asia/Shanghai
ZBUC,UCB,Ulanqab Jining Airport,Ulanqab,CN,41.129722,113.108056,Asia/Shanghai
ZBUH,WUA,Wuhai Airport,Wuhai,CN,39.791944,106.803333,Asia/Shanghai
ZBUL,HLH,Ulanhot Airport,Ulanhot,CN,46.195333,122.008333,Asia/Shanghai
ZBXH,XIL,Xilinhot Airport,Xilinhot,CN,43.915599823,115.9639968872,Asia/Shanghai
ZBYC,YCU,Yuncheng Guangong Airport,Yuncheng,CN,35.116391,111.031388889,Asia/Shanghai
ZBYN,TYN,Taiyuan Wusu Airport,Taiyuan,CN,37.7468986511,112.6279983521,Asia/Shanghai
ZBYZ,RLK,Bayannaoer Tianjitai Airport,Bayannur,CN,40.926389,107.738889,Asia/Shanghai
ZBZL,NZL,Zhalantun Chengjisihan Airport,Zalantun,CN,47.865833,122.7675,Asia/Shanghai
ZGBH,BHY,Beihai Airport,Beihai,CN,21.5394001007,109.2939987183,Asia/Shanghai
ZGCD,CGD,Changde Airport,Changde,CN,28.9188995361,111.63999939,Asia/Shanghai
ZGCJ,HJJ,Zhijiang Airport,Huaihua,CN,27.4411111111,109.7,Asia/Shanghai
ZGCZ,HCZ,Chenzhou Beihu Airport,Chenzhou,CN,25.75321388063848,112.8449630582255,Asia/Shanghai
ZGDY,DYG,Dayong Airport,Dayong,CN,29.1028003693,110.4430007935,Asia/Shanghai
ZGFS,FUO,Foshan Shadi Airport,Foshan,CN,23.0832996368,113.069999695,Asia/Shanghai
ZGGG,CAN,Guangzhou Baiyun International Airport,Guangzhou,CN,23.3924007416,113.2990036011,Asia/Shanghai
ZGHA,CSX,Changsha Huanghua Airport,Changsha,CN,28.1891994476,113.2200012207,Asia/Shanghai
ZGHC,HNI,Hechi Jinchengjiang Airport,Hechi,CN,24.802425,107.713141,Asia/Shanghai
ZGHY,HNY,Hengyang Airport,Hengyang,CN,26.9053001404,112.6279983521,Asia/Shanghai
ZGHZ,HUZ,Huizhou Airport,Huizhou,CN,23.0499992371,114.599998474,Asia/Shanghai
ZGKL,KWL,Guilin Liangjiang International Airport,Guilin City,CN,25.2180995941,110.0390014648,Asia/Shanghai
ZGLG,LLF,Lingling Airport,Yongzhou,CN,26.338661,111.610043,Asia/Shanghai
ZGMX,MXZ,Meixian Airport,Meixian,CN,24.3500003815,116.1330032349,Asia/Shanghai
ZGNN,NNG,Nanning Wuxu Airport,Nanning,CN,22.6082992554,108.1719970703,Asia/Shanghai
ZGOW,SWA,Shantou Waisha Airport,Shantou,CN,23.4269008636,116.7620010376,Asia/Shanghai
ZGSD,ZUH,Zhuhai Airport,Zhuhai,CN,22.0063991547,113.3759994507,Asia/Shanghai
ZGSG,HSC,Shaoguan Guitou Airport,Shaoguan,CN,24.97313,113.423695,Asia/Shanghai
ZGSZ,SZX,Shenzhen Bao'an International Airport,Shenzhen,CN,22.6392993927,113.8109970093,Asia/Shanghai
ZGWZ,WUZ,Wuzhou Xijiang Airport,Wuzhou,CN,23.401389,111.098611,Asia/Shanghai
ZGXN,XIN,Xingning Airport,Xingning,CN,24.1492004395,115.7580032349,Asia/Shanghai
ZGYL,YLX,Yulin Fumian Airport,Yulin,CN,22.438056,110.120833,Asia/Shanghai
ZGYY,YYA,Yueyang Sanhe Airport,Yueyang,CN,29.314,113.278,Asia/Shanghai
ZGZH,LZH,Bailian Airport,Liuzhou,CN,24.2075004578,109.3909988403,Asia/Shanghai
ZGZJ,ZHA,Zhanjiang Airport,Zhanjiang,CN,21.2143993378,110.358001709,Asia/Shanghai
ZHAY,AYN,Anyang Airport,Anyang,CN,36.1338996887,114.34400177,Asia/Shanghai
ZHCC,CGO,Xinzheng Airport,Zhengzhou,CN,34.5196990967,113.841003418,Asia/Shanghai
ZHEC,EHU,Ezhou Huahu Airport,Ezhou,CN,30.342856,115.029611,Asia/Shanghai
ZHES,ENH,Enshi Airport,Enshi,CN,30.3202991486,109.48500061,Asia/Shanghai
ZHGH,LHK,Guangzhou MR Air Base,Guanghua,CN,32.3894004822,111.6949996948,Asia/Shanghai
ZHHH,WUH,Wuhan Tianhe International Airport,Wuhan,CN,30.7838001251,114.2080001831,Asia/Shanghai
ZHLY,LYA,Luoyang Airport,Luoyang,CN,34.7411003113,112.388000488,Asia/Shanghai
ZHNY,NNY,Nanyang Airport,Nanyang,CN,32.9808006287,112.6149978638,Asia/Shanghai
ZHSS,SHS,Shashi Airport,Shashi,CN,30.3243999481,112.28099823,Asia/Shanghai
ZHXF,XFN,Xiangfan Airport,Xiangfan,CN,32.1506004333,112.2910003662,Asia/Shanghai
ZHXY,XAI,Xinyang Minggang Airport,Xinyang,CN,32.541389,114.077778,Asia/Shanghai
ZHYC,YIH,Yichang Airport,Yichang,CN,30.556549722,111.479988333,Asia/Shanghai
ZJHK,HAK,Haikou Meilan International Airport,Haikou,CN,19.9349002838,110.4589996338,Asia/Shanghai
ZJQH,BAR,Qionghai Boao Airport,Qionghai,CN,19.140556,110.458889,Asia/Shanghai
ZJSY,SYX,Sanya Phoenix International Airport,Sanya,CN,18.3029003143,109.4120025635,Asia/Shanghai
ZKHM,RGO,Orang Airport,Unknown,KP,41.4281005859,129.647003174,Asia/Pyongyang
ZKPY,FNJ,Pyongyang International Airport,Pyongyang,KP,39.2240982056,125.6699981689,Asia/Pyongyang
ZKSD,DSO,Sondok Airport,Unknown,KP,39.7452011108,127.473999023,Asia/Pyongyang
ZKSE,YJS,Samjiyon Airport,Samjiyon,KP,41.9058990479,128.410003662,Asia/Pyongyang
ZLAK,AKA,Ankang Airport,Ankang,CN,32.7080993652,108.9309997559,Asia/Shanghai
ZLDH,DNH,Dunhuang Airport,Dunhuang,CN,40.1610984802,94.8091964722,Asia/Shanghai
ZLDL,HXD,Delingha Airport,Delingha,CN,37.125,97.268611,Asia/Shanghai
ZLGM,GOQ,Golmud Airport,Golmud,CN,36.4006004333,94.7861022949,Asia/Shanghai
ZLGY,GYU,Guyuan Liupanshan Airport,Guyuan,CN,36.0788888889,106.216944444,Asia/Shanghai
ZLHB,HBQ,Haibei Qilian Airport,Haibei,CN,38.012,100.644,Asia/Shanghai
ZLHZ,HZG,Hanzhong Airport,Hanzhong,CN,33.0635986328,107.0080032349,Asia/Shanghai
ZLIC,INC,Yinchuan Airport,Yinchuan,CN,38.4818992615,106.0090026855,Asia/Shanghai
ZLJC,JIC,Jinchuan Airport,Jinchang,CN,38.5422222222,102.348333333,Asia/Shanghai
ZLJQ,JGN,Jiayuguan Airport,Jiayuguan,CN,39.8568992615,98.3414001465,Asia/Shanghai
ZLLL,LHW,Lanzhou Zhongchuan Airport,Lanzhou,CN,36.5152015686,103.620002747,Asia/Shanghai
ZLLN,LNL,Longnan Chengxian Airport,Longnan,CN,33.788,105.797,Asia/Shanghai
ZLQY,IQN,Qingyang Airport,Qingyang,CN,35.7997016907,107.6029968262,Asia/Shanghai
ZLSN,SIA,Xiguan Airport,Xi'an,CN,34.376701355,109.1200027466,Asia/Shanghai
ZLTS,THQ,Tianshui Maijishan Airport,Tianshui,CN,34.5593986511,105.86000061,Asia/Shanghai
ZLXN,XNN,Xining Caojiabu Airport,Xining,CN,36.5275001526,102.0429992676,Asia/Shanghai
ZLXY,XIY,Xi'an Xianyang International Airport,Xianyang,CN,34.447101593,108.7519989014,Asia/Shanghai
ZLYA,ENY,Yan'an Airport,Yan'an,CN,36.6369018555,109.5540008545,Asia/Shanghai
ZLYL,UYN,Yulin Airport,Yulin,CN,38.2691993713,109.7310028076,Asia/Shanghai
ZLZW,ZHY,Zhongwei Shapotou Airport,Zhongwei,CN,37.572778,105.154444,Asia/Shanghai
ZMAH,AVK,Arvaikheer Airport,Arvaikheer,MN,46.2503013611,102.8020019531,Asia/Ulaanbaatar
ZMAT,LTI,Altai Airport,Altai,MN,46.3763999939,96.2210998535,Asia/Hovd
ZMBH,BYN,Bayankhongor Airport,Bayankhongor,MN,46.1632995605,100.7040023804,Asia/Ulaanbaatar
ZMBN,UGA,Bulgan Airport,Bulgan,MN,48.8549995422,103.4759979248,Asia/Ulaanbaatar
ZMBR,UGT,Bulagtai Resort Airport,Umnugobitour,MN,43.749304182,104.114985466,Asia/Ulaanbaatar
ZMBS,HBU,Bulgan Sum Airport,Unknown,MN,46.1006011963,91.584197998,Asia/Hovd
ZMBU,UUN,Baruun Urt Airport,Unknown,MN,46.6603012085,113.2850036621,Asia/Choibalsan
ZMCD,COQ,Choibalsan Airport,Unknown,MN,48.1357002258,114.6460037231,Asia/Choibalsan
ZMCK,UBN,Chinggis Khaan International Airport,Ulaanbaatar,MN,47.651581,106.821772,Asia/Ulaanbaatar
ZMDZ,DLZ,Dalanzadgad Airport,Dalanzadgad,MN,43.5917015076,104.4300003052,Asia/Ulaanbaatar
ZMHH,KHR,Kharkhorin Airport,Unknown,MN,47.246667,102.826111,Asia/Ulaanbaatar
ZMHU,HJT,Khujirt Airport,Unknown,MN,46.9258003235,102.7730026245,Asia/Ulaanbaatar
ZMKD,HVD,Khovd Airport,Khovd,MN,47.9541015625,91.6281967163,Asia/Hovd
ZMMN,MXV,Moron Airport,Moron,MN,49.6632995605,100.0989990234,Asia/Ulaanbaatar
ZMTL,TNZ,Tosontsengel Airport,Tosontsengel,MN,48.738981,98.293596,Asia/Ulaanbaatar
ZMUB,ULN,Chinggis Khaan International Airport,Ulan Bator,MN,47.8431015015,106.766998291,Asia/Ulaanbaatar
ZMUG,ULO,Ulaangom Airport,Unknown,MN,49.973333,92.079722,Asia/Hovd
ZMUL,ULG,Ulgii Mongolei Airport,Unknown,MN,48.9933013916,89.9225006104,Asia/Hovd
ZPBS,BSD,Baoshan Yunduan Airport,Unknown,CN,25.0533008575,99.168296814,Asia/Shanghai
ZPDL,DLU,Dali Airport,Xiaguan,CN,25.6494007111,100.3190002441,Asia/Shanghai
ZPDQ,DIG,Diqing Airport,Shangri-La,CN,27.7936000824,99.6772003174,Asia/Shanghai
ZPJH,JHG,Xishuangbanna Gasa Airport,Jinghong,CN,21.9738998413,100.7600021362,Asia/Shanghai
ZPLC,LNJ,Lincang Airport,Lincang,CN,23.738333,100.025,Asia/Shanghai
ZPLJ,LJG,Lijiang Airport,Lijiang,CN,26.6800003052,100.246002197,Asia/Shanghai
ZPLX,LUM,Mangshi Airport,Luxi,CN,24.4011001587,98.5317001343,Asia/Shanghai
ZPPP,KMG,Kunming Wujiaba International Airport,Kunming,CN,24.9923992157,102.7440032959,Asia/Shanghai
ZPSM,SYM,Simao Airport,Simao,CN,22.7933006287,100.9589996338,Asia/Shanghai
ZPZT,ZAT,Zhaotong Airport,Zhaotong,CN,27.3255996704,103.7549972534,Asia/Shanghai
ZSAM,XMN,Xiamen Gaoqi International Airport,Xiamen,CN,24.5440006256,118.1279983521,Asia/Shanghai
ZSAQ,AQG,Anqing Airport,Anqing,CN,30.5821990967,117.0500030518,Asia/Shanghai
ZSBB,BFU,Bengbu Airport,Bengbu,CN,32.8477333333,117.320244444,Asia/Shanghai
ZSCG,CZX,Changzhou Airport,Changzhou,CN,31.9197006226,119.7789993286,Asia/Shanghai
ZSCN,KHN,Nanchang Changbei International Airport,Nanchang,CN,28.8649997711,115.9000015259,Asia/Shanghai
ZSDY,DOY,Dongying Shengli Airport,Dongying,CN,37.5085983276,118.788002014,Asia/Shanghai
ZSFY,FUG,Fuyang Xiguan Airport,Fuyang,CN,32.882157,115.734364,Asia/Shanghai
ZSFZ,FOC,Fuzhou Changle International Airport,Fuzhou,CN,25.9351005554,119.6630020142,Asia/Shanghai
ZSGS,JGS,Jinggangshan Airport,Ji'an,CN,26.8568992615,114.736999512,Asia/Shanghai
ZSGZ,KOW,Ganzhou Airport,Ganzhou,CN,25.825799942,114.912002563,Asia/Shanghai
ZSHC,HGH,Hangzhou Xiaoshan International Airport,Hangzhou,CN,30.2294998169,120.4339981079,Asia/Shanghai
ZSJD,JDZ,Jingdezhen Airport,Jingdezhen,CN,29.3386001587,117.176002502,Asia/Shanghai
ZSJG,JNG,Jining Da'an Airport,Jining,CN,35.64745649849834,116.74408951599126,Asia/Shanghai
ZSJJ,JIU,Jiujiang Lushan Airport,Jiujiang,CN,29.476944,115.801111,Asia/Shanghai
ZSJN,TNA,Yaoqiang Airport,Jinan,CN,36.8572006226,117.216003418,Asia/Shanghai
ZSJU,JUZ,Quzhou Airport,Quzhou,CN,28.9657993317,118.8990020752,Asia/Shanghai
ZSLD,LCX,Longyan Guanzhishan Airport,Longyan,CN,25.6746997833,116.747001648,Asia/Shanghai
ZSLG,LYG,Lianyungang Airport,Lianyungang,CN,34.571667,118.873611,Asia/Shanghai
ZSLQ,HYN,Huangyan Luqiao Airport,Huangyan,CN,28.5622005463,121.4290008545,Asia/Shanghai
ZSLY,LYI,Shubuling Airport,Linyi,CN,35.0461006165,118.4120025635,Asia/Shanghai
ZSNB,NGB,Ningbo Lishe International Airport,Ningbo,CN,29.8267002106,121.4619979858,Asia/Shanghai
ZSNJ,NKG,Nanjing Lukou Airport,Nanjing,CN,31.7420005798,118.8619995117,Asia/Shanghai
ZSNT,NTG,Nantong Airport,Nantong,CN,32.0708007812,120.975997925,Asia/Shanghai
ZSOF,HFE,Hefei Xinqiao International Airport,Hefei,CN,31.98898,116.9638,Asia/Shanghai
ZSPD,PVG,Shanghai Pudong International Airport,Shanghai,CN,31.1434001923,121.8050003052,Asia/Shanghai
ZSQD,TAO,Qingdao Jiaodong International Airport,Qingdao,CN,36.361944,120.088333,Asia/Shanghai
ZSQZ,JJN,Quanzhou Airport,Quanzhou,CN,24.7964000702,118.5899963379,Asia/Shanghai
ZSRG,RUG,Rugao Air Base,Rugao,CN,32.2578849792,120.5016555786,Asia/Shanghai
ZSSH,HIA,Lianshui Airport,Huai'an,CN,33.7908333333,119.125,Asia/Shanghai
ZSSM,SQJ,Sanming Shaxian Airport,Sanming,CN,26.428056,117.845,Asia/Shanghai
ZSSS,SHA,Shanghai Hongqiao International Airport,Shanghai,CN,31.1979007721,121.3359985352,Asia/Shanghai
ZSSZ,SZV,Guangfu Airport,Suzhou,CN,31.2630996704,120.4010009766,Asia/Shanghai
ZSTX,TXN,Tunxi International Airport,Huangshan,CN,29.7332992554,118.2559967041,Asia/Shanghai
ZSWA,WHA,Wuhu Xuanzhou Airport,Wuhu,CN,31.104444,118.667222,Asia/Shanghai
ZSWF,WEF,Weifang Airport,Weifang,CN,36.6467018127,119.1190032959,Asia/Shanghai
ZSWH,WEH,Weihai Airport,Weihai,CN,37.1870994568,122.2289962769,Asia/Shanghai
ZSWU,WHU,Wuhu Air Base,Wuhu,CN,31.3906002045,118.408996582,Asia/Shanghai
ZSWX,WUX,Sunan Shuofang International Airport,Wuxi,CN,31.4944000244,120.429000854,Asia/Shanghai
ZSWY,WUS,Nanping Wuyishan Airport,Wuyishan,CN,27.7019004822,118.0009994507,Asia/Shanghai
ZSWZ,WNZ,Wenzhou Yongqiang Airport,Wenzhou,CN,27.9122009277,120.8519973755,Asia/Shanghai
ZSXZ,XUZ,Xuzhou Guanyin Airport,Xuzhou,CN,34.059056,117.555278,Asia/Shanghai
ZSYA,YTY,Yangzhou Taizhou Airport,Yangzhou,CN,32.5634,119.7198,Asia/Shanghai
ZSYH,YHJ,Nanchang Yaohu Airport,Nanchang,CN,28.700972,116.107694,Asia/Shanghai
ZSYN,YNZ,Yancheng Airport,Yancheng,CN,33.425833,120.203056,Asia/Shanghai
ZSYT,YNT,Yantai Laishan Airport,Yantai,CN,37.4016990662,121.3720016479,Asia/Shanghai
ZSYW,YIW,Yiwu Airport,Yiwu,CN,29.3446998596,120.031997681,Asia/Shanghai
ZSZS,HSN,Zhoushan Airport,Zhoushan,CN,29.9342002869,122.361999512,Asia/Shanghai
ZUAL,NGQ,Ngari Gunsa Airport,Shiquanhe,CN,32.1,80.0530555556,Asia/Shanghai
ZUAS,AVA,Anshun Huangguoshu Airport,Anshun,CN,26.2605555556,105.873333333,Asia/Shanghai
ZUBD,BPX,Qamdo Bangda Airport,Bangda,CN,30.5536003113,97.1082992554,Asia/Shanghai
ZUBJ,BFJ,Bijie Feixiong Airport,Bijie,CN,27.266667,105.479167,Asia/Shanghai
ZUBZ,BZX,Bazhong Enyang Airport,Bazhong,CN,31.738,106.645,Asia/Shanghai
ZUCK,CKG,Chongqing Jiangbei International Airport,Chongqing,CN,29.7192001343,106.641998291,Asia/Shanghai
ZUDA,DZH,Dazhou Jinya Airport,Dazhou,CN,31.047313,107.435342,Asia/Shanghai
ZUDC,DCY,Daocheng Yading Airport,Daocheng County,CN,29.323056,100.053333,Asia/Shanghai
ZUDR,DDR,Rikaze Dingri Airport,Unknown,CN,28.6025,86.8103,Asia/Shanghai
ZUDX,DAX,Dachuan Airport,Dazhou,CN,31.1302,107.4295,Asia/Shanghai
ZUGU,GYS,Guangyuan Airport,Guangyuan,CN,32.3911018372,105.702003479,Asia/Shanghai
ZUGY,KWE,Longdongbao Airport,Guiyang,CN,26.5384998322,106.8010025024,Asia/Shanghai
ZUGZ,GZG,Garze Gesar Airport,Garze,CN,31.7575,99.554167,Asia/Shanghai
ZUHY,AHJ,Ngawa Hongyuan Airport,Hongyuan,CN,32.529167,102.356944,Asia/Shanghai
ZUJZ,JZH,Jiuzhai Huanglong Airport,Jiuzhaigou,CN,32.8533333333,103.682222222,Asia/Shanghai
ZUKJ,KJH,Kaili Huangping Airport,Kaili,CN,26.97482,107.98695,Asia/Shanghai
ZULA,LZG,Langzhong Gucheng Airport,Langzhong,CN,31.50366,106.03535,Asia/Shanghai
ZULB,LLB,Qiannan Libo Airport,Unknown,CN,25.4525,107.961667,Asia/Shanghai
ZULP,LIA,Liangping Airport,Liangping,CN,30.6793994904,107.7860031128,Asia/Shanghai
ZULS,LXA,Lhasa Gonggar Airport,Lhasa,CN,29.2978000641,90.9119033813,Asia/Shanghai
ZULZ,LZO,Luzhou Airport,Luzhou,CN,28.8521995544,105.3929977417,Asia/Shanghai
ZUMT,WMT,Zunyi Maotai Airport,Zunyi,CN,27.968056,106.438889,Asia/Shanghai
ZUMY,MIG,Mianyang Airport,Mianyang,CN,31.4281005859,104.7409973145,Asia/Shanghai
ZUNC,NAO,Nanchong Airport,Nanchong,CN,30.79545,106.1626,Asia/Shanghai
ZUNP,HZH,Qiandongnan Liping Airport,Unknown,CN,26.322778,109.151667,Asia/Shanghai
ZUNZ,LZY,Nyingchi Airport,Nyingchi,CN,29.3033008575,94.3352966309,Asia/Shanghai
ZUPL,APJ,Ali Pulan Airport,Burang,CN,30.390976,81.138039,Asia/Shanghai
ZUPS,LPF,Liupanshui Yuezhao Airport,Liupanshui,CN,26.609417,104.979,Asia/Shanghai
ZUQJ,JIQ,Qianjiang Wulingshan Airport,Chongqing,CN,29.514559,108.83371499999998,Asia/Shanghai
ZUTC,TCZ,Tengchong Tuofeng Airport,Tengchong,CN,24.9380555556,98.4858333333,Asia/Shanghai
ZUTF,TFU,Chengdu Tianfu International Airport,Chengdu,CN,30.319,104.445,Asia/Shanghai
ZUTR,TEN,Tongren Fenghuang Airport,Unknown,CN,27.883333,109.308889,Asia/Shanghai
ZUUU,CTU,Chengdu Shuangliu International Airport,Chengdu,CN,30.5785007477,103.9469985962,Asia/Shanghai
ZUWL,CQW,Wulong Chongqing Xiannvshan Airport,Wulong,CN,29.465833,107.692222,Asia/Shanghai
ZUWS,WSK,Wushan Chongqing Airport,Wushan,CN,31.064,109.706,Asia/Shanghai
ZUWX,WXN,Wanxian Airport,Wanxian,CN,30.8017,108.433,Asia/Shanghai
ZUXC,XIC,Xichang Qingshan Airport,Xichang,CN,27.9890995026,102.1839981079,Asia/Shanghai
ZUYB,YBP,Yibin Wuliangye Airport,Yibin,CN,28.858,104.525,Asia/Shanghai
ZUYI,ACX,Xingyi Airport,Xingyi,CN,25.0863888889,104.959444444,Asia/Shanghai
ZUZH,PZI,Panzhihua Baoanying Airport,Panzhihua,CN,26.539128,101.798105,Asia/Shanghai
ZUZY,ZYI,Zunyi Xinzhou Airport,Zunyi,CN,27.5895,107.0007,Asia/Shanghai
ZWAK,AKU,Aksu Airport,Aksu,CN,41.2625007629,80.2917022705,Asia/Shanghai
ZWAL,ACF,Aral Talim Airport,Aral,CN,40.43579916378331,81.26411705534605,Asia/Shanghai
ZWAT,AAT,Altay Air Base,Altay,CN,47.7498855591,88.0858078003,Asia/Shanghai
ZWBL,BPL,Alashankou Bole (Bortala) airport,Bole,CN,44.895,82.3,Asia/Shanghai
ZWCM,IQM,Qiemo Airport,Qiemo,CN,38.1493988037,85.5327987671,Asia/Shanghai
ZWHM,HMI,Hami Airport,Hami,CN,42.8414001465,93.6691970825,Asia/Shanghai
ZWKC,KCA,Kuqa Airport,Kuqa,CN,41.7181015015,82.9869003296,Asia/Shanghai
ZWKL,KRL,Korla Airport,Korla,CN,41.6977996826,86.1288986206,Asia/Shanghai
ZWKM,KRY,Karamay Airport,Karamay,CN,45.46655,84.9527,Asia/Shanghai
ZWRQ,RQA,Ruoqiang Loulan Airport,Ruoqiang,CN,38.974722,88.008333,Asia/Shanghai
ZWSH,KHG,Kashgar Airport,Kashgar,CN,39.5429000854,76.0199966431,Asia/Shanghai
ZWSS,SXJ,Shanshan Airport,Shanshan,CN,42.9117012024,90.2474975586,Asia/Shanghai
ZWTC,TCG,Tacheng Airport,Tacheng,CN,46.6725006104,83.3407974243,Asia/Shanghai
ZWTK,HQL,Tashkurgan Khunjerab Airport,Tashkurgan,CN,37.66271,75.29227,Asia/Shanghai
ZWTN,HTN,Hotan Airport,Hotan,CN,37.0385017395,79.8648986816,Asia/Shanghai
ZWTP,TLQ,Turpan Jiaohe Airport,Turpan,CN,43.030556,89.100556,Asia/Shanghai
ZWTS,TWC,Tumxuk Tangwangcheng Airport,Tumxuk,CN,39.888139,79.231911,Asia/Shanghai
ZWWW,URC,Urumqi Diwopu International Airport,Urumqi,CN,43.9071006775,87.4741973877,Asia/Shanghai
ZWYN,YIN,Yining Airport,Yining,CN,43.9557991028,81.3302993774,Asia/Shanghai
ZWYT,YTW,Yutian Wanfang Airport,Yutian,CN,36.810833,81.780833,Asia/Shanghai
ZWZS,ZFL,Zhaosu Tianma Airport,Zhaosu,CN,43.089812,81.229123,Asia/Shanghai
ZYAS,AOG,Anshan Air Base,Anshan,CN,41.1053009033,122.8539962769,Asia/Shanghai
ZYBS,NBS,Baishan Changbaishan Airport,Baishan,CN,42.066389,127.606667,Asia/Shanghai
ZYCC,CGQ,Longjia Airport,Changchun,CN,43.9962005615,125.684997559,Asia/Shanghai
ZYCH,CNI,Changhai Airport,Changhai,CN,39.2666666667,122.666944444,Asia/Shanghai
ZYCY,CHG,Chaoyang Airport,Chaoyang,CN,41.5381011963,120.4349975586,Asia/Shanghai
ZYDD,DDG,Dandong Airport,Dandong,CN,40.0247001648,124.286003113,Asia/Shanghai
ZYDQ,DQA,Saertu Airport,Daqing Shi,CN,46.7463888889,125.140555556,Asia/Shanghai
ZYHB,HRB,Taiping Airport,Harbin,CN,45.6234016418,126.25,Asia/Shanghai
ZYHE,HEK,Heihe Airport,Heihe,CN,50.1716209371,127.308883667,Asia/Shanghai
ZYJL,JIL,Jilin Airport,Jilin,CN,44.0022010803,126.3960037231,Asia/Shanghai
ZYJM,JMU,Jiamusi Airport,Jiamusi,CN,46.8433990479,130.464996338,Asia/Shanghai
ZYJX,JXA,Jixi Xingkaihu Airport,Jixi,CN,45.299722,131.179444,Asia/Shanghai
ZYJZ,JNZ,Jinzhou Airport,Jinzhou,CN,41.101398468,121.06199646,Asia/Shanghai
ZYLD,LDS,Lindu Airport,Yichun,CN,47.7520555556,129.019125,Asia/Shanghai
ZYLS,YUS,Yushu Batang Airport,Yushu,CN,32.8363888889,97.0363888889,Asia/Shanghai
ZYMD,MDG,Mudanjiang Hailang International Airport,Mudanjiang,CN,44.5241012573,129.569000244,Asia/Shanghai
ZYMH,OHE,Gu-Lian Airport,Mohe,CN,52.9127777778,122.43,Asia/Shanghai
ZYQQ,NDG,Qiqihar Sanjiazi Airport,Qiqihar,CN,47.2396011353,123.9179992676,Asia/Shanghai
ZYSQ,YSQ,Songyuan Chaganhu Airport,Songyuan,CN,44.938114,124.550178,Asia/Shanghai
ZYTL,DLC,Zhoushuizi Airport,Dalian,CN,38.9656982422,121.5390014648,Asia/Shanghai
ZYTN,TNH,Tonghua Sanyuanpu Airport,Tonghua,CN,42.2538888889,125.703333333,Asia/Shanghai
ZYTX,SHE,Taoxian Airport,Shenyang,CN,41.6398010254,123.483001709,Asia/Shanghai
ZYXC,XEN,Xingcheng Air Base,Unknown,CN,40.5802993774,120.697998047,Asia/Shanghai
ZYYJ,YNJ,Yanji Chaoyangchuan Airport,Yanji,CN,42.8828010559,129.451004028,Asia/Shanghai
ZYYK,YKH,Yingkou Lanqi Airport,Yingkou,CN,40.542524,122.3586,Asia/Shanghai
